Sample	1	2	3	4	5	6	7	8	9	10	12	14	16	18	20	22	24	26	28	30	32	34	36	38	40	42	44	46	48	50	52	54	56	58	60	62	64	66	68	70	72	74	76	78	80	82	84	86	88	90	92	94	96	98	100	102	104	106	108	110	112	114	116	118	120	122	124	126	128	130	132	134	136	138
CV_GBM_C009_R1 - illumina_small_rna_3'_adapter	11.990459626691408	12.013125577020224	12.023435157825059	12.033412393317155	12.049419977207988	12.087151484368768	12.266081616674292	13.033808457248474	16.12044377496601	19.248002260864943	21.814693650966827	25.813575595494036	27.99063107103205	30.84535697553847	33.664973462799786	36.71171932086038	40.909982094609774	45.08694955594082	48.90412341975534	51.75919198373938	55.60007123649876	59.6293914275996	64.14072692400433	65.59270921481243	67.00586096689108	69.71588372223084	71.52333339139827	75.35548686067077	77.28436175489327	78.83267490760801	80.74636391307497	81.4356343394763	82.342914122888	83.39672610070475	84.42094330143124	85.60307609653324	88.18709986770365	89.41483273175012	89.8762517958107	90.98504858659268	91.65072822588112	91.8273216268326	91.99053297186387	92.23782424296321	92.49169709727312	92.77327609048228	92.9386327818082	93.05004066072999	93.16647497600238	93.33905731283458	93.45708344755316	93.61644417102994	93.86143882141641	93.95326239327132	94.07595396856976	94.18992663649124	94.28559739184567	94.38581783992967	94.48967918821563	94.6387841937486	94.83776277054054	94.98452989870114	95.09780005739259	95.43431229274259	95.51849765249608	95.57232842501327	95.6480160589255	95.70589915222149	95.75598015279633	95.78806178964055	95.8317503000276	95.87176925975467	95.90471499441202	95.94021061983088
CV_GBM_C009_R1 - polyg	0	0	0.00014898238157275888	0.00018794700444563426	0.0002016992242831197	0.0002039912609227006	0.0002085753342018624	0.00022003551739976695	0.00023378773723725237	0.0002509780120341092	0.00026473023187159465	0.0002716063417903373	0.0002738983784299182	0.00027848245170908006	0.0002922346715465655	0.0003621417890537831	0.0004973719507890566	0.0006280180392451682	0.0007311596880263089	0.0015620229698743871	0.0021040896351352716	0.0021602445328050036	0.0022037932289570407	0.0022255675770330597	0.0022484879434288684	0.0035755771577462127	1.7537678790318072	1.7548428442157706	1.755485760493173	1.7616685293284424	1.8086724707146478	1.8364347645115715	1.848677678221893	1.8517650515754085	1.8529271141516759	1.8549922391639384	1.873697550179558	1.9138058993355844	2.5908700846128245	10.448811716524576	12.235112763618595	12.340223271873136	13.152252888653777	17.12208785284758	20.434246969698357	23.8171555275214	27.03301472496019	29.19171786312507	32.12134064890308	35.10318863553225	38.8014974792181	42.246530544138665	46.99084927292014	50.27150090810491	52.73296375006532	57.079823843232035	61.07994463356293	64.98886757804155	66.82665120611551	68.5809852181973	70.68704600484261	72.91025049210026	76.37108944168739	78.80334256871296	80.7423998357068	82.35781809113688	83.25057209234524	83.9830600156042	85.03642275423957	86.41658636898306	87.8643020335866	90.49082704016473	91.92966564686316	92.71369345201805
CV_GBM_C009_R2 - illumina_small_rna_5'_adapter	11.58672883281243	11.609216004283358	11.619463700098924	11.62917505934083	11.644678395170954	11.681575600994927	11.855949164460963	12.601408869081618	15.608315692291331	18.618830181171745	21.07881809755458	24.924283715629763	27.026645155138795	29.802276313268234	32.54264448769772	35.50798178839368	39.59457309900773	43.61999797383961	47.293354560648666	50.045483175075844	53.79317165612483	57.69085330690463	62.03114671509893	63.37923327707148	64.75690659400604	67.40703270186197	69.17314663625288	72.90538564433277	74.80988014482006	76.32933197216917	78.20292065060835	78.85502684891719	79.74432904294635	81.02573109092693	82.24109497924789	83.38042742816069	85.90721560638579	87.16353818945608	87.70372653069083	88.81094525424646	89.4594495169762	89.63083082660927	89.78894812020907	90.02763050169014	90.27274892205517	90.54618660112052	90.70588081592837	90.81430790120038	90.92720101986463	91.09002157264885	91.20226489892576	91.35323562228336	91.58545560645913	91.67423993772994	91.79317257293948	91.9033954689186	91.99514798763767	92.09206675694236	92.19293012130375	92.33661904425739	92.52790210803194	92.66932306073072	92.77792892486062	93.09433426878988	93.1758173173453	93.22812273947886	93.3018128634597	93.35821873914148	93.40687867699978	93.43799995049201	93.48048170358831	93.51949789728559	93.55145347211462	93.58572973404122
CV_GBM_C009_R2 - polyg	0.07315722546214334	0.07758773228645324	0.07868790987345207	0.07894232594044555	0.07931134383941808	0.07960701656592402	0.08033130014403159	0.08058342417438548	0.08102807928246418	0.08148992466533973	0.08185665052767269	0.08210877455802658	0.0823104737823097	0.08248810662187722	0.08261416863705416	0.08275054481710922	0.08281013776973833	0.08286285461244869	0.08291327941851948	0.08296599626122983	0.08300152282914333	0.08303704939705683	0.08307372198329013	0.08314477511911714	0.08317571761375149	0.08321353621830457	0.08327885926253263	0.0833281380502836	0.08336251859987734	0.08338887702123252	0.08344159386394287	0.08349889477993239	0.08357453198903855	0.08389197906362053	0.25509794789375584	11.79904133275513	11.832744585521846	11.929886828398883	13.05231092302149	17.625160098759274	20.429016542086835	24.17872201537865	26.869929441944088	29.320281636294126	32.42611161484983	34.84129365298382	38.95086836100127	42.50664805227311	47.07215812669095	50.047614769150655	53.317945363347405	57.57437200488113	62.11097491320057	64.50957750430214	65.74007571055428	68.08153209813952	70.28173828975561	73.16419783760095	76.131162484311	77.9521145413222	79.93908225019322	81.00653069999716	81.79900924424217	82.95005400038323	84.42472630790488	85.21836691472615	87.62737649818975	89.63266789397588	90.30952464993725	91.23237194620498	92.1694344537114	92.38415015407071	92.55826013332319	92.7970192980317
CV_GBM_C010_R1 - illumina_small_rna_3'_adapter	28.400163746031286	28.446262313023745	28.467339444833556	28.48772728090831	28.516677701780797	28.587440291352543	28.884261246657715	30.05223712845524	33.96334197633597	37.56868034203876	40.23967450944801	44.30299755568073	46.49785048230916	49.28005613420231	51.898504266549125	54.54955353421708	58.450848682609056	61.500331308718586	64.34384088093016	66.41852147851893	69.27890092560929	72.033740260347	74.89655138961382	76.16752847780653	77.35591006630898	79.5230775573861	80.89961901092956	83.98424550773842	85.1375457727471	86.10235811900384	87.27892339154437	87.7805047508432	88.40596148904729	89.09205710483282	89.86527204268833	90.56901107634422	91.89591430164833	92.53278909605629	92.84547917095082	93.54117386808386	93.97172202541128	94.09805461596463	94.21842224546256	94.37478515353999	94.53793634813417	94.73149697290671	94.84185832598403	94.91184609609063	94.98630280021285	95.08475593123023	95.15938878870699	95.24597837423985	95.36887725085373	95.42737037634143	95.49129106750593	95.56543503560022	95.63729283950656	95.70665258461008	95.77453672625117	95.88168902473971	95.99489691390811	96.0642375119079	96.12274212565785	96.31630019748323	96.36639795621261	96.39732818761303	96.43602831371585	96.4705237358348	96.50427625032822	96.52883177265291	96.56368971326957	96.59598321845709	96.62100465363974	96.65681739649682
CV_GBM_C010_R1 - polyg	0	0	0.00010977672817609923	0.00015828272434693377	0.0001684945130144779	0.00017360040734824996	0.00018125924884890803	0.00018381219601579406	0.00019657693185022422	0.00021189461485154038	0.00022082992993564148	0.00022721229785285655	0.0002323181921866286	0.00023742408652040068	0.00024763587518794475	0.0003484772882799429	0.0005986661106347737	0.0008667255631578067	0.0010199023931709685	0.002177663933353782	0.003029071813510273	0.0031043837549334105	0.0031452309096035875	0.0031720368548558905	0.0031962898529413076	0.004790605358661633	2.9841271786372445	2.986546096077869	2.9878532050273146	2.9940632490107646	3.028270188099871	3.046703743118371	3.0601654335293613	3.066551630867327	3.0691849958699695	3.077639080413113	3.110126609585321	3.2465165355026233	5.264123446228487	24.566191090903686	28.772327278125594	28.969506705507207	30.254920709928655	35.52917042109459	39.122895430135216	42.64087194378716	45.79147425422988	48.03146456324244	50.887518041358504	53.58830127278458	56.997994532353054	60.0453633182084	63.552844666057275	65.91393019451033	67.79525440309989	71.0238084023363	73.71400328538772	76.19943393502469	77.664706896774	79.1500192173098	80.88483234093894	82.74819528973589	85.35994831813755	86.82891411796378	88.04355404455123	88.99437879328059	89.63150250003733	90.18776926412447	90.95000397621521	91.89223805772801	92.91758588720595	94.17965191331263	94.86182364930266	95.36906744541767
CV_GBM_C010_R2 - illumina_small_rna_5'_adapter	27.39791498251933	27.443150653369386	27.463908666783336	27.48379357226621	27.51179429679262	27.580984270909564	27.86968430127687	29.00403276299217	32.8134333016385	36.28452238762341	38.84588279189792	42.75783649471163	44.88223701484909	47.58615526539609	50.127884782430826	52.70721665828662	56.50658794398783	59.44470846173062	62.184006730589914	64.18268992044123	66.97287225575731	69.64119859337717	72.39552861515509	73.58468374664909	74.74123263692763	76.86076979271218	78.20668098614732	81.21141555431566	82.3540815179007	83.30028160283725	84.45684964021953	84.93125870634763	85.54669767986886	86.37453675178065	87.29371133800853	87.97260891925706	89.2690388907036	89.92268144210368	90.2904436932823	90.98563035392911	91.40492639661846	91.52726490132923	91.64356185656956	91.7951048003959	91.95269950548138	92.14166865477428	92.24867671174789	92.31694124251683	92.38928793580564	92.48217564199919	92.55354200357591	92.63557330194229	92.75212299895213	92.80866056690999	92.87034615282988	92.9421669390023	93.0112305422345	93.07806797553715	93.14396081838805	93.24766791467488	93.35692001220819	93.42369745125242	93.48011503069344	93.66170360972689	93.70992367581502	93.73996803454853	93.777599752262	93.81121568408199	93.84391638434262	93.86784515813784	93.90191806750069	93.93344824148531	93.95761443936706	93.99217751458595
CV_GBM_C010_R2 - polyg	0.07513323512145582	0.08031827081740135	0.08158197966500993	0.08185003911753297	0.08220745172089701	0.08252657011675776	0.0831239597538091	0.08335117205166195	0.08372645528519419	0.08420896229973565	0.08467615163127579	0.08495697581963327	0.08513312917414839	0.08530800605508009	0.08544458872850849	0.0855543654566846	0.08562967739810773	0.08569477755086333	0.08575860123003548	0.08581348959412352	0.08584667790729304	0.08588880153554665	0.08594368989963472	0.08601517242030751	0.08604580778631016	0.08607516667872933	0.08610324909756509	0.08614409625223526	0.08618621988048888	0.08620664345782397	0.08623600235024317	0.08627940245208023	0.08639556154817354	0.08707209254739834	0.5015124297253425	27.843715722695304	27.91068463277706	28.082367776802975	29.71364485160548	35.42096758484688	38.49110993590443	42.346527347233874	45.03009477944004	47.51202023261689	50.432581579745836	52.56976725929506	56.25287222512195	59.2190585675439	62.55065844975091	64.73169354983857	67.20110700895052	70.1876058755058	73.12789384539326	74.92496058568693	76.00270637929162	77.83750567871186	79.58315223364369	81.88457283385944	83.9837859772484	85.11666394139556	86.35886548559671	87.08006412492693	87.61997032709507	88.40380041927051	89.45859011195057	89.99943579867612	91.28683854894058	92.30276472689911	92.73471062280039	93.32563747409876	93.92477077406507	94.07244217351284	94.20116815203515	94.36092265042379
CV_GBM_C011_R1 - illumina_small_rna_3'_adapter	15.798769566596045	15.814070110497786	15.82131760610263	15.829586294658633	15.842866760271063	15.877017237166932	16.033398561619986	16.660190436126474	19.17055040143665	21.745109198368244	24.00026387427568	27.525373608522358	29.436068996059014	31.95907613863448	34.52724256512664	37.439086274222376	41.98705211611133	46.221024672443065	49.72732784960981	52.46274932258596	56.148988184921485	60.186417038197895	64.55925324621003	66.16076139948149	67.66037705170243	70.43205211375663	72.28144122349227	76.11689942719255	78.30697040282914	79.70496620260305	81.57275909307259	82.18106663157596	83.03673585488511	83.85849130985866	84.94871021223437	86.18306108089655	88.73669285820034	89.84542336143952	90.33091013995276	91.4214921606958	92.10016906444176	92.25766329092168	92.40896219754379	92.66494577477823	92.92409951168388	93.26929742990768	93.42804336133989	93.51783646095569	93.62668769795374	93.77919493361391	93.8638015132047	93.99516980691348	94.24068243846303	94.31269513119739	94.4179734321782	94.5255704856003	94.61761789344203	94.71320601519332	94.7942223084012	94.9425666956112	95.13635416914786	95.2657408032342	95.380339968518	95.72212358263934	95.79042701505475	95.82803145403179	95.89267519860158	95.93859046273698	95.98140001141654	96.00537945609132	96.0429082970465	96.07719261962042	96.10274103307697	96.12965640748632
CV_GBM_C011_R1 - polyg	0	0	0.0000941876993789387	0.00012640980706120721	0.00014128154906840805	0.00015863191474347572	0.00015863191474347572	0.00016358916207920933	0.00017102503308280976	0.00022431544194194614	0.00023794787211521356	0.00025281961412241443	0.0002714092916314155	0.0002726486034653489	0.00028008447446894926	0.0004089729051980233	0.0007411084766921756	0.0011079447795364632	0.0013855506303375458	0.00298550220794557	0.004130626342500035	0.004258275461395176	0.004336352106932981	0.004385924580290317	0.004480112279669255	0.011871368057248078	2.81835869952664	2.819626515532754	2.8204134785473016	2.8271243521280507	2.8775928479413206	2.909358888868702	2.9259384025830633	2.9299797984735196	2.9309018464779664	2.9325476525934295	2.974523144408754	3.0292957702212746	3.8188985189752644	13.796770358318017	16.120565559459692	16.225391511621112	16.843950637614785	19.910919008963965	22.791660948275315	25.662079420009995	28.593019685154815	30.504571437168714	33.10481001461124	35.76531260860244	39.39006177498554	43.05811001822259	47.69699053693706	50.93385244966467	53.29564123369924	57.40300445376451	61.347822012314744	65.32879277568449	67.43547293663937	69.17892319218672	71.29008346542125	73.60236050237835	77.06477840819367	79.76777204772313	81.61811294894721	83.2239686081321	84.01780608542265	84.69634046830768	85.54604364444828	86.95244941432725	88.38930755458964	90.9895436534085	92.42450068931764	93.22113157548186
CV_GBM_C011_R2 - illumina_small_rna_5'_adapter	15.243156327959685	15.258325504807031	15.265486248583498	15.273566561740743	15.286552071136697	15.31993169607186	15.472151411386564	16.08118146868912	18.52575876185411	21.007956605049984	23.171773998796528	26.563523865217306	28.40951106396879	30.864301525957224	33.364691227563405	36.20600074294266	40.64776375722268	44.742805739034985	48.12472414467716	50.76337271378879	54.36765340592264	58.2677838583649	62.45914639522235	63.947093926526804	65.40591143317465	68.12242596481232	69.9238375955209	73.67112619810781	75.84412069598463	77.21764256566203	79.05531522131966	79.63251727210313	80.47711696211158	81.4938099720037	82.81307972683882	84.002355584789	86.49488061349703	87.63280310698451	88.20142168400616	89.2924225921491	89.95419156454469	90.10722674704613	90.2535324662893	90.50253499996319	90.75460606973792	91.09284773063786	91.24709124217736	91.33462755494358	91.44062465678807	91.58466615331065	91.66445924573847	91.78855649691755	92.02143434432014	92.0911196094304	92.19297493112586	92.29723947502652	92.38588621119594	92.47820131039381	92.55713927765619	92.69955355774081	92.885135547625	93.00973843803234	93.1197372777886	93.4419149786971	93.50840281927579	93.54513478272175	93.60817485777844	93.65301315993014	93.69473583213136	93.71816502235185	93.75483625951794	93.78815267954957	93.81285836095904	93.83898677235385
CV_GBM_C011_R2 - polyg	0.12201768592174722	0.1278598019069093	0.12921560905323243	0.12951056526970858	0.12998893963760688	0.1303384255747761	0.13112662790115776	0.13141662687029815	0.1319297019695466	0.13247004192914155	0.13302525363074372	0.13345033758978286	0.13365606335421581	0.1338927719144971	0.13400307066771716	0.13416542051796243	0.13424597578716813	0.13431413793803446	0.13436742834689358	0.13442195806758667	0.13446285535810648	0.134508709895962	0.1345570430574854	0.1346053762190088	0.13463016245568749	0.1346537093805322	0.13469956391838775	0.1347268287787343	0.13476276882191834	0.13478507643492915	0.13482597372544897	0.13488050344614202	0.1349610587153477	0.13540968959923158	0.3658411354416391	15.620944429480442	15.654890419923712	15.741584000642856	16.663117690678227	20.402262775204374	22.841084704212577	26.148951749153568	28.5047422639119	30.669898114439096	33.50713153319654	35.69093530888893	40.04063976152071	43.82705963526408	48.13455312683209	50.96743408242877	54.10413976998521	58.265398183084585	62.76201313913449	65.22485169217249	66.56359227523053	68.93796874956237	71.21792701251415	74.12406492992645	77.26330748880697	79.08474515944008	80.97647659729387	81.98047409675917	82.70363362016049	83.69884563803504	85.14675224329694	85.95356159755326	88.47242819929156	90.26926800864474	90.97457152714276	91.88252855603739	92.83353432079552	93.03076336329502	93.19183548303951	93.43363761495826
CV_GBM_C016_R1 - illumina_small_rna_3'_adapter	25.578649867718187	25.611427341173027	25.625115832667433	25.639323834430385	25.66243298015495	25.710149394238947	25.918131705760015	26.759992055117383	29.621385144857584	32.81574505142306	35.44997019460855	39.63111418279948	41.69686521463144	43.49863707085129	45.22248691740246	47.40349220843332	51.36016396468973	54.516438029794756	57.025154626794695	58.795292234191365	61.80854089379446	65.2602818935207	68.52387711479945	69.78137890348538	70.84527250488279	72.9445999082279	74.81842512032703	78.35642596749122	79.30896918772515	80.35105694968217	81.6193129029678	82.16370982766033	83.06506618440005	84.19090685470844	84.76899643664282	86.39641974061698	89.12578775275081	90.1547578804271	90.40270472751928	91.32796912804187	91.9780652495232	92.11346563367084	92.21751115678506	92.35251737761848	92.50389572293237	92.73218122064617	92.89060768928357	92.97384561797921	93.10690518550987	93.20542487120375	93.28607279957802	93.41392367258481	93.62328933121631	93.69270285003333	93.81892874324666	93.96351116934996	94.05901195671005	94.12312616874709	94.21830830300642	94.3858428135903	94.57842406197588	94.67837089070397	94.79174192517941	95.50958127955622	95.61025753694625	95.6680908094284	95.7477238805339	95.81720988915583	95.876968672081	95.90775871671781	95.95476835520391	96.00726305559509	96.05030840787501	96.08640833072168
CV_GBM_C016_R1 - polyg	0	0	0.00015404083544016896	0.00018122451228255173	0.00019330614643472185	0.00019632655497276436	0.00020236737204884942	0.00020840818912493448	0.00023559186596731725	0.0002703265641548063	0.0002793877897689339	0.0002839184025759977	0.0002884490153830615	0.0002960000367281678	0.00030506126234229543	0.00037755106725531607	0.0005195102685433149	0.0006780817167905478	0.0008200409180785465	0.0014920818177930092	0.001884734927738538	0.0019828982052249203	0.002020653311950452	0.002084081891249345	0.002763673812308914	0.06580111020552551	8.810439583009646	8.813724277294767	8.815130277469226	8.826397911520395	8.895879389529524	8.948525110347605	8.989755197096155	9.01155197531094	9.029204753011529	9.049791857606827	9.73863226960988	10.468601584675461	11.31564344487984	21.694002773459935	25.391660905740782	25.832882184978033	26.238059418926554	27.901815217204827	31.49578725498748	34.907293392578445	38.565335846474326	41.100322446733884	42.83127478396226	44.8003757629854	46.622982397300675	49.38876747517768	52.7170115208047	55.80303239351912	57.72955467338148	60.305312258291806	63.22618776357595	67.0000659053143	69.7843373936484	70.83853548363868	71.94558619243192	74.37378020801191	77.0687820117999	79.66840082416076	81.13665312879289	82.3670120161517	83.17085448324072	83.79103194794845	84.55693808379966	85.83508134443458	86.92113719347988	89.39896256215698	91.75391167068945	92.7217562805771
CV_GBM_C016_R2 - illumina_small_rna_5'_adapter	24.648505997202378	24.680815307333816	24.69421988042565	24.70809261684088	24.73063392576029	24.776982094776553	24.979159181087507	25.793742220937812	28.572125422826993	31.635970456055112	34.14982627818253	38.1553033058009	40.148469389850895	41.8895310344561	43.55458107779292	45.67166999354599	49.52950794162058	52.570154727072264	54.98347021019386	56.68569242140836	59.62384164312157	62.965709241459436	66.09343138465434	67.23058348493771	68.26554157254066	70.31481778600188	72.13727037948172	75.57938231678867	76.52100978056612	77.54083411118921	78.78246365300774	79.29474910432805	80.1767068872322	81.53319350452686	82.22859424387455	83.79166170312864	86.44355774646594	87.49084816212974	87.77910387136636	88.69215071935258	89.32364263444381	89.45512856912615	89.55559339791853	89.68639672027126	89.83290314661329	90.0534850923508	90.20734168287015	90.28861181540326	90.41828550496277	90.5121613125294	90.58852026077966	90.70943023496604	90.90677164720759	90.97318136973352	91.09501407872827	91.23436817765221	91.32599076044946	91.3879891763056	91.48058735106063	91.64075055460742	91.82460433252234	91.92009454845254	92.02804092919365	92.69760811431546	92.794593432472	92.8507624598497	92.92802300004857	92.9953252532975	93.05342130132249	93.08326293767834	93.12917314745658	93.18022711297512	93.22159764872069	93.25633385711245
CV_GBM_C016_R2 - polyg	0.10940523806497648	0.11413519783555108	0.11532523879953983	0.11557593270819737	0.11600785112913745	0.11631895320855583	0.1169562594100828	0.1171616471906697	0.11778083094096842	0.11839095346565301	0.1188817698530849	0.1192291168349598	0.11941185155151138	0.11953719850584013	0.11962176994490534	0.11970332097543249	0.11977279037180746	0.11982866792976124	0.11988152507917699	0.11990568834748133	0.11993589243286176	0.11997515774385631	0.12001442305485086	0.12008540265549486	0.12010654551526116	0.12012013735368235	0.1201443006219867	0.12017601491163614	0.12020621899701656	0.12023491287812796	0.12025454553362525	0.12027568839339153	0.12036025983245674	0.12097189256141035	0.4931556938446249	25.132731853204277	25.186652186425412	25.306811589090092	26.454388629442505	30.88751019991963	33.86545632453009	37.73042998777581	40.482970574213496	42.29760030957979	44.093156165028354	45.74549481903283	49.39884204785632	52.26067460703881	55.673500663160894	57.34409013575649	59.82921281146151	63.38414153827715	66.82715959814553	68.74663224448008	69.71170713973837	71.37994673449134	73.58077345655312	76.25065301232593	78.4361662630998	79.47319635095988	80.8995918340718	81.66399682687961	82.39511389718965	83.60584616986826	84.70057059141774	85.50056807843782	88.49509473571788	90.18015498561923	90.616871325522	91.3186526779063	92.23528324062289	92.40354113905164	92.51906723501895	92.65960986470262
CV_GBM_C018_R1 - illumina_small_rna_3'_adapter	19.502286347610447	19.53156091894734	19.544854708759168	19.557657996967073	19.57729720265021	19.639076477837666	19.89893944221737	20.877861009120675	24.565959317892677	28.540173193962925	32.04293846255407	37.5122215652691	40.163137483699494	42.49906164650477	44.64214450555296	47.000070656157874	50.634285569220296	54.08011077966761	57.46220188658402	60.099163632555346	63.17792974394787	66.38918990932444	69.65189531853545	70.96613095995639	71.93251243463439	73.84548424244456	75.46463242970256	79.09181522464817	80.05919564771466	81.13841641820369	82.3648594505937	82.88594921308109	83.55813620014055	84.79969146731305	85.53451670553952	86.6990823624213	88.85864727170684	89.8629696436214	90.18760633566326	90.9408564890168	91.46813135709519	91.64796360123981	91.78868851140683	91.98322144752478	92.2015568712324	92.43290494358861	92.60610704166255	92.70547788123693	92.86556324861462	92.97790965013095	93.07874003106335	93.21451805310295	93.37275865591171	93.46333755332202	93.58364204427573	93.71645432612964	93.80949649866795	93.88829378682097	93.99764334317183	94.16500009774141	94.37597560469935	94.5055565576942	94.61476015990927	95.25263237256512	95.3580315964863	95.42239258499393	95.50085848547795	95.56699963590425	95.62828960583315	95.66409024119304	95.71900488661625	95.77736859575683	95.82389087837137	95.87162505885121
CV_GBM_C018_R1 - polyg	0	0	0.00009331493928391694	0.0002416617658378362	0.00025362521959218455	0.00027755212710088117	0.0002823375086026205	0.00030147903460957785	0.00033258401437088347	0.00036249264875675433	0.00038283052013914645	0.0004031683915215386	0.00040675742764784313	0.0004139354999004521	0.00041872088140219144	0.0004893052585528466	0.0006041544145945905	0.0007106291530082907	0.0007979623654150335	0.0011819892309296147	0.001336317784360708	0.0013734044909991879	0.001400920434634189	0.0014212583060165813	0.0014547559765287566	0.004363071584210835	2.931244763147662	2.933363490807557	2.9343684209229224	2.942032209397958	2.9935982841153255	3.0303081419605435	3.0460628142096446	3.0501495300121304	3.0513865511303297	3.0540819172611844	3.0956943984549343	3.1919284204549125	4.416709729118455	16.92307817463824	19.807348436619453	19.985451961696562	21.06820314738848	25.84142858376802	30.234956728546674	34.52519719899179	38.91847770027773	41.18067109759496	43.47926928468668	45.846170418298094	48.94691817961886	51.908417320965896	55.87856840814117	58.84092054374089	60.987676183091665	64.40935794751734	67.5974508846986	70.55559188457678	72.0671981933462	73.2666576557933	74.88036964966534	77.00692499735189	80.0503355138642	81.48221497412388	82.8514011513293	83.8576974931133	84.50303250822111	85.18924066308065	86.34670840284997	87.44540089066956	88.93748045022113	91.05978398644339	92.15388729340282	92.69241737877331
CV_GBM_C018_R2 - illumina_small_rna_5'_adapter	18.69814844736742	18.726915768265126	18.739987037837125	18.75251755929943	18.771627980326627	18.83224680049991	19.08490058764724	20.032700425953987	23.616948778065993	27.434039437908133	30.778939756138396	36.01709132501017	38.57892975947644	40.838363188012536	42.911821138901175	45.19899063862137	48.73208565517053	52.04650309323471	55.2926223701607	57.82856112359418	60.82871059498538	63.93082817176102	67.05656160624775	68.2433469857875	69.1804634598916	71.04488517967589	72.6213956177534	76.13919535867763	77.09120035097902	78.14470687396843	79.34214451273104	79.8270029555234	80.48263970065906	81.97055238926801	82.84214622350493	83.96166828065621	86.06354182690217	87.08896653489401	87.46698655027853	88.21564632642651	88.72732204715462	88.90084237309844	89.03602102610495	89.22422170615073	89.43510150547863	89.65734778221854	89.82489834473893	89.92158697798158	90.07779498999747	90.18549837511175	90.28159242470281	90.41056922328306	90.56085652203593	90.64805335106988	90.76425318104049	90.89241407207469	90.98170330917027	91.05769875645402	91.16350832683898	91.32448257883061	91.52711836217638	91.6513779709413	91.75524826547269	92.34358579785864	92.44445805087918	92.50668356289168	92.58328794997152	92.64759031755577	92.70675916713401	92.74129646177744	92.79466064359409	92.8511879625834	92.89582241219549	92.9417417367408
CV_GBM_C018_R2 - polyg	0.10105768655373118	0.10676664668530621	0.10812090965029844	0.1083362518178767	0.10878607767904021	0.1091330178379163	0.10995849614696634	0.1103006509243407	0.11081029405427593	0.11133907871021814	0.11180206437051142	0.11214661183863664	0.11232367095420101	0.11248039219838296	0.11257968886454406	0.11266582573157537	0.11272683934572254	0.11277110412461364	0.11283092139338538	0.11287638251765189	0.11291466556966581	0.11295055593092886	0.11297807187456385	0.1130546379785917	0.11309172468523015	0.11312282966499147	0.11317786155226148	0.11323767882103322	0.11327476552767168	0.11331065588893474	0.11335372432245039	0.11340038179209236	0.11348292962299736	0.11393395182953629	0.40230702285122555	19.18185839859936	19.228720443300514	19.36843563797067	20.75541505994492	26.32516126556209	30.169586024542163	35.11924129881858	38.79044721088944	41.018495714846395	43.3888112181593	45.24423402802955	48.66846520445028	51.673269655697304	55.52289851706052	58.379764095526646	61.17427017129823	64.47674329713408	67.87831808483482	69.84008164243673	70.75933428739484	72.33300699424183	74.21489416016207	76.88237108762462	79.13105894199856	80.19828276106271	81.60515621028507	82.3350154188581	82.90596526755749	84.12672685575959	85.41177525905603	86.12990908660443	88.29213825704107	89.87531353520512	90.40239698802345	91.01441498077078	91.74566314632469	91.95538009794767	92.10964644141924	92.30428944131174
CV_GBM_C019_R1 - illumina_small_rna_3'_adapter	23.73481090268712	23.769307066017845	23.785003885207384	23.79978836635455	23.822424135134476	23.871891852081625	24.03830000857943	24.676130787601284	27.24895572550114	29.936063234869227	32.35379358360425	36.05761550005349	37.960063366338005	39.61531798880518	41.08607166895955	42.930688239902196	46.011448029267804	48.86245548502667	51.50803434523902	53.44837589869974	56.2408584519615	59.40239757257066	62.461790807909296	63.63325443959664	64.6751200206597	66.77138935528293	68.56851829941456	72.03007417308285	73.10406297515507	74.35224934354112	75.69770044476911	76.32442919225014	77.26798675170042	79.17138293150215	79.91228632402684	81.70162154128548	85.21597214381566	86.70580865485312	87.03912718547772	88.03999367637493	88.68288548519965	88.86990471075242	89.02075851094114	89.19968613268912	89.4169650496535	89.73131730993359	89.9277534757849	90.02997850710011	90.15328660570042	90.27143150414929	90.37097708209717	90.52119483589038	90.7861873056479	90.88309803981724	91.01852987344432	91.1722818578875	91.27984421065247	91.36814529417907	91.49613596058677	91.70391303513196	91.96325303827996	92.12929856199119	92.28529685508443	93.31790522695732	93.44869334628987	93.52526930305115	93.6324589498966	93.7252425775904	93.80665939424841	93.8509394477212	93.92183703553107	93.99524283344797	94.05155596375087	94.10219216412139
CV_GBM_C019_R1 - polyg	0	0	0.00010648740557625041	0.00018707246925557503	0.00021297481115250082	0.00022160892511814275	0.00023599911506087928	0.0002417551910379739	0.0002647794949463524	0.00029643791282037276	0.00031226712175738295	0.0003137061407516566	0.0003137061407516566	0.0003137061407516566	0.00031802319773447757	0.00036551082454550814	0.00047775430609885323	0.0005943148446350191	0.0006892900982570804	0.001077825226710967	0.0013627509875771505	0.0014131166523767284	0.0014548482032106643	0.0014951407350503266	0.0015325552289014418	0.010463107107363739	5.147853013879942	5.150260492657362	5.15127644006732	5.157874342156065	5.202721369112602	5.238459405835389	5.254500150564557	5.258428672418924	5.259719472456788	5.2613498809773	5.394988696937506	5.518552940918801	6.730221324287161	20.48276612145211	23.95663280261641	24.1305842966822	24.69452720642408	27.551430323002492	30.82963934759138	33.71989748543807	36.90165626193576	38.68628157002614	40.140131094054766	41.869323951466725	44.05098755124814	46.58619509361869	49.75682593623367	52.2082811341185	53.8515170699455	56.76670333382999	59.847881877722926	62.89166607403068	64.57531685831185	65.67142194330708	67.20267198198073	69.42127807738314	72.34291978047592	74.28561844704927	75.7940010348849	77.07683754163406	77.84035367863477	78.62043580229755	80.0770468037762	81.76334826104484	83.30749047088818	86.95370126190166	89.06573361058815	89.82436427810332
CV_GBM_C019_R2 - illumina_small_rna_5'_adapter	22.762537719206122	22.79652159177489	22.811968021659425	22.826441674703826	22.84856803075978	22.896763654915993	23.0584719753785	23.675321857463846	26.173726489055845	28.75120233634519	31.056753959381616	34.59834231343543	36.43052288222957	38.02618485010588	39.44534250422057	41.23279980169167	44.226886038013184	46.963361972017815	49.49888034249113	51.36244303751238	54.08199754716334	57.14013164088199	60.07758672370286	61.107186106858734	62.11969570043861	64.16574471118068	65.9068569629222	69.2674670931612	70.32968040280329	71.54492618739141	72.8549443239234	73.44136183231785	74.36044311769452	76.65991200744214	77.54829757865195	79.25921345581764	82.67440269847145	84.1875513172161	84.57445747616848	85.56343910919199	86.1872322579247	86.3678133124971	86.51263330604282	86.68617755773323	86.89602106355419	87.1994583647627	87.38963767602692	87.48926527805747	87.60926075493296	87.72172152835444	87.81702200026922	87.96108075276695	88.21153049656833	88.30465085470678	88.4356159733756	88.58399753893215	88.68720829825844	88.7722097112312	88.89616968543592	89.09429094252953	89.3418496971714	89.50137358680061	89.6499652491303	90.60378013597176	90.72931295793722	90.80341668006633	90.90761748446067	90.99762092745752	91.0768360450543	91.11974327440656	91.18888813708142	91.26005626046222	91.3141878379698	91.3628396311472
CV_GBM_C019_R2 - polyg	0.12226480982946675	0.12646386725475728	0.12761796048816473	0.1278597156792027	0.1282540068836337	0.12859649340427082	0.12962107492819366	0.12996068341084224	0.13074638778171566	0.13145870218388112	0.1320285537056135	0.13247033253685553	0.13267035617705952	0.1328257702284411	0.1329135503870918	0.1330070866217196	0.13307328149545616	0.1331481104831584	0.13319991516695223	0.1332474027937633	0.13329057336359149	0.13332654883844833	0.13337547548425366	0.13343159722503029	0.13345318250994442	0.13347332877586426	0.13351218228870965	0.13355103580155503	0.1335956453903775	0.13364745007417134	0.13371220592891367	0.13376544963170178	0.1338633029233124	0.1345569100785523	0.4794163730372393	23.318663877771108	23.37399847515791	23.484729547748277	24.436773002207772	28.243483337728577	30.946329397837033	34.33895626167961	36.85531265522518	38.528285918568855	40.08292577197541	41.527856256277545	44.36842362923296	46.85554059583387	50.05869038968145	52.11180498368541	54.428422662787796	57.73224190841778	60.92450840161167	62.682013957735954	63.62764658257596	65.36806666618124	67.3886105042688	70.06552544210047	72.30479872829862	73.4950775333361	75.0913985719118	75.91748325478352	76.71024889186185	78.54949072686088	80.15511214519657	81.11620415109203	84.6390348925555	87.04658993798202	87.66453203548403	88.46710602602731	89.36688431061478	89.59374997211901	89.75679945828418	89.94324883231522
CV_GBM_C020_R1 - illumina_small_rna_3'_adapter	14.752009081164031	14.766658793175417	14.77295236838584	14.78169753745109	14.796614277525535	14.83562339439306	15.022255292778201	15.808703581746395	18.736399265147977	22.221688677644114	25.246286773361106	29.76974216161565	31.947328392285954	33.75881684653347	35.516869762609986	37.737313997401586	42.65840755006195	46.74960665730426	50.04637195531322	52.27971640790995	56.13778160037146	60.183513424962484	64.3811899723504	65.91071750969996	67.11096491580432	69.57785993903887	71.86979518279992	75.52343658119183	76.52559980775821	77.84509365974782	79.382774760885	80.12212022031565	81.22372838071166	82.77392066738969	83.67369014160245	85.17720776443024	87.72553023313598	88.892144764108	89.21124329946596	89.92832529413889	90.41771637278194	90.60854360431303	90.77770933521131	90.97494293828979	91.24291826038491	91.53235251009949	91.72372645857001	91.84162740529268	91.96319308198426	92.0833234828369	92.20364149392348	92.34777104194373	92.5117251216802	92.61451826514538	92.72386855893495	92.87393717939224	92.99549710116867	93.0877714107187	93.20859240138958	93.38209388536353	93.57904779956561	93.70179898877853	93.80498346647406	94.38690897683202	94.48541931244095	94.55267355287536	94.63416084946414	94.7150611447074	94.78799088246491	94.83426270225448	94.90631423995976	94.97418195434939	95.02693841253244	95.0912449854259
CV_GBM_C020_R1 - polya	0.030277759598640246	0.031216961751475737	0.032308093664328734	0.03309306409108585	0.03365934774206019	0.035031319514339486	0.03555386581015727	0.036753190127871226	0.03728494428793249	0.03810099125651137	0.04205231599999697	0.04292476113706718	0.044165520843876815	0.051627343830191144	0.05891767034497056	0.05955991887595366	0.06061191736577184	0.06117359708462444	0.06186994181803801	0.06243047055386017	0.06303358566180844	0.06418687065830497	0.06540691267056677	0.06741768002473786	0.07058288335843588	0.07184320977676292	0.07250157207017212	0.07296656921446812	0.07321287958298135	0.07362147855878601	0.07445824322191273	0.07762805048773251	0.08436360318184194	0.08582304966443435	0.08678872442696986	0.08708798001488313	0.08736076299309638	0.08767613234343576	0.08819292372410135	0.08861303253021037	0.08947742078606755	0.09011046145280716	0.0907319922892424	0.0911417422480775	0.0915066038687256	0.0917782358639084	0.09203260311363469	0.09238940785306973	0.0927370047282613	0.09302935441799197	0.09326530593923127	0.09360599691624022	0.09408480585690146	0.09449455581573654	0.0949710627903369	0.09558338576252867	0.09626016378442484	0.09705434207542543	0.09757458640518235	0.0979992991434131	0.09827553507071767	0.09855637493014396	0.09887865017866594	0.09922854901991839	0.09973728351937095	0.1003852869655062	0.10086524688919787	0.1012531281704547	0.10176761758505942	0.10217736754389452	0.10242713086149906	0.1026124391293992	0.10297039485186468	0.10335712515009107
CV_GBM_C020_R1 - polyg	0	0	0.00013351403153053556	0.00021868677578277377	0.0002301966060871303	0.0002394044703306155	0.0002463103685132294	0.0002532162666958433	0.00026242413093932853	0.00029004772366978413	0.0003188222994306755	0.0003383890109480815	0.0003452949091306954	0.0003545027733741807	0.00036601260367853715	0.0004696010764177458	0.0007009486655353117	0.0009725806607181254	0.0011521340134660872	0.0018404218656666066	0.002333042602693065	0.002449291888767066	0.002503388091197542	0.002544823480293225	0.002627694258484592	0.01685499549769968	3.2740575538014935	3.2754249216416507	3.276089038850212	3.283858174305653	3.339340160304773	3.385403652165838	3.405730012483332	3.410001310509278	3.411051007033036	3.412108760438006	3.4686715195027054	3.527417693376141	4.17464882989799	12.747862181384015	14.9411984638428	15.05530461951413	15.555252514512343	18.52830038226218	22.704627345418547	26.216901555063245	30.17633497399826	32.3061220303976	33.95388084659958	35.964594104568235	38.571154012647966	42.51769987459119	47.063216154590094	50.30140792618018	52.267488364194605	55.988184882956645	59.86946079920993	64.11317896978133	66.56252725671689	67.80047511198316	69.48109449370409	72.2667128318287	75.33426101030943	77.51631305513783	79.05443268080958	80.59615718533269	81.4785479667689	82.34981679918204	83.57297682447327	85.28312467584001	86.59966855832262	89.29061393826177	91.07804224324107	91.77689957261008
CV_GBM_C020_R2 - illumina_small_rna_5'_adapter	14.156522688741477	14.170932996282533	14.177129888918397	14.185621841716952	14.20014724756105	14.238230974072104	14.420008026034868	15.18230638905846	18.027246392571723	21.373065436354814	24.257514083370815	28.579781090854297	30.680838459830934	32.43034187395737	34.12641205187886	36.28076223713073	41.07055394764505	45.00311651675151	48.1677846433404	50.319240106270726	54.08471792179793	57.99957261698114	62.03482013714792	63.356899097023884	64.52126230518834	66.925347033469	69.15096954091453	72.68932962996104	73.67394727121145	74.96077392283124	76.46375864051593	77.15666423663455	78.23351705401197	80.11611208889677	81.18731933450991	82.62593417523445	85.098085737969	86.2801222905658	86.65299130015664	87.36591939707273	87.83979177151642	88.02352664561397	88.18580374307507	88.37597491427881	88.63373756394488	88.91242738707032	89.09749855246619	89.21157593356176	89.32924207974622	89.44349210829637	89.55868824489752	89.69584398673635	89.85192419156161	89.95095016756817	90.05638021315607	90.20083894232302	90.31757394323586	90.40639530369458	90.5234663916523	90.69039921547156	90.87927898371512	90.99749184683907	91.09598261573646	91.63336623379959	91.72758570467106	91.79301333503618	91.87231951878228	91.95043213312583	92.02055347228907	92.06508730770267	92.13442252545612	92.19975692619576	92.2504139913313	92.31248420419664
CV_GBM_C020_R2 - polyg	0.12128598781518721	0.1266679844655043	0.1280422582038445	0.12830468233478382	0.12886175812151465	0.12926460218216715	0.1302130121992461	0.1305675149726203	0.13133406967089045	0.13205458504794315	0.1326174157498262	0.1330824128941222	0.13334483702506153	0.13358539247842258	0.13371315159480093	0.13384666562633146	0.13395946196331415	0.1340480876566577	0.13412059958757516	0.13420001741667523	0.1342541136191057	0.13429324704214052	0.13434273931244922	0.134418704192458	0.13446934744579714	0.13451423578398414	0.13461552229066248	0.134749036322193	0.13481464235492785	0.1349067209973627	0.13500225258888887	0.13508282140101935	0.13521403346648903	0.1356134245780502	0.3488479937456503	14.548243649387825	14.580520666510333	14.681052128320704	15.808594238358504	20.376033292138118	23.79979920870837	27.96264931156137	30.913097627508606	32.73715366546545	34.57486726806144	36.26865849958266	40.42189904511455	44.28342639453162	48.602401590548055	50.83655518421518	53.99255871055095	58.21073886964305	62.57554736091446	64.86612674666566	66.06193135827255	67.9813659070125	70.63432884694727	73.55078518105665	75.80850860522105	77.03210255111475	78.79821580135341	79.77774034269416	80.68386209225189	82.3418819221702	83.91753280249843	84.85771444189282	87.49946335416206	89.30951883453668	89.84639141613431	90.46165514996883	91.11555623315206	91.33878939190504	91.51715262819954	91.72285976834809
CV_GBM_C028_R1 - illumina_small_rna_3'_adapter	87.17197082659565	87.27899620067711	87.31460038613034	87.35050295519346	87.40992517350843	87.55450300249605	87.83612886231529	88.3284530426802	88.97750760214521	89.76730598061019	90.83418206284043	92.1861691693336	93.16615857715425	93.95995003039893	94.60154609661473	95.19437618858424	95.74804781974717	95.99420771593248	96.16373238930609	96.32389637391731	96.46801017251158	96.57454957622835	96.65260102418858	96.73035299154031	96.78445915480516	96.85938415685271	96.90146611883728	97.01769311688908	97.04041853917923	97.06249892631266	97.08111718597226	97.09196540478995	97.10341587582029	97.12013303696527	97.13483281774766	97.14482976567825	97.15998370386691	97.16801263637035	97.17214722396506	97.17819936505285	97.18274642410829	97.18512032900479	97.18768182065605	97.19041225008645	97.19346958508947	97.19728494610149	97.19909060574088	97.20037738505863	97.20151277857428	97.20256809119464	97.2034522720387	97.20448345069062	97.20556180028083	97.20678824467745	97.20775799140966	97.20853576339286	97.20933657234593	97.21015054528178	97.21082739339691	97.21186405704165	97.2131343813809	97.21394506332106	97.21464714240321	97.21728213295839	97.21795239908212	97.21856562128042	97.21910424757625	97.2195847329481	97.21996319745331	97.22026706605605	97.22084408730169	97.22125655876246	97.22163612026623	97.22190159391917
CV_GBM_C028_R1 - polyg	0	0	0.000046073939765695585	0.0001294458307702876	0.00014260981356048634	0.00017551977053598317	0.0001908777504578817	0.00019965373898468087	0.000219399713169979	0.0002457276787503765	0.0002566976644088754	0.0002566976644088754	0.0002566976644088754	0.0002566976644088754	0.00025779466297472535	0.0002775406371600234	0.00031374158983306995	0.0003334875640183681	0.0003356815611500678	0.00034555454824271694	0.00035323353820366615	0.0003631065252963152	0.00037956150378406367	0.00042673244211560913	0.0023355099466944263	0.23973806658083602	25.88583347241447	25.893912866851956	25.8969855598349	25.90667534816705	25.927437143024328	25.946191430506097	25.96258388007559	25.96671846767028	25.968795085955435	25.971315988659754	27.895721334807668	29.03643639050525	32.681840511722626	75.08766170389634	87.67861083824491	88.48141961970089	89.11535205393565	90.24073984567117	91.57311042380982	92.79915441595347	94.1780651582483	95.19274056372255	95.95421334221874	96.74700213877422	97.36138825256268	97.91010803219936	98.30031042207217	98.54547863155396	98.71808257990192	98.91239174187379	99.0486236057724	99.16968836749962	99.28020329401903	99.34344964933453	99.4090490665738	99.48800115035658	99.58586439241606	99.65424799201543	99.68886268476226	99.71502939155349	99.73085798386012	99.74345920638604	99.75969697915775	99.78563221925157	99.80444574465591	99.82518998753612	99.84102406483561	99.85088388794546
CV_GBM_C028_R2 - illumina_small_rna_5'_adapter	84.78744917797619	84.89535873290171	84.93101776828323	84.96623361624414	85.02419902046366	85.1664534064888	85.44362325813357	85.92618634525954	86.56339551421051	87.33343036651314	88.36899262468118	89.67454049088623	90.60337356458561	91.33310359258036	91.91441190861273	92.46736719971216	92.98952425607536	93.22940602946832	93.39454599957423	93.55120946176183	93.69277164169192	93.7966157199324	93.8717513457046	93.9468387035399	93.99921270606926	94.07239567439424	94.11379310927371	94.22805538289407	94.25052849551408	94.27251015277658	94.29066109104713	94.30073702287446	94.31187155831785	94.33137070782581	94.34921338949937	94.35941547616177	94.37480746303922	94.38320279306367	94.38824130747662	94.39436255947405	94.39884270161699	94.4011836965565	94.40371776324362	94.4064328346941	94.40943861076452	94.41316511489272	94.4149422525694	94.4162334198814	94.41736881339705	94.4183791490762	94.4192435839461	94.42022868865823	94.42129606826279	94.42249618469384	94.42341656649057	94.42418556248525	94.42495346148134	94.4257422034502	94.42636749263272	94.42736137333338	94.42853516179883	94.4293173217763	94.43001501286417	94.43250190861295	94.43316449574672	94.43377991194217	94.43432402323083	94.4348165755869	94.43518516710503	94.43550549068625	94.43697985675875	94.43792217852682	94.4385266247366	94.43880087437807
CV_GBM_C028_R2 - polyg	0.205535845294768	0.2089935847743269	0.21458827746016135	0.21604728555274172	0.21666818674101274	0.21678008059472945	0.2172934759235472	0.21791218311468652	0.2181798507647539	0.21832684857257778	0.21880184895159077	0.21895762274794148	0.21903880064181436	0.2191210755342531	0.21922748439514056	0.2193492512359499	0.21939861617141315	0.21948527905811527	0.21957523294051498	0.21961472488888556	0.21963995585590013	0.21968383579853412	0.21973978272539246	0.21989226552604557	0.21992846647871864	0.21994492145720637	0.21996137643569413	0.21996576442995752	0.21997673441561602	0.21999318939410378	0.22001732336255247	0.22006449430088404	0.2202970579968442	0.2222365514612668	1.4782790663866454	86.22082809306261	86.37932025185947	86.63111542967755	87.30963866161699	88.5531556469175	89.6706998989072	91.15005512088695	92.25114220039177	93.13678314955791	93.83210691453334	94.38925822514716	95.01592633487886	95.3678149528408	95.5788840589017	95.76074886914257	95.92122988633932	96.05446804115175	96.15381442527226	96.2451187129065	96.30205732646837	96.37778642846469	96.43531742125212	96.52822881178534	96.5979046756953	96.62504222621729	96.65125171595258	96.66723937305127	96.67828066361656	96.6986936129299	96.72255004074142	96.73461483096864	96.75422587433034	96.76939187950322	96.77675603087577	96.78546949048432	96.80331436615499	96.81755998953113	96.82853216918676	96.85091971591862
CV_GBM_C029_R1 - illumina_small_rna_3'_adapter	79.52055282437284	79.84677020322324	79.92662280278603	79.9674732432396	80.02589947018075	80.06591561697194	80.14791170948268	80.44139268854984	81.2928385729471	82.28825359446867	83.20674887953291	84.72313536970867	85.56757425694919	86.49837323431908	87.40285452506978	88.10928626605026	89.4370913699166	90.33151728282105	90.96239945424358	91.41861262098061	92.01836280350909	92.58853406688425	93.00798376250611	93.26160796626374	93.45616203951002	93.80839654533969	94.078875620292	94.5395982512349	94.70326634525682	94.85782138542805	95.01637996557147	95.10795439109077	95.2314159482293	95.38575492773413	95.51748989702463	95.62777603194104	95.81664407299598	95.89542278687027	95.93332538971676	95.98905406714951	96.02994836150073	96.0460726909372	96.0608001132928	96.094941977015	96.1328306749671	96.1565331718369	96.1721686907558	96.1813598259364	96.19626159427528	96.20846260428404	96.21695100749517	96.22831451501975	96.23693234070927	96.24566568398282	96.25437335668215	96.26455280897049	96.27505421304394	96.28476731656716	96.29314341101605	96.30458820869237	96.3192749859721	96.3289281914888	96.33554799081764	96.3657611870758	96.37090278917208	96.37610749809664	96.38125444822919	96.3869148098463	96.39154407006527	96.39458603311118	96.4008293306847	96.4064394207606	96.41136175336868	96.41764248719628
CV_GBM_C029_R1 - polyg	0	0	0.00003422743230295214	0.00011765679854139798	0.00013477051469287405	0.00015830187440115363	0.0001732763760336952	0.00017969401959049873	0.00019252930670410578	0.00023317438256386145	0.0002460096696774685	0.000252427313234272	0.000252427313234272	0.0002556361350126738	0.0002577753495316083	0.00030162924716976576	0.0003904066497055478	0.0004567222997925176	0.0004909497320954697	0.0007594211542217505	0.0008781475600226159	0.000920931850401306	0.0009444632101095855	0.0009744122133746686	0.0016921186844771961	0.29210653373872875	21.67144745458073	21.690075734611614	21.692143285444164	21.697173648385437	21.720969201086806	21.740109822994974	21.755103577558188	21.759944620014533	21.762387602995155	21.765224201447264	22.524262436270128	23.16600112137625	26.7315433384539	69.4882485459224	81.25651150159382	81.75129898453626	82.13759513354367	83.2584579728846	84.67600633464204	85.89325041452629	87.28876700595322	88.20363846162238	89.05993608454861	90.0710807504279	90.88723494329905	91.94524552085916	93.00697298364591	93.71775909577968	94.15712166975106	94.81264010518089	95.39049970553711	95.89481631955415	96.26064874247345	96.46824346742714	96.7224709296791	97.09911815159886	97.5055325435496	97.80987966276567	98.01015720445736	98.18424327318647	98.29729006443955	98.40442620597685	98.53636653986116	98.74764820103826	98.89301852367245	99.0975905385109	99.22948274006853	99.30001478197232
CV_GBM_C029_R2 - illumina_small_rna_5'_adapter	78.96996606991851	79.30614790999812	79.38793649870054	79.42993569735077	79.48962406085809	79.53014506227575	79.61239144288521	79.90294597649046	80.74317168073593	81.71707048262604	82.59985479011846	84.00089483343328	84.69943929048245	85.40569882469416	86.10111468050938	86.66845790229053	87.86755823423243	88.73358500479077	89.34513830342748	89.78616625590182	90.37475080824873	90.93141400154408	91.33305580590307	91.56713186738668	91.75402327422611	92.09903900066166	92.36361705236348	92.81687810306437	92.97997823563148	93.13277591107541	93.29297847757664	93.3786058867333	93.50212413305658	93.69137723272493	93.85271572213571	93.96065727793936	94.14836907354683	94.23076305995812	94.2760673450401	94.33281107976211	94.37302403428905	94.38884673447834	94.40332065991345	94.43686782199939	94.47399175076097	94.497212924364	94.5123970690194	94.52139674450056	94.5360546423843	94.54780106930778	94.55597714719914	94.5669320647506	94.57524612197844	94.58384041630825	94.59238443909689	94.60242591204877	94.61265991430734	94.62217621009484	94.63027420665625	94.6413638947224	94.65574476432595	94.66520223171415	94.67165089388148	94.70017197145518	94.70512532267378	94.71030650023863	94.71537429943399	94.72097155422279	94.72531629891074	94.72827055416138	94.73499089657261	94.74084485710368	94.74581532203842	94.75190459616657
CV_GBM_C029_R2 - polyg	0.3854415328071008	0.38846210370783635	0.39074892402857736	0.39136715702454944	0.39202175666734335	0.3922035899014528	0.3930656933525834	0.3938400890084377	0.3944433475027772	0.3947182365684603	0.39586592515786867	0.3961557887251843	0.3962777239527636	0.3963718493915967	0.39650982872806795	0.3966488776717987	0.3967237501799614	0.39689488734147615	0.39707351175380723	0.39710239114981283	0.3971355489748563	0.39720935187575956	0.39729492045651693	0.39762435949243286	0.39766500456829257	0.3976970927860766	0.3977142065022281	0.39773132021837954	0.39775378197082834	0.39782651526447216	0.3979848171388733	0.39823510523758865	0.3985442217355747	0.40033795310970127	1.5850424409464485	79.3958965159255	79.5710618183794	79.69520471534221	80.12729182073468	81.59259279859103	82.72858202379534	84.24434707215335	85.33725786498262	86.2396705352935	87.23084670324582	87.90328739512768	89.05960985433447	90.07525435795434	90.94638529435485	91.4433943515752	92.02834116963265	92.65979344172447	93.16484594553603	93.48647257002878	93.68564092899241	93.98513951850131	94.31343728347139	94.6987729251598	95.01867748196483	95.19128963189038	95.38651327928108	95.51042300186134	95.61734736116122	95.79723604927295	96.0015652632635	96.0916272641179	96.29311453162005	96.42681116062442	96.48212483044051	96.53763958642138	96.59889278534929	96.62573137070385	96.6477171479222	96.69192508556324
CV_GBM_C030_R1 - illumina_small_rna_3'_adapter	70.30766949198983	70.76734436070709	70.90538652496194	70.973937770444	71.05173939263942	71.11384264989465	71.24323150418194	71.64958116100411	73.07180412831241	74.66025862702821	76.17693206516356	78.85762537640775	80.36804125568226	81.68329863444183	83.0941299341309	84.39794325640636	86.77702389369644	88.40026543026283	89.54803061858061	90.40026855696335	91.54310836041296	92.7140427321169	93.4092778950041	93.95529876030815	94.1951033841028	94.60004935197387	94.95636514812635	95.54551951218284	95.74310203716013	95.93121797741028	96.14417788158423	96.22502803677419	96.3928644968995	96.61429559736786	96.69579853444563	96.83056015787577	97.02893516838056	97.12364508882416	97.16045117689589	97.24015459804343	97.30289733207793	97.32045508593679	97.33638878498431	97.35400973810873	97.38238121893454	97.42928089497346	97.45131415471789	97.46208048223568	97.50023204940865	97.5100745034521	97.51931656447262	97.53342746364999	97.54329985418765	97.55310738232117	97.5629465100875	97.57328873727053	97.5810780467522	97.58725328025393	97.5971048815595	97.61077338587788	97.62803593264096	97.63703767013845	97.64448769935231	97.6989180668256	97.70658513562255	97.71295246162886	97.72157832981006	97.7300786310294	97.73765090092797	97.74059465619275	97.74695948749121	97.75292599710272	97.75751127013376	97.76272437797411
CV_GBM_C030_R1 - polyg	0	0	0.0000415784641916537	0.00009147262122163814	0.0001214091154396288	0.0001413667782516226	0.00014801933252228718	0.00016797699533428094	0.0001829452424432763	0.000202071335971437	0.00021205016737743388	0.00021870272164809846	0.00022535527591876307	0.00023117626090559458	0.00023450253804092687	0.0002636074629750845	0.0003184910357080673	0.00036505891560271954	0.0003974901176722094	0.00043990015114769615	0.0004648472296626884	0.00047399449178485225	0.00048813116961001445	0.0005197308023956713	0.0013305108541329185	0.25981134919438653	19.46402748529407	19.481517050471652	19.484035042263095	19.49054622975551	19.526864186657633	19.554696810587526	19.575193330295445	19.581163997753364	19.583296972966398	19.585717671151635	20.306343138982122	20.83687602637478	23.94805446133511	61.19384892857536	71.41477510017458	71.8120082629381	72.24372577233287	73.8481863166239	75.91569207993956	77.79494552564252	80.21588652911147	81.72633733429589	82.91558701947622	84.47708204201018	85.94747615479235	87.81557742482984	89.63586678732403	90.86721383592916	91.61950878836512	92.8374276561749	93.97135220533255	94.8625791011571	95.53275575524528	95.81751335138537	96.12121243267262	96.57660471957811	97.0952761027062	97.46877045712412	97.71111469351158	97.92993632956727	98.04692399112476	98.17686001800081	98.35583701182165	98.57133819172698	98.69821653834637	98.92028046303973	99.06946815040581	99.14360504676738
CV_GBM_C030_R2 - illumina_small_rna_5'_adapter	69.22003175230891	69.70020813014978	69.84237321491388	69.91265911392202	69.99173137398313	70.0543368990858	70.18138072799267	70.57694160492639	71.96072278738166	73.49425379803887	74.93468314324741	77.42022626966951	78.73040359167413	79.75872133649283	80.82128310441978	81.8625658459427	83.98998617615854	85.53960139990365	86.63707078322733	87.44977841256451	88.5569322517677	89.68486201795821	90.33969122934397	90.83826441445106	91.0648454234942	91.45516990864763	91.79835273110055	92.37117673756111	92.56567414049539	92.74891957945013	92.9612458278298	93.03579185627902	93.19920270467577	93.46622126485315	93.564476996723	93.69412197434971	93.88713668925092	93.98353220063285	94.02649772238993	94.10617702802826	94.16705621529768	94.18409174364629	94.19927037778409	94.21627680120775	94.24378012370126	94.28908484985377	94.31050191675888	94.32091649046961	94.35812173179758	94.36748603350283	94.37610691226833	94.38941368394822	94.39882954294907	94.40818220268434	94.41769036587567	94.42769164965235	94.43503274329002	94.44085040199971	94.45033361811255	94.46341752922439	94.47997989465048	94.4885117955026	94.49551028259535	94.54556992191281	94.55279542742005	94.55892658774974	94.56737533167349	94.57560869915272	94.58288409881698	94.58568815044205	94.59223176913655	94.59815836342241	94.60263636401586	94.60758004340825
CV_GBM_C030_R2 - polyg	0.212752011852989	0.21529328758438288	0.21700798344764666	0.21738717904107455	0.21782791076150607	0.21792437279843072	0.21832685233180593	0.21870771106380146	0.21916174789277432	0.2193421984273661	0.21976380405426948	0.21994009674244208	0.22004653761077272	0.22014050493984585	0.220214514606107	0.2203026609501933	0.22035920766149397	0.22043404889703894	0.2205163742561384	0.22055296330462706	0.22058289979884504	0.2206086784466439	0.22064110964871336	0.22075087679417932	0.22077416073412667	0.2207849711348165	0.22080243408977698	0.22081823390616984	0.22083652843041413	0.22088891729529564	0.2210236315192766	0.22118079811392105	0.2214186269290973	0.2230060926919346	1.2442846035229833	69.55432925696408	69.76606592272151	69.92376139543046	70.54076834107966	72.81853057682751	74.488467223389	76.95266729257223	78.89267519015203	80.25854852807996	81.64163867646036	82.84149502785598	84.89931633529213	86.6638398300432	88.1820899235407	89.03471121536329	90.10760107379544	91.35904632042151	92.24357492566477	92.86317470434095	93.14978420527613	93.49731613508351	93.90499463962124	94.39574941032174	94.79767179227679	95.0008906938599	95.25098765068057	95.37915576125918	95.50966307623324	95.75247465455823	95.93859566009645	96.02868787630693	96.2475976587067	96.39660988495388	96.45348839239878	96.5251131179539	96.6191078888134	96.6505204185102	96.67458852829218	96.71123495506141
CV_GBM_C031_R1 - illumina_small_rna_3'_adapter	81.12004560419058	81.19212946376638	81.2150380729091	81.23637133404067	81.26014994182697	81.30231032001944	81.39127987756761	81.63472094661381	82.35785650140737	83.18158056759646	84.030146347391	85.43576433110856	86.24059540105301	86.97216973941853	87.60884511359265	88.2772764546108	89.31468377409233	90.2203645582961	90.95588336481083	91.4756709656186	92.16108963996467	92.85777154441365	93.3320234568709	93.55403776025841	93.79139392056737	94.19017649975518	94.49979234880506	95.26755497187048	95.42539671175882	95.60775594846835	95.8025360419806	95.88933263562694	96.03940841799711	96.22954377576036	96.30891997209744	96.4962044581373	96.79958294541659	96.92124859684769	96.96870214435762	97.0623316829581	97.12623897817927	97.14295291240074	97.15835066876775	97.17676699519482	97.20040839525112	97.24243054936002	97.26427198726941	97.2750412695443	97.29462233714605	97.30664884876921	97.31826780261657	97.33529579008672	97.34801443848121	97.36112438299463	97.373475111402	97.38644175006407	97.39555031062915	97.40236394486575	97.41190852110617	97.42706133626629	97.44611999814049	97.45711694361182	97.46684547984583	97.54721973537445	97.5574391703758	97.56519394800486	97.57387767278371	97.58281751865857	97.59057331264118	97.59455436951839	97.60226544394456	97.60971328279983	97.61597402070218	97.62137390714297
CV_GBM_C031_R1 - polyg	0	0	0.000030490606667332175	0.00006098121333466435	0.0000752101631127527	0.00009756994133546296	0.00011992971955817323	0.0001321259622251061	0.00013822408355857252	0.00016973104378148246	0.0001819272864484153	0.0001839599935595708	0.000187009054226304	0.00018904176133745947	0.00018904176133745947	0.0002124178931157475	0.00025815380311674575	0.0002916934704508111	0.0003140532486735214	0.0003770671691193413	0.00040145965445320697	0.0004034923615643624	0.00040857412934225114	0.0004126395435645621	0.000494964181566359	0.007803562599725881	6.9815866616523845	6.992474857293288	6.998259941731638	7.00038310430924	7.007554494997396	7.013828445495977	7.038127426302729	7.057470667172486	7.06572955616511	7.093243263268155	7.160684419802072	7.452060787943543	13.158091214032085	70.39404068003891	82.32024837079032	82.49517298124081	82.83262675417797	84.00079304035233	85.05452604699713	86.2707211367939	87.44047293451499	88.21643143265258	88.84690908284479	89.60249782302151	90.46285533676783	91.3364640681718	92.37078573825859	92.92973445791634	93.4380464107281	94.23223829165278	94.84632825711485	95.27133377439011	95.53269925474248	95.8444992475833	96.15996624405264	96.57912671202979	97.2268915198488	97.45477628137334	97.69119434735049	97.84901779287483	97.97642889095562	98.11348010251105	98.29921973114642	98.42861068595349	98.67049876676677	98.96076222776487	99.09080466520103	99.16498221310133
CV_GBM_C031_R2 - illumina_small_rna_5'_adapter	78.41042669794922	78.48253291730323	78.5053215967264	78.52615887732286	78.54950655120159	78.59099003792605	78.67806917786083	78.91630651670248	79.62386950231748	80.42410055606939	81.24354374108239	82.57467825447944	83.3173826806321	83.99499982508556	84.59033806744722	85.22355885588593	86.23029262506012	87.10670547592392	87.81700550166408	88.31979865466906	88.99118453547327	89.66914215836783	90.12138493457905	90.32828606059512	90.55929102753527	90.95040623549981	91.25283341585109	92.00342881100923	92.15966877769398	92.33801240150544	92.53124865396676	92.6143640150348	92.76229224234203	92.99194545905326	93.08921354338271	93.27114794430602	93.5685187657183	93.6937945049788	93.74940428977223	93.84346171321963	93.90583634727898	93.92215288726022	93.93710243170923	93.95499431970161	93.97801371138189	94.01889958221568	94.0402247125188	94.05078665866837	94.07012278506323	94.0816594142726	94.09266245786529	94.10877166172119	94.12099229687345	94.13375973023862	94.14573135876978	94.15837479700116	94.1671022249829	94.17367498342682	94.1830264524917	94.19755929198291	94.21583739432641	94.22642881472909	94.23576503849063	94.31074652205338	94.32045066580204	94.32809364453998	94.33658629485038	94.34533201719614	94.35287640963918	94.35673042232193	94.36499439308234	94.37273900717585	94.37892860032932	94.38402053164276
CV_GBM_C031_R2 - polyg	0.18861286013700568	0.19096470226461257	0.19274128827976245	0.19328402107844098	0.19370479145045016	0.1938308192913418	0.19424752424912867	0.19463577130735937	0.19496913527358886	0.1950961794680361	0.1955332114969345	0.1956663538127152	0.1957263186724943	0.1957893325929401	0.19584116662427456	0.19592958938360983	0.19597329258649968	0.19606374805294607	0.1961552198729481	0.19618977589383774	0.196213152025616	0.19624465898583893	0.1962954766636178	0.19641642273673154	0.19644488063628773	0.19646215864673255	0.19647333853584392	0.19649264925339988	0.1965099272638447	0.19656582670940148	0.19667660924695946	0.1968524384120744	0.19706180724452343	0.198945110383009	1.3849961700748965	79.62047488144185	79.73441421314345	79.836127827925	80.21108606341652	81.44054456711358	82.4075338304969	83.7929212966907	84.79008812984624	85.58090063519862	86.2488553063992	86.85252561520949	87.79229286496022	88.66210856489475	89.66712469656002	90.19834424216096	90.84804926891758	91.6031755682265	92.17098587453535	92.47759534976781	92.67740232796595	93.04797906327937	93.37757134146412	93.9692507110257	94.4090197800493	94.58254792071442	94.82604387285264	94.94662405868637	95.06987318895705	95.27322215929638	95.44187891736962	95.54725038859769	95.88349774986438	96.08375395633408	96.15417302878583	96.2373859597952	96.33252783248639	96.36208136117548	96.38516478312977	96.4206771927152
CV_GBM_C033_R1 - illumina_small_rna_3'_adapter	49.11066273675326	49.16042813340366	49.17919707032567	49.19643935873786	49.216324015306334	49.265363119081954	49.450025471616726	50.140677434866404	52.58410107148985	55.3345136548197	57.57954943704776	61.21599393430772	62.991506458762466	64.71787953634706	66.41179759565044	67.91770733804033	70.17504948407762	72.91919540224117	75.6307035343442	77.52981247094081	79.63294997731887	81.93131572517488	83.22276241051158	84.03285371484353	84.69371214093866	85.82905722430502	86.80013588366299	88.52417359517815	89.26520018100939	89.84157569430315	90.47608808527767	90.738430327716	91.16498165525157	91.80512759424826	92.1429027580088	92.93799515882795	94.14895473673519	94.58873343434061	94.75188533326319	95.18324357285158	95.51487869487464	95.59527262657343	95.66522251451528	95.78626853967087	95.9195946483014	96.06341258311484	96.15657517359415	96.21515403871518	96.37635522009745	96.42615406444602	96.4721350929594	96.54438451015116	96.59678271847267	96.64611090592541	96.6937153423612	96.7403677139595	96.76910287037873	96.79230721099165	96.83010072081461	96.87779833298106	96.94197371474414	96.98299134375961	97.02869523420233	97.20994472696202	97.24533836444053	97.27325166313304	97.30624065002448	97.33542137756591	97.35941293364672	97.37188414682555	97.39107117997483	97.4133031482192	97.43608939260486	97.45142994046333
CV_GBM_C033_R1 - polyg	0	0	0.00010034309454233191	0.00016484936960525957	0.00018157321869564824	0.00020546443168191773	0.00022457740207093335	0.00022457740207093335	0.0002651924641475915	0.0002807217525886667	0.00029266735908180144	0.0003034184049256227	0.0003046129655749362	0.0003093912081721901	0.00031655857206807096	0.00039062133232550643	0.0005853347181636029	0.0007884100285468936	0.0009042824115303007	0.001345075291126973	0.0017679497609839434	0.0018515690064358865	0.0018993514324084255	0.0019411610551343973	0.0019614685861727267	0.006063589855915201	7.51578737326936	7.524344011200391	7.526202747570723	7.530905732847071	7.557485901854944	7.5790751964699865	7.594953296620662	7.602548313228997	7.606243089317324	7.613901417640072	7.682042740758861	7.813056179972317	10.209815499390977	42.13977539822889	49.555693917533695	49.734378688579305	50.307113181013946	53.31120385839267	56.48366666473148	59.283800445967714	62.425480618934365	64.05393556009473	65.72578291684141	67.58089737928445	69.32796024731515	71.36131988248485	74.44985166304225	76.8788258940516	78.42071819232011	80.76839182009783	82.87051872816656	84.29401334223903	85.27623486333378	85.99791315032807	86.89609852430428	88.03596979797089	89.578462960246	90.62213865394469	91.35184797218432	91.94508112536118	92.27767309046433	92.62866726237017	93.20501291164769	93.8174008448363	94.54831547477107	95.85604521631856	96.45636808694911	96.73921376837225
CV_GBM_C033_R2 - illumina_small_rna_5'_adapter	47.3912814226491	47.4403587523655	47.458688090968565	47.475638906582326	47.49497167613081	47.543064687872175	47.723347781066565	48.394836602379954	50.77610963754091	53.43307054671433	55.589401838806324	59.071679922347826	60.768077889559194	62.42839415235804	64.06225448045655	65.51607421117248	67.70863533319749	70.34926659829479	72.9526586297104	74.77795924746789	76.83159774422035	79.06798849102931	80.30857795128213	81.06436691761758	81.707102664102	82.81965791940075	83.76362483026189	85.44372421197403	86.17620730004136	86.73952865455942	87.36018533656257	87.60612028848257	88.02424876887983	88.8046038749684	89.21172447898222	89.97430810629095	91.15133021615121	91.60025685920905	91.79278061537696	92.22390830476004	92.54606817171273	92.62369072270513	92.69125865671225	92.80818942043095	92.93718524670771	93.07646385105377	93.16693629095082	93.22403748454866	93.38223554045854	93.43009919655523	93.47374246987789	93.54209284111032	93.5920708695563	93.63932888340378	93.68518687217028	93.73060526261783	93.75794875588062	93.7801544437907	93.81674144735787	93.86214311395634	93.92336793091559	93.96262477753399	94.00627163453859	94.17302274469756	94.20726243658885	94.23460234616968	94.26676350253115	94.29527169242701	94.3184342234172	94.33040969392657	94.34949280029934	94.37112629365842	94.39330928491617	94.40792712358181
CV_GBM_C033_R2 - polyg	0.11730824488388189	0.12063629085286924	0.12207693099594129	0.12235167994528338	0.12269093516968842	0.12287967575227994	0.12342917365096415	0.12370631172160487	0.12404795606730852	0.12429523012171642	0.12463448534612144	0.1248530899449458	0.12496537864598128	0.12503705228494008	0.125101558560003	0.12517323219896181	0.12522698742818095	0.1252783535361014	0.1253297196440219	0.12535241629635885	0.12537391838804648	0.12540736608622727	0.12545275939090117	0.1255280167118079	0.12554832424284623	0.125562658970638	0.12557579913778044	0.12558655018362427	0.1256152196392078	0.12566897486842693	0.12574542674998296	0.12588519034595264	0.12606437444334967	0.12707377819201954	0.8156101745317614	47.99895084127292	48.07070451579523	48.18854911841066	49.16921054329741	52.991429529056646	55.563320996149855	58.91737016135146	61.32836506002799	62.913180311547634	64.76892908569548	66.06256778982365	68.14113557276661	70.32491786857983	73.40806456973013	75.58907070659433	77.49355636067351	79.89835268414075	81.54034677570043	82.54040069816814	83.14284152482992	84.11489852935966	85.21389074304611	86.57490147323492	87.85402387635264	88.45668211305261	89.20917170287464	89.5753451569513	89.92174624316051	90.58203128014398	91.21796161460927	91.63562302179264	93.0128821659334	93.73051089232654	93.97124592174009	94.32357561245183	94.7824218871416	94.88244125574795	94.9618723715634	95.08686403054367
CV_GBM_C035_R1 - illumina_small_rna_3'_adapter	23.465304721346513	23.50172654528107	23.517381784786682	23.530121043909805	23.54306140512827	23.571070458074264	23.670981889359773	24.06973382741139	26.026331526300662	28.012478664324572	29.873319645356453	33.18835501558402	35.09407109126656	37.32058969837758	39.727037422586164	41.665993998778305	44.32109748116832	48.23092441884986	52.81841095269045	56.156447375073	59.14580488460231	62.102764008646275	64.62074518940048	65.67379955316233	66.85665694021486	69.3280159518651	71.03261596678016	75.09551371949217	76.47158134118898	77.96704634928473	79.40723621200742	79.93488900700532	80.73503653773695	82.80432682330472	83.37427809235669	85.12766072735835	88.07881023531459	89.23853529523325	89.59625821620764	90.49739949852957	91.09114365923696	91.27879286232802	91.4261224918449	91.66468124898925	91.91814530240867	92.28610487865303	92.44853671691332	92.54195003674303	92.69113846409951	92.79126496290365	92.87300877503407	92.98765093480354	93.09681585555953	93.19252229789309	93.2861590644954	93.38159737070183	93.44907969257076	93.51266286825773	93.59775000272325	93.72225454441856	93.88827689300615	94.00069855047286	94.1121901107486	94.71934387089692	94.82631203056975	94.92949556053159	95.02755657323146	95.12597091114053	95.19720993187389	95.22960971390154	95.28371316026077	95.33006021052596	95.36609798532011	95.3995172432478
CV_GBM_C035_R1 - polyg	0	0	0.0001173095556174379	0.0001675850794534827	0.00017596433342615685	0.00017596433342615685	0.00017596433342615685	0.0001787574180837149	0.00018155050274127295	0.00021227443397441145	0.00023042948424853871	0.00023322256890609676	0.00023741219589243384	0.0002513776191802241	0.00028070500808458353	0.0003226012779479542	0.000432928121921497	0.0005264964579496915	0.0005725823547993993	0.0008239599739796233	0.0010306482386389186	0.0010920961011051957	0.0011409750826124614	0.001156337048229031	0.0011870609794621691	0.010408429976390054	3.7365062588837548	3.739648479123508	3.7404151808620076	3.74422075870793	3.774346969824351	3.7958802559917952	3.80813631146916	3.811964233992343	3.8134361896068762	3.8163521699893668	3.8909303234308243	4.026281809393758	5.5190626631336	20.30520594670068	23.773397321040783	23.9158572074572	24.480663614569956	26.97400978864449	29.249403187635796	31.798081765318884	34.59546218708025	36.36349594765312	38.68416385240111	41.11970574294516	43.291616751916266	45.86688968516629	50.599408536392914	54.6249976607916	57.23626228293892	60.563911223480005	63.35935324448904	65.71326444283127	67.04358692400659	68.53313757533996	70.3750121150047	72.67520670921279	76.15100504961775	78.13020438955598	79.9775994610464	81.12516482690836	81.83953812434869	82.6967721158538	84.4487889324579	85.72348852922028	87.73118850500423	90.72741839933346	92.0251078759122	92.70714842535662
CV_GBM_C035_R2 - illumina_small_rna_5'_adapter	22.50141399910789	22.53769337572491	22.553002272732986	22.565275086718295	22.57774620971429	22.605009509056718	22.702152993446585	23.0889868392644	24.99238186159651	26.901390984090312	28.67773556806175	31.84299037698543	33.665968302399456	35.81289516910871	38.13581848971768	40.005372498338815	42.57794870835197	46.33203603861271	50.72741979587579	53.931506860793505	56.836747832775785	59.69403573081479	62.103036334400386	63.076331372681004	64.22119582567912	66.63205662364665	68.2838198560947	72.23264803139205	73.58807196438482	75.03916323652595	76.43991753696858	76.93804882367843	77.72187496421361	80.23300051867582	80.92960141844011	82.60515614600124	85.46273033521764	86.63729505392189	87.05749089943191	87.95895617957412	88.53510390693889	88.71727028484716	88.8593237774459	89.08941390190854	89.33332001962981	89.69019663595297	89.8473607165491	89.93828539794893	90.08327302598043	90.1790283472955	90.25696518503767	90.36607284755819	90.4696334439488	90.56153011880944	90.6519715965635	90.74409451128142	90.80856169826251	90.86925123824426	90.95162349442262	91.07062146971556	91.22954100401897	91.33733452020812	91.443470340653	91.99835012489278	92.10049881698899	92.20092277930917	92.29667391099724	92.39209545869574	92.46055117056781	92.49194264903412	92.54460905333703	92.5894213035829	92.62399829510113	92.65562439267865
CV_GBM_C035_R2 - polyg	0.13547298514553788	0.14138594536558824	0.14274617759381902	0.14301710680560215	0.14361762000697711	0.14400865185903525	0.1448242325790422	0.14518733358452474	0.14587163932562647	0.1464567905613849	0.146980493934677	0.14734638802481712	0.14750419730796915	0.14768155818372408	0.14776395418112204	0.14785472943249267	0.14793014271824673	0.14797622861509646	0.14803348685057638	0.1480809692897549	0.14811029667865924	0.14813403789824847	0.14816336528715285	0.14824855436920836	0.1482932437237293	0.1483253641972912	0.1483658639248258	0.14839379477140138	0.14841474290633305	0.14850132853071735	0.14868287903345864	0.14893006702565253	0.14914094491729818	0.14991323282511299	0.4995627425968593	23.091474081151958	23.14035585574388	23.21227638913367	23.874196953247395	26.75337285920535	28.72195289127555	31.694220912327587	34.11715761181206	36.043584410230395	38.59965488645972	40.44764348843984	42.83764553018473	45.75243326552655	50.62049632555748	54.50826208407129	57.510363042350704	60.548746170331796	63.34519370181754	64.8904468404766	65.8517008907985	67.98052856892676	69.93295200279532	73.01263368052307	75.71462607160184	77.13966624314193	78.92801969459853	79.67374816040461	80.37028202613713	82.26404509602764	83.80725230017504	84.66799859563704	87.91502794062237	89.79128814550631	90.3403108312192	91.1133947681614	91.92500372178532	92.14807901413049	92.30831548784994	92.53868911040533
CV_GBM_C036_R1 - illumina_small_rna_3'_adapter	17.106337901294452	17.127224500204324	17.135513039642145	17.142599285447226	17.150827970440126	17.166827323803933	17.215754428975192	17.452426711289977	18.978163354907217	20.68162476087824	22.602072842703326	25.88163320295734	27.67978694315881	29.80008381183709	32.29776685928608	34.56635441643699	37.282005232163286	41.34712395358491	45.47043811085527	48.83683165648503	51.782064605170284	54.39973629692989	56.71726917582225	57.77612943841203	59.10244278220844	61.58202116125274	63.21543465009729	67.06167347354835	69.3631029043901	71.0016521648455	72.98918536877352	73.51379136192622	74.3061796357326	75.81488768977015	76.78137432727833	79.04978622464523	83.34208639531107	84.87120481506629	85.46462910685744	87.05787766079357	88.11334964132745	88.33708555643801	88.56142001599778	89.02805958161275	89.53335080562651	89.98538979023178	90.23235833825636	90.41118910665757	90.65108962544727	90.89023806012473	91.04157091581959	91.2625587311982	91.49141610490017	91.68195882675191	91.898503100187	92.07591948203108	92.2265874329139	92.38114332034934	92.56346906786044	92.81775156881753	93.13661441347601	93.35153871334751	93.59990863609337	94.37866571066107	94.55881587921769	94.67962166681983	94.82364447313294	94.95236405930035	95.05748798233347	95.10919571682632	95.20383470252979	95.27394767883553	95.33322179587641	95.39371642312022
CV_GBM_C036_R1 - polyg	0	0	0.00012751599135108475	0.00014833492871452718	0.00015353966305538776	0.00016655149890753928	0.00018476806910055138	0.00018997280344141198	0.0001977799049527029	0.00020818937363442408	0.00021990002590136046	0.0002290083109978665	0.00023811659609437256	0.00024592369760566344	0.00025633316628738466	0.0003096816932812058	0.0004541130712400875	0.0005933397148581087	0.0006818201986527389	0.0010643681727059932	0.0012673528119995568	0.001323303706163808	0.0013623392137202626	0.0013961699869358564	0.0014651327169522596	0.01876046493163204	3.4123370368401247	3.4148509235267603	3.415315446066682	3.418237904399075	3.4484643990836235	3.4731998990385633	3.4890209902511944	3.4930442498966796	3.494160665412794	3.4957871448943134	3.587732680576371	3.6842193469708304	4.654083857066233	14.845718792419397	17.322735140984413	17.41420184110711	17.751265641755587	19.57057012113473	21.606534679288043	24.043742617246984	26.840485796371066	28.58353050818792	30.72686613342602	33.44829550545426	35.73981121856025	38.28346768444206	42.79455406786032	46.58736889566961	49.49874374628398	52.70999847423213	55.16790694184826	57.4145070987762	58.87636343546089	60.427817972639915	62.296050858373896	64.45932191732108	67.94214016542155	70.64358856231523	72.79016933941486	74.37742073820672	75.0841976380239	75.81079156384388	77.14470772332871	78.64549677406663	81.11515623064082	85.43858461621576	87.38218335638899	88.42670978060406
CV_GBM_C036_R2 - illumina_small_rna_5'_adapter	16.52681415374416	16.547867304152938	16.556077772575645	16.563072935529764	16.57111164771922	16.586785705186724	16.6348045842155	16.864924105995144	18.353642076613014	19.99761597143517	21.841694986276806	24.989995850005073	26.721448317261245	28.776485624406643	31.202300398893442	33.40678254435156	36.050336078804676	39.986527024685245	43.96917542929234	47.23123487032521	50.10578752666157	52.64670500109651	54.878471665153	55.87885023150528	57.1668801518575	59.59566813083651	61.18148692650105	64.93052083021863	67.2066981912221	68.80748710403455	70.7484691640179	71.24065096341064	72.01632553406495	73.81876797536329	74.96910274517728	77.14799971779931	81.3301000482661	82.89705168194504	83.58614029210479	85.17429601348837	86.20377685190759	86.42155855093222	86.63875471734349	87.09017433856219	87.57792040311293	88.01648823406043	88.25673356650023	88.43178569776998	88.66524926136361	88.89282366805057	89.03742419987555	89.24785030809295	89.46645305395984	89.65031549928509	89.85929339017216	90.03127212581363	90.17491628770345	90.3225719985865	90.49987387627507	90.74100791710357	91.04445173627725	91.2508701990522	91.48864718623084	92.20798441119608	92.3813502085394	92.49933893367952	92.64008796209225	92.76560793782362	92.86731625394555	92.9175367356005	93.00941591091973	93.07713340824506	93.13440890729908	93.19197587147616
CV_GBM_C036_R2 - polyg	0.11863671456557656	0.12734423511783635	0.1292908057613182	0.12967335373537148	0.13033175262949034	0.13073511954090705	0.13169279065962539	0.13207794100084908	0.132585402599083	0.13322948847376448	0.13368360154500458	0.13411038976095513	0.13430166374798178	0.13446170932896323	0.13455149099634306	0.134647778581649	0.1347193436788358	0.13478049930734093	0.13483254665074956	0.13486897979113557	0.13489240109566947	0.13491972595095897	0.13494444843907805	0.13499779696607186	0.13502902537211703	0.13504984430948047	0.13507196443042913	0.135095385734963	0.13511880703949686	0.13514743307837163	0.1351994804217802	0.1352424194800923	0.13531528576086438	0.13576679646493403	0.38941301864884936	16.86215909087656	16.891559333984496	16.9308719936446	17.3688256659399	19.654286971823886	21.530199443077812	24.515421666887477	26.803439798516408	28.65898224074379	31.11134116036898	33.33038224896207	35.86094880797661	38.98315703727056	43.47091189782232	47.006929036804316	50.280155235365505	52.91333183072653	55.442007769991754	56.95180881824086	58.02544402044076	60.18580823525858	62.06305441968735	64.98567409884515	68.19785526950596	70.06459960121846	72.25382667032352	73.15275975963809	73.80673202720004	75.26041823215317	76.88640196272614	78.00851796412756	82.53943048183375	85.12516462249424	86.0074217429807	87.28371108384351	88.75601592471747	89.03003607947869	89.2658964232363	89.68669138759336
CV_GBM_C039_R1 - illumina_small_rna_3'_adapter	57.43257810136594	57.51565294431662	57.54868379951123	57.57183693588777	57.5984173376362	57.64415691661821	57.78831395643071	58.38026009470094	60.68532150286991	63.16747717837948	65.3809423940013	68.84446631170611	70.5090270129123	72.0433282230696	73.57798423280528	75.01375587532087	77.20227178170049	80.02544405754317	81.81401213917191	83.28496068155422	85.25062549440952	87.16959843635883	88.35523637610274	88.9672373141534	89.42931695118554	90.27826980211594	90.95550704875888	92.3206895904317	92.89777480052749	93.33127582429674	93.72447506540016	93.90764527552085	94.18138054191397	94.61308785670354	94.8843641649075	95.25033130642576	95.8588236708678	96.12897398318752	96.25468267686622	96.5644572032125	96.8176682995496	96.88456773116559	96.92102585173211	96.99071070642714	97.05821379010362	97.1501832613739	97.19908646992997	97.2270737505622	97.27362271608243	97.30321891424725	97.32309877812446	97.3459476245848	97.37608834154702	97.39408086877802	97.42419078716574	97.45400750312407	97.46878712306179	97.48422706443708	97.5099401783272	97.53843994723934	97.58691320769519	97.62310276469194	97.64862615936306	97.72999845711462	97.7503920412147	97.76167294308763	97.77449254174329	97.78580301024775	97.79581993862263	97.80212255891115	97.81230703153139	97.82144928039007	97.83060384867858	97.83946767842366
CV_GBM_C039_R1 - polyg	0	0	0.00005666937710548295	0.00014783315766647725	0.0001724720172775568	0.00018971921900531248	0.00020696642073306817	0.00022421362246082384	0.00023899693822747157	0.0002574760829357812	0.0002796510565857528	0.00028950660043018466	0.00029073854341073863	0.0002919704863912926	0.00029936214427461646	0.00037451066608840903	0.0005790132008603692	0.0007711963058267897	0.0008882308889794175	0.0014721718617620027	0.0020142267732057525	0.0021214058125139487	0.0021805390755805397	0.002208873764133281	0.002490988706680142	0.12557564383680855	12.534766046882723	12.544155916280506	12.545384163432118	12.552202967829484	12.598512936411488	12.633778536172827	12.654726494614167	12.660075591035731	12.661908722190798	12.664259269397693	13.021602810052084	13.335713775689893	15.845355331038602	49.21983022150286	57.7769874726675	58.0769273982	58.541170327105995	60.903982758317376	64.05392790975199	66.65004447067771	69.76271349140673	71.39905900252927	72.86270705080884	74.51988964550446	76.06249784717963	77.95578970575633	80.66981183352192	82.61177529537434	83.88619320601185	85.97677087738043	87.8553286979097	89.2450798784437	90.13953207947492	90.6201894166538	91.20918751537157	92.08693580152945	93.21037663601412	94.14581681195133	94.71590704980356	95.1384240699582	95.3651286811257	95.5826232865706	95.91525528297805	96.42347857628982	96.7618797616752	97.40534329150624	97.83588765212217	98.06124328572596
CV_GBM_C039_R2 - illumina_small_rna_5'_adapter	55.4038242565335	55.48636690011658	55.51907991402221	55.5418807147063	55.5680324002975	55.612648447281245	55.75328213016936	56.32957027315675	58.57338194021854	60.96895050333987	63.093686257730255	66.4047461441047	67.98683688636365	69.4518536232946	70.92478928970455	72.30795327112153	74.42766023426529	77.1536999658062	78.87584168192346	80.29159055517609	82.20966910652153	84.07061137437185	85.20317721051347	85.75924916918999	86.20772445988786	87.0360989352711	87.69535597411283	89.02534560066016	89.59578201448991	90.01865260227997	90.40739344173676	90.57646652833097	90.84488349687706	91.37448100090144	91.69960307289944	92.05243277447309	92.64500843560637	92.92191841906039	93.06843709356662	93.3778420370187	93.6233054439511	93.68807238226776	93.7232246432749	93.79082505044684	93.85618824916608	93.94555339297547	93.99311501562572	94.02021036954002	94.06550644904902	94.09375982936506	94.11284139419087	94.13460736277128	94.16326358844195	94.18058224286258	94.20987661499717	94.23887532081643	94.25298722765868	94.26775452816658	94.29269028603596	94.31972281085827	94.36596379063336	94.40061218696144	94.42474841383645	94.50041681558804	94.51999978120693	94.53099487230837	94.54344365612687	94.5543574389916	94.56405036636261	94.5700302175902	94.58033418867956	94.5894604222795	94.59844128660774	94.606850529393
CV_GBM_C039_R2 - polyg	0.1371325009373854	0.13989205321382633	0.14122255163282463	0.14159213452699082	0.14191983135981817	0.1420553450876791	0.14250623621856187	0.14280436641985592	0.1430458272440445	0.14324047423497205	0.14353244472136334	0.14369752508075756	0.14380470412006574	0.1438995637295684	0.14396978447946	0.1440412371723321	0.14409174683453485	0.14413363289587366	0.14418537450105695	0.14421370918960968	0.1442445077641235	0.14427407439565682	0.144312264628054	0.14439726869371222	0.1444194436673622	0.1444305311541872	0.14444531446995382	0.1444564019567788	0.14447734498744824	0.14453031853561205	0.14461285871530916	0.14473974884230623	0.1448900458859338	0.14600741816929627	0.9410898664460471	56.15857781939883	56.24748960819137	56.35794068805592	57.228908360048834	60.732801817283445	63.262604119508914	66.49112505812923	68.7914792121695	70.21388427334608	71.8881785560416	73.07965836939928	75.12280007630162	77.56067972109008	79.8665369644245	81.3725884900947	83.14465839132788	85.2571326172328	86.67588496747203	87.49928485709978	87.94097214197483	88.65650433616827	89.45326345884155	90.48800686261228	91.46729558505638	92.003277017606	92.4644216099159	92.72075075393678	92.94249063489266	93.39616226108252	93.86791511439799	94.10295751565786	94.7462054554673	95.16643106167811	95.3472186940744	95.59168792302151	95.94220526762064	96.02065662856529	96.06748154931317	96.14116036315116
CV_GBM_C049_R1 - illumina_small_rna_3'_adapter	38.691996486207614	38.74240746714544	38.76266666349127	38.7809152828741	38.80141034417116	38.83898385989878	38.99411200933421	39.688977025540076	42.814915833882104	45.749837236009014	48.08288738637063	51.704908580920346	53.54290796799207	55.53961355291001	57.56773841028901	59.10305207643938	62.25435667181914	65.79090086602969	68.88448724688513	71.17019266067504	73.68252536343984	76.22013340017853	77.94404628430607	78.77968145728451	79.53508476265013	81.1837464225527	82.41255129461578	84.72026428232695	85.65525699352747	86.43476661289023	87.22645762650657	87.55921040383355	88.10712583053946	89.14042728241189	89.51406484458778	90.51009161933587	92.09358699914222	92.69589105164327	92.92335531770242	93.41248770267697	93.77277828554895	93.87593828737818	93.96087256933438	94.10780040430001	94.28941985168125	94.62133679689947	94.7674562791681	94.83072876980145	94.94091777617272	95.01072922183778	95.06499877018183	95.14375819931263	95.2278509242826	95.28757170094147	95.3630427604608	95.4390668431425	95.48696002297461	95.52326834078418	95.56304707930835	95.63921084900001	95.7511253334369	95.82027040336592	95.88454131262785	96.20202584177625	96.25967650274654	96.31113742621005	96.37074027039328	96.42741426726938	96.46435232159925	96.48209600679036	96.51253747018168	96.54190265661106	96.56943473727861	96.59180755838167
CV_GBM_C049_R1 - polyg	0	0	0.00010075784324813793	0.00014655686290638244	0.00016029656880385578	0.00017632622568424137	0.00019006593158171471	0.00019922573551336362	0.00020609558846210028	0.00021640036788520532	0.00021869031886811752	0.00023014007378267866	0.00023815490222287144	0.00023929987771432754	0.0002461697306630642	0.00030685343171023825	0.0005060791672236018	0.0006846953438907554	0.000762553677309771	0.0012056591925032867	0.001593805884106909	0.0016739541685088367	0.0017220431391499935	0.001746087624470572	0.0018102062519921142	0.03267302062419163	9.064026731788598	9.068405118067925	9.069488264882843	9.076793208518334	9.134788507111569	9.17231278889306	9.191222059134457	9.195908443820986	9.197695750563149	9.199935322624437	9.333902035026771	9.480474927590032	10.966134441602437	33.269886043108286	39.09688386447182	39.28871763821234	39.68401355678461	42.45975130628537	46.28831577471435	49.04394889956062	52.34820962586849	54.263008244029635	56.06726405839265	58.33778480721487	60.01176187523353	62.65280127299291	66.37122367904578	69.48652681004768	71.46265375045768	74.0768182834816	76.58524890977151	78.60252512436895	79.89535702591425	80.66940053228078	81.80545666465846	83.3896894086813	85.26280061417401	86.8893081432924	87.86638786360786	88.70335578805835	89.11394514427	89.56226945775357	90.29285770929287	91.29519444397437	91.95416562349857	93.6930101330102	94.73148229420204	95.16790344247644
CV_GBM_C049_R2 - illumina_small_rna_5'_adapter	37.212287409824306	37.262038884879054	37.282085115783474	37.29998337266591	37.32010288200178	37.356936743561924	37.50888415108208	38.18468761530619	41.233205470866935	44.06850255548225	46.31120039986208	49.783481699639175	51.54837898148339	53.47553532012381	55.44081018282579	56.92644908727935	59.99798324016935	63.40757942174021	66.38102123432617	68.57878795047029	71.03107241358566	73.49525088210629	75.14729823453709	75.90598532961222	76.64279995787406	78.26236321063678	79.46420161992506	81.71134082423626	82.63322929093707	83.39198966444363	84.16856929152374	84.48158612630449	85.01916471427354	86.2817280437267	86.73477881603901	87.69105089674824	89.22828812172426	89.84283768710645	90.11107109548988	90.60259075436413	90.95273456443083	91.05280885731057	91.13501695262163	91.27705001736126	91.45279345052035	91.77643909278828	91.91881221524889	91.98011076813498	92.08734802768927	92.15391117788506	92.20562743088315	92.28025464346527	92.36009034955805	92.41732767437594	92.49012407114722	92.56366012208599	92.60915343328801	92.64370192376721	92.68227156817241	92.75496835207593	92.86206592462025	92.92821573866365	92.98902195208842	93.28090711919884	93.33612356227431	93.3864738595111	93.44463632452607	93.49951499983158	93.53509396825308	93.55246782636044	93.5820746026185	93.61041503598304	93.63697045255637	93.65805288628056
CV_GBM_C049_R2 - polyg	0.13672610333674023	0.14144798226350525	0.14298224942205645	0.14327765309885213	0.14369900407970798	0.14393715898193085	0.14470429256120643	0.14499969623800213	0.1455607342288156	0.14597407038123128	0.14645953998960864	0.14674692883796414	0.1469381397450373	0.14711446597072156	0.14723239844634153	0.14732399648565803	0.1473789553092479	0.14744650886324384	0.147519787294697	0.14755757148591508	0.14759192075065874	0.1476239800644195	0.14765489440268884	0.14779114648617211	0.14784267038328763	0.14786671486860822	0.14789648423138607	0.14791594881474085	0.14792281866768958	0.14796289280989056	0.1480315913393779	0.14809227504042508	0.14820219268760487	0.14902428509047033	0.6891458636260454	37.95769278919854	38.03939022544041	38.14300936244169	39.214446513008056	43.70499573645476	46.39317034027091	49.77259412769092	52.213565087975226	53.98774239617769	56.22990782695399	57.63104296023612	60.18761293608882	63.233737792872425	66.93249638983502	69.39692102808633	71.74322426976154	74.47477169016955	76.46728895473973	77.62594461336778	78.29728839805266	79.65054638115956	81.1054449836185	82.90446825998555	84.53547439780988	85.40637596090065	86.33024294525069	86.79716509564199	87.24941324013477	88.26096817249797	89.11997000530604	89.62692164385413	91.4063120254692	92.36689150397729	92.70830373094614	93.13291445702617	93.62093850572501	93.75034249079388	93.84623991308078	93.99357306937037
CV_GBM_C050_R1 - illumina_small_rna_3'_adapter	35.26627144883286	35.28117245576973	35.28710952600692	35.293156895512546	35.30411258246328	35.32874113641972	35.39386861214779	35.59988219189676	36.58425649755491	37.94960023408899	39.32227993254351	42.20077160701686	44.32658107372732	46.564579744409016	49.407658990297165	51.62541138180272	54.848503424527145	59.33429194710344	63.04812982817813	66.24065518613904	69.03239860713235	71.82282267918407	74.05164742032814	75.12037627322741	76.04805887605258	77.7542549268509	80.22513353370326	82.99975617498258	83.93813356456585	85.15931615726257	86.18364425176954	86.62516692044338	87.32044048012847	88.76749476317103	89.28596920126255	90.02158790008541	91.36946723226151	92.02925942631865	92.25405675936719	92.78828490258613	93.1833843060898	93.32975567757529	93.44465463761229	93.59240687109292	93.7839267027423	94.11986009386256	94.31894921280791	94.43860801050559	94.52933552220819	94.60827479959737	94.68710271714824	94.7820725084058	94.86782594733019	94.94782473403824	95.01086818993491	95.07588324525477	95.12485505986758	95.16821221748937	95.24841357304616	95.338957606158	95.47380270409262	95.55822088552708	95.63708910473372	95.91605080257035	95.97570043482304	96.01344293545382	96.05625389958291	96.09377474110693	96.12368493310933	96.14252277547322	96.17274053274335	96.19901084888755	96.2372083340006	96.2699163093695
CV_GBM_C050_R1 - polya	0.06308906040189448	0.0646162810416875	0.06756890761195403	0.06986185971142106	0.07154392355497087	0.07313902066764359	0.07444140049102264	0.07652435975251813	0.0777821956405699	0.07861580357312359	0.0851425506684613	0.08609706356833194	0.08725308474706417	0.0891377174393643	0.09083887154091154	0.0914062764313902	0.09186232148355061	0.09219427985872786	0.09255911590045618	0.09282531894253122	0.0931042488232712	0.09338211813412242	0.09365362402564117	0.0941542130131289	0.09486267369881066	0.09512357389144198	0.09540250377218196	0.09563688971759463	0.09578218779235273	0.09598793835076927	0.09615020554374729	0.09644504397281844	0.09689472560564638	0.09701987285251831	0.09710577901350667	0.09717047377672014	0.09723304740015609	0.09732849869014315	0.09745364593701508	0.09755121836677964	0.09766894162443035	0.09781742140885469	0.09798287031149892	0.09806665533270979	0.09815680377325313	0.0982713453212376	0.09834982749300475	0.09844952106254679	0.09850467069676153	0.09854815406220009	0.0986213333845235	0.09873163265295301	0.09882602337305132	0.0988960209857085	0.09897026087792066	0.09904450077013283	0.09914313376978612	0.09926828101665805	0.09937115629586633	0.09945388074718846	0.09951539380073568	0.09955887716617423	0.0996405410476076	0.09969463011193361	0.09974765860637086	0.09983674647702545	0.09990462294990515	0.09997037828300734	0.10004249703544202	0.10011567635776544	0.10013900889531782	0.10016022029309274	0.10019734023919882	0.10027051956152222
CV_GBM_C050_R1 - polyg	0	0	0.00010181470931953518	0.00016120662308926402	0.00017817574130918657	0.0001951448595291091	0.0002121139777490316	0.00022059853685899288	0.00024605221418887667	0.00027256646140750565	0.0003139286870685668	0.00031711039673480224	0.00032241324617852805	0.00032453438595601836	0.00032665552573350867	0.0003425640740646861	0.00038286572983700206	0.00043483365438551477	0.00046771132093661474	0.0006469476321345465	0.0007954274165588686	0.0008325473626649492	0.0008537587604398522	0.00087178844854852	0.0010860235660750419	0.07733993799696316	9.57108750730335	9.577921819666424	9.578539071341673	9.581519272729047	9.603995930381224	9.62593169739014	9.64111799762708	9.645575572869477	9.647022190197726	9.648551531977295	10.043756992469849	10.347074677801519	11.872902789330624	30.339152220732593	35.42570585963803	35.635432494567496	35.87697728672921	36.97420365253906	38.649224251457724	40.404535293803846	43.121378087544315	45.04394842533476	47.154864309097576	50.065456252393574	52.318328355195035	55.12322496394858	59.451709760626194	63.299167781414	66.05412851752587	69.35260692851219	71.95428561974347	74.44256711790027	76.11136641385156	76.99952581920274	78.12066061201458	80.6799143865563	83.30212889254338	85.13377763434158	86.48406339959527	87.5746866572778	88.14210851687467	88.69460391585736	89.65854210032927	91.08709368109278	91.79078710512465	93.1773910256485	94.20859797645386	94.69202906428146
CV_GBM_C050_R2 - illumina_small_rna_5'_adapter	34.138542032452804	34.15375696807674	34.15963888867972	34.165643835389794	34.176376802663896	34.200396589504194	34.263755034657834	34.463916389760705	35.4236260820862	36.740233450522766	38.05855151818989	40.82013869496663	42.85674256776485	45.007864656009986	47.75873795577063	49.90373101062872	53.03611887418809	57.36863489701283	60.95051879366963	64.0358767460825	66.75795769450347	69.46161124110752	71.61581322430958	72.58475623808648	73.48798634155675	75.15695532869023	77.57225052824334	80.2710127265205	81.19481894640231	82.38840975287343	83.38742204413603	83.79705019454565	84.47608855037383	86.23875994774784	86.88214830733577	87.59069383860863	88.90392965536887	89.57280881223278	89.84065149535581	90.38062050338252	90.76690232883118	90.90916717370746	91.02007202754342	91.16327759791102	91.34878187715142	91.67603238259252	91.86956305475096	91.98712616634847	92.07557239222038	92.15196312016693	92.22701540891386	92.31690188869467	92.39940149920038	92.47672552864901	92.5379204112296	92.60112401317949	92.64852936606663	92.69052793366093	92.76877784062245	92.85648697042166	92.98542681521575	93.06675873827393	93.1418842063432	93.40054235422971	93.45780040138328	93.49450142238331	93.53612772994666	93.57234831278708	93.60127005365317	93.61953412770725	93.64910811905492	93.67449073820225	93.711547050115	93.7422950923295
CV_GBM_C050_R2 - polyg	0.1537020305565033	0.1587121627109354	0.1605321006400221	0.1609266326386353	0.1614484330238979	0.1618514495816211	0.16267233067550985	0.16308807407189793	0.1637138103062576	0.16423030784207648	0.16477756190466897	0.16523997037616187	0.16545102378402216	0.16563238123499757	0.16573843822387208	0.1658911602878514	0.16598130872839473	0.166088426287158	0.16618705928681127	0.16628463171657584	0.1663281150820144	0.16637902243667418	0.1664246269418902	0.16654977418876216	0.166579470145647	0.16660280268319938	0.16666749744641285	0.16673537391929255	0.16678734184384106	0.16682976463939087	0.16691142852082425	0.16699627411192386	0.16713945104690442	0.1680282086136729	0.6916241386979362	34.60442811261089	34.644618408544886	34.700496654273195	35.05658405498927	36.72802629110332	38.18186928200373	40.57335044527497	43.1504408842056	45.04821191628752	47.984029514387316	50.03068440802117	53.04793574388849	56.69269128411999	60.892624404582804	64.30176267776079	67.27611608276814	70.0325563138748	72.5933203399381	74.03211066240756	74.92153426706614	76.26034678726336	78.62760665541543	81.15497545682192	82.97570775275528	84.1271790866648	85.39978234984743	85.99497098970156	86.5719496445659	87.96443654626265	89.17524676544744	89.63774008253142	91.00363425483776	92.01565231464605	92.35595419313805	92.83564146925838	93.34839519337	93.52185670152372	93.64688092228855	93.80150458807836
DC_1023_R1 - illumina_small_rna_3'_adapter	27.239556061232236	27.262563564567706	27.276383435642696	27.291199222693727	27.312423913479492	27.358319041375545	27.44832955843268	27.745862530090726	28.800187133841426	30.158359861635304	31.873702177782377	35.26164234228987	37.441528743318486	39.26447148137737	41.09410130340503	42.986215631485265	44.80103581409138	46.734177884425485	49.95786875825415	53.167297131685146	55.559617943270595	58.126322412735554	60.974788110423106	61.99084372064988	63.02252353120453	65.79028161214822	68.86173412639803	73.46941623493657	74.8330665005987	76.37740942889597	77.83187862489208	78.29761227607835	79.47422859929489	84.55323101731126	85.058152732629	86.2329662635	88.57854818504303	89.71992475916278	90.01524765802213	90.92755279930003	91.55044906128003	91.70013615462395	91.81570697815886	91.91914545491153	92.06563885473966	92.46056410955507	92.72605717326157	92.79767244600191	92.89050626189854	92.95059626626798	93.01304388654364	93.09861274130023	93.1636131647182	93.27184218174452	93.32564777187622	93.36961715483713	93.40210430283346	93.4321323990371	93.52291598050155	93.61445264657755	93.84930131422486	93.92786033446485	93.99938492967036	94.29589124720493	94.35667439679844	94.40229288136781	94.45362097681837	94.49412924438103	94.52622755481265	94.55684582344654	94.6578974830529	94.69369974024728	94.73675927404487	94.76418384916299
DC_1023_R1 - polyg	0	0	0.000055328665335807346	0.00011987877489424925	0.00015369073704390928	0.00016291218126654385	0.00017828125497093477	0.00018135506971181297	0.00020901940237971664	0.00021516703186147298	0.00022438847608410758	0.00023053610556586393	0.00024283136452937667	0.00024283136452937667	0.0002443682718998158	0.0002858647709016713	0.0004287971563525069	0.0005609711902102689	0.0006301320218800281	0.0007192726493654955	0.0007684536852195465	0.0007884334810352547	0.0007961180178874502	0.000811487091591841	0.0010343386603055096	0.0068146472805269385	3.003551946623822	3.0072558933865796	3.008921900976136	3.010717008784809	3.0189532953829916	3.026433423554919	3.035548821168993	3.040980251816125	3.0435161489773495	3.050910210336532	3.0698833318246024	3.1342582339428144	4.688283678673859	23.591323727559807	27.589059555621677	27.676640222126146	27.997360515282008	29.515391589397368	31.20935859783637	33.647451584728245	36.84044427073976	38.64251426980071	40.337512543085275	42.44936466554667	44.329818477407386	45.85818371668158	48.53669819734598	51.629355422585746	54.46410575889951	56.81794394683653	59.60405884941274	62.01149975570857	63.215164111737465	64.65160077355623	67.09707706345569	70.46201740916455	74.62336163753177	76.36506498889662	78.2601870447008	79.35330472738875	80.15421328554986	81.73082204718213	86.22315925756922	87.90501697283653	89.28526737500678	91.72476355832787	92.86934919503707	93.47652596843223
DC_1023_R2 - illumina_small_rna_5'_adapter	26.229150122499203	26.251610486810797	26.26515986218859	26.279671341580276	26.300272047973642	26.345128226487276	26.432418417498734	26.722011725681092	27.749108478457092	29.056368075790438	30.70676683409223	33.97230462180322	36.07830420099798	37.83820146181408	39.60932122024912	41.44113959837229	43.19876069937277	45.05669728134919	48.18279453715496	51.30174978441032	53.62804812917645	56.121033299710916	58.87856479901171	59.83896438263276	60.84310281310914	63.555326283129375	66.56136033515646	71.03854210196366	72.37814898872264	73.8801562665938	75.2972755396735	75.73362352193698	76.88346691876046	82.89576094819807	83.59276995739539	84.72480213470286	87.01736075196574	88.17285843100508	88.52566627624097	89.44112822525776	90.05101149253224	90.196370654721	90.30753670173223	90.40796745076095	90.55036191863212	90.93239405751692	91.1899382363035	91.26033627840647	91.35079557241576	91.40936557539584	91.46950783461585	91.55177233852598	91.61395253691921	91.71870199565885	91.77067098148288	91.81321257749663	91.84459315218626	91.87379131840986	91.96243245099993	92.0512457172155	92.27472127032156	92.34874334000403	92.41559881061812	92.69112634254623	92.74889715369366	92.79306940842744	92.84319871612905	92.88242059222267	92.91337236975593	92.9430930844855	93.042286623081	93.07728354081327	93.11909664273344	93.14483676737355
DC_1023_R2 - polyg	0.1597184877507714	0.16529438769072444	0.16698805961294833	0.16734154830814932	0.16782106340772632	0.16846656450331074	0.1693272326307566	0.16986822402515117	0.17046454408488154	0.17105625342250058	0.17161876152008132	0.17204755867643381	0.17230883292940846	0.17252092614652906	0.1726085298666441	0.17267922760568427	0.17277144204791062	0.172825233805876	0.17290515298913883	0.17299121980188342	0.17304347465247835	0.17308343424410977	0.17312185692837073	0.17322021900007883	0.17325556786959895	0.17329091673911906	0.17333395014549136	0.17338159427397495	0.17340003716242022	0.1734353860319403	0.17349378851201702	0.17357370769527986	0.17373508296917595	0.17440671149005782	0.5593989339703097	26.714633033395614	26.76492525327849	26.847162092855946	27.28335638438238	29.014286015080444	30.66356744172393	33.54261605917585	36.294613155035684	38.07970493837539	39.920332869545916	41.65146690892425	43.555882643597485	45.11404851678449	48.08321984553159	51.245940067067565	54.21359446824004	56.325208370059016	59.49576989299897	61.034544605893146	61.90952595167994	63.96537624337728	67.02229729843958	70.96449083104116	73.88745657660337	75.19641445658107	77.06815246674401	77.72731513194427	78.6940744382642	82.90023795936817	85.76990222041618	86.3887056980687	88.64865421474562	90.56183954287457	91.00017474636802	91.78452466452002	92.59242768812399	92.80199730334233	92.92863232303702	93.04488399653704
DC_1027_R1 - illumina_small_rna_3'_adapter	31.720959013519913	31.74924568669458	31.763736999072783	31.77936074834534	31.80328741823084	31.856676846716617	31.95951036144597	32.287320530879626	33.52727345739361	35.15490051396388	36.93538593946468	40.24241569789358	42.393523227238546	44.178737243625804	46.08138278353037	48.080672233939836	50.11780011111461	52.06198450326795	55.02123610167111	57.70859372410263	60.06531614716063	62.968780072777136	65.3950527930198	66.31764694841843	67.22860998269553	70.10933787336256	73.9546582937144	78.32645881090585	79.58007130278571	80.89228679771847	82.0232614662691	82.43232943893862	83.29001701589493	86.0962235266505	86.49907400853392	87.534380796237	89.51303176611584	90.42407239778187	90.66235700468356	91.3518049552771	91.82354615653949	91.94652225598598	92.05533804441632	92.14296732075688	92.27210028802938	92.67038949839616	92.94054480787261	93.02040707056739	93.1178766657886	93.17599226024244	93.25009412927012	93.3583558238453	93.43475166568251	93.56553478992848	93.63090695270422	93.6863393749448	93.7284262587527	93.76082195616179	93.85088100074248	93.95720033567662	94.22624260760594	94.33561370235063	94.4335537317421	94.74001976938976	94.80009106053589	94.8580478228343	94.91268002200178	94.96202711150923	94.99854638266314	95.02757629332841	95.12527504333875	95.1599974499558	95.20168422222719	95.23038555644882
DC_1027_R1 - polyg	0	0	0.00006062296008286043	0.00015276985940880828	0.00017216920663532364	0.0001939934722651534	0.0002109679010883543	0.00021339281949166872	0.00022066757470161198	0.00024370429953309892	0.00025097905474304215	0.00025461643234801377	0.0002570413507513282	0.0002570413507513282	0.0002631036467596143	0.0002922026675993873	0.0003758623525137347	0.0004279980981849946	0.00048377122146122623	0.0005747056615855168	0.0006122918968368904	0.0006316912440634058	0.0006413909176766633	0.0006607902649031787	0.0006983765001545522	0.014610133379969364	5.4034068794110635	5.407520753482286	5.408541644130081	5.412490623749878	5.436066892926103	5.456350122910626	5.470024237786917	5.474476387975402	5.476423597453263	5.479880318637188	5.558510722783062	5.686981687331458	7.459651600818371	27.473146999208335	32.1632180568348	32.31385520050789	32.698152631687556	34.39049227322788	36.38625710473812	38.78536588902686	41.789929512714345	43.63376956887933	45.31344022422154	47.51149902369148	49.57791870271909	51.197195552767546	53.78065633374986	56.47783730063321	58.815585949644486	61.37434287439304	64.1880860315461	66.53025894418423	67.71682365467163	68.83360770072608	71.43459457946835	75.4999242091753	79.49856615787272	81.34843577364754	82.90738914103595	83.8470619967491	84.48193109638007	85.37924305250571	87.72312068278137	89.16673159385692	90.26414296678728	92.38190301824986	93.4274162875125	93.91766204111056
DC_1027_R2 - illumina_small_rna_5'_adapter	30.54212858027987	30.570189736043023	30.584244563108633	30.599519124131113	30.622701344066797	30.67455337428487	30.774862548956374	31.093411955007774	32.30213435740547	33.86881836466364	35.577354036219695	38.75710225257703	40.833569581008774	42.55516465062588	44.399858278068834	46.33823135326864	48.317089653670976	50.185754811989895	53.04734645907716	55.66283798724886	57.96272032293317	60.77925456116846	63.11879764979818	63.97855368215251	64.86454369425309	67.68808352175556	71.45054205534774	75.69728468064346	76.93037023823926	78.20670300309897	79.30714067419666	79.68923021717012	80.52777912562826	83.90826208741196	84.46642131827247	85.45859608233577	87.39337300354346	88.32054297996913	88.60412748756315	89.29249513700802	89.75402136949643	89.87305940145595	89.97772251712058	90.06257041205257	90.18767195247955	90.57371896228722	90.83607815909701	90.91503107739052	91.01028308473191	91.06694009076615	91.13731971004475	91.24063093369955	91.31387559407167	91.43938088341281	91.5024384615726	91.55604734517388	91.59662229235732	91.62803468535387	91.71618046931434	91.81973660972788	92.07527208615076	92.17787038379498	92.26973599258615	92.54843186467909	92.60582483344872	92.66225389715305	92.71567727449647	92.7636882339637	92.79919388922502	92.82728414400901	92.9232624144122	92.95741981504128	92.99770134709794	93.02507988833057
DC_1027_R2 - polyg	0.20137977372164909	0.2066272971464215	0.20825199247664217	0.208613305318736	0.20913951261225522	0.20958327268006177	0.21084180533138194	0.21134376344086803	0.21216823569799495	0.2128496377693263	0.21349224114620463	0.214000261551699	0.21432641307694478	0.21466105181660217	0.2147786603591629	0.21484413315605239	0.21490233119773194	0.2149690164538231	0.2150502512203341	0.21511329909882032	0.21515452271167665	0.21518725911012138	0.21523333255978438	0.2153291168367153	0.2153824650415882	0.21542126373604123	0.21549401128814066	0.21553887227860197	0.21555220932982022	0.21561404474910473	0.21570376673002736	0.21579470117015165	0.21592807168233397	0.21664463507051335	0.6749990742873995	31.227273513166736	31.30314436016964	31.403535982066856	31.903762699812972	33.94820534335135	35.77447929060273	38.63250388271872	41.3353373344002	43.10255239393886	45.0037951185471	46.767965693030405	48.93993843277669	50.508527213440665	53.41971935400852	56.10854162715565	58.80157355865093	61.19532206080915	64.22220948331754	65.55618498354244	66.33893045724432	68.21775238629552	72.25161021250506	76.09403285536493	78.8849429808324	80.04480327740332	81.53954116809435	82.09883283584921	82.83028886040256	85.25812201563775	87.05249494883435	87.55058652592635	89.55797641626208	91.10526713858974	91.46011393576114	92.05292040076822	92.6742135947182	92.84967099070842	92.96933950145278	93.07614260760836
DC_1030_R1 - illumina_small_rna_3'_adapter	22.453805862259724	22.47028357082484	22.47910852768975	22.49070975994472	22.510439309591725	22.563083146363184	22.680475894731863	23.05839124095397	24.602511912277922	26.423541632820097	28.35704392478967	31.843951986887753	34.41421103394665	36.44623768413389	38.785720124706174	40.81670695693482	43.06362889012736	45.34439439151241	48.375791495548704	51.01847662684597	53.263477017581025	56.021565233217416	58.65446399376469	59.608531031561114	60.712070936920966	63.77680005470291	68.5677118143885	73.64959522933063	75.16356117985535	76.98568084555066	78.52071307091018	79.03376619236914	79.91455498361998	82.65449201358112	83.15867133629332	84.86916673693042	87.7161857369366	88.91125661421906	89.23398963112555	90.18176249272513	90.72503460061736	90.89796185397614	91.03780515893662	91.15022888848216	91.31058449851213	91.84333503680108	92.18966896514848	92.2704405846219	92.36613082837889	92.43141828598927	92.52497876663452	92.65895976045886	92.761498150178	92.92328816915949	92.98931339624853	93.05448646103035	93.10719841937387	93.1515429921668	93.24829233357258	93.36391906231813	93.63200829592216	93.74452071204266	93.85004616843149	94.30064080549003	94.37427765427351	94.44692866823098	94.50769568114374	94.56506818326707	94.60632157906318	94.6459194921267	94.75300660342242	94.79343996972833	94.84347719238355	94.87231189705982
DC_1030_R1 - polyg	0	0	0.00006426563402932158	0.00008740126227987735	0.00010539563980808739	0.00011053689053043311	0.00013624314414216175	0.00014395502022568034	0.00015680814703154466	0.00017994377528210044	0.00019151158940737832	0.0001992234654908969	0.00020436471621324264	0.00020822065425500194	0.00021464721765793407	0.00024549472199200846	0.00033803723499423156	0.0003933056802594481	0.0004601419396499425	0.0005783907062638942	0.0006439416529738023	0.0006606507178214258	0.0006786450953496358	0.0006876422841137409	0.0007300576025730931	0.00597541865204632	2.7203964212781973	2.7242767802608876	2.7251443663202837	2.7280118989106716	2.7452607950841417	2.7582501650341484	2.768540378354923	2.7732947499604124	2.775421942446783	2.7805066394111826	2.805161507250192	2.8944033372886686	4.343151237087749	19.42135223119999	22.75332613215482	22.879665942093062	23.377491964225122	25.518488708785164	27.66549557543963	30.30051638722255	33.685306356848045	35.7625246008847	37.753692446268786	40.276608286050966	42.505503708898274	44.345232158317614	47.35460671488474	50.0533430468697	52.33961611309107	54.75468522178328	57.55961151681292	59.87886313579277	61.08630514762588	62.476374667618146	65.54209090553877	70.44583898014037	75.01477338395065	77.13205610955389	79.33116312571592	80.4458248417009	81.22735279056806	82.31200374077403	84.75994472127223	86.07425534124538	88.17229565070754	91.02662807986624	92.20986765392391	92.89122732965494
DC_1030_R2 - illumina_small_rna_5'_adapter	21.51480268907978	21.53105418261311	21.53963750069407	21.551053647923037	21.570094269973247	21.621290844666365	21.73556285384658	22.101170045839392	23.603410088779118	25.35132351217345	27.201063262061886	30.54765116819499	33.02874421866356	34.9891223987842	37.258254535097265	39.22289224144136	41.40322469527807	43.589763924049336	46.5101935578072	49.06919326578415	51.249208247388765	53.91498916224348	56.45097277604918	57.31674011800199	58.38566398224829	61.377874473278865	66.04152485383425	70.96693558835446	72.4510257309316	74.21408656426667	75.70033988808525	76.17996074140949	77.03215646676799	80.40119750011824	81.10518639090368	82.7401863806212	85.5026626537491	86.71099667258252	87.09359955415074	88.03637769067356	88.56528642936024	88.73212515655109	88.86526041463159	88.97414439305479	89.12962095614924	89.64401465873405	89.97865995356423	90.05779279936989	90.15083401369219	90.21369351564894	90.30252147500427	90.42990110290111	90.52787149135344	90.68266426810183	90.74635793798828	90.8091878777534	90.85959912639868	90.90259797681502	90.99719699010618	91.10887266767162	91.36396224882421	91.46962394835717	91.56849148506055	91.97863219081032	92.04903390757677	92.11924025681576	92.17861013484472	92.23417677265184	92.27385823103958	92.31225180612138	92.41703435178081	92.4563687757448	92.50486490849602	92.53181405946987
DC_1030_R2 - polyg	0.21063190084378206	0.21668829419470534	0.2185211500772216	0.2188321957459235	0.21936688582104746	0.21984245151286444	0.22096838542105815	0.221456804239681	0.22224084497483873	0.22274340223294803	0.22338091732251888	0.2238526270762941	0.22409683648560552	0.224297345263777	0.22438988777677923	0.2244695771629756	0.22456726092670015	0.22464566500021593	0.22472921032445406	0.22477162564291342	0.22479476127116396	0.22484103252766507	0.22488087722076325	0.2249515694181955	0.22497856098448782	0.2250094084888219	0.22505053849460066	0.2250852419369765	0.22510837756522706	0.22518549632606222	0.2253397338477326	0.22550682449620885	0.22570347733633855	0.22656463683233147	0.5586611566168925	22.155221299996093	22.203840822764633	22.301068300487596	22.891250465283193	25.312881095209796	27.29989223938486	30.319199692347556	33.403621085708764	35.45461380981074	37.73201307728534	39.676619185502496	41.982839019213884	43.85407819431049	46.968951215700145	49.66613103402891	52.26378909149987	54.589530254204	57.647913783281886	59.100166730760925	60.014628143617756	62.107002794783895	66.76197731474531	71.4314270261155	74.69481664243423	76.26705609927137	78.32274921184626	79.02076268397965	79.8101181870716	82.24480630852028	84.18696261076825	84.96509476353332	88.09790560869324	90.08599255958195	90.56961202065548	91.38496554333767	92.13467943273497	92.36318232108961	92.51544046123189	92.64529046010081
DC_1032_R1 - illumina_small_rna_3'_adapter	12.078451139365885	12.087368403735864	12.09154568199678	12.097507075140928	12.108135633378492	12.13892568281039	12.210290278139539	12.425178475206712	13.40993375968714	14.519856784894564	15.901584250985707	18.733759051610868	20.788766458004666	22.58451449848216	24.220461785202566	25.91372086625629	27.468480995651294	29.45636728590017	32.600373260665904	35.5817202568106	37.90340153253152	40.722496685733525	44.19674927648184	45.27582267142638	46.52208815321568	50.06019318952043	53.680412196076944	59.03191609403696	60.94798100258584	63.2163887402954	65.26365063866183	65.94167056507354	67.48878945289538	73.19540668865662	73.8534769668286	75.46500935303195	79.20593250306122	81.17925790022787	81.69511700996645	83.38244117824536	84.47837263831103	84.79511757598434	85.06084311708503	85.29949579059775	85.59749924688174	86.39098185866308	86.92254713745717	87.08922947719245	87.34901017537982	87.48633075060361	87.64451620183192	87.86259197335652	88.02534859833943	88.2738321089638	88.41298975980948	88.5224198860424	88.60864658865484	88.71996840627136	88.96457254278971	89.20442014296817	89.76627730924625	89.96441832773885	90.1519870587787	90.89488223501202	91.0468348693106	91.18714772626805	91.32224726051476	91.44528333151115	91.54021049046973	91.62161445581899	91.84958395533238	91.93792246739844	92.02400849304885	92.09370648013365
DC_1032_R1 - polyg	0	0	0.00010261143113189114	0.0001489520774495194	0.00016550230827724378	0.00017874249293942327	0.00018205253910496814	0.00018536258527051302	0.0002151530007604169	0.0002234281161742791	0.00023832332391923104	0.0002614936470780452	0.0002631486701608176	0.00026480369324359006	0.00028797401640240415	0.00034920987046498434	0.00045513134776242037	0.0005097471094939109	0.0005511226865632217	0.0006421489561157059	0.0006735943946883823	0.0006835245331850168	0.0007133149486749206	0.0007480704334131418	0.0009119177186076132	0.038825186498758615	3.1397161549351846	3.141377798110288	3.1418709949889543	3.144798730822379	3.165451763872296	3.184146904615293	3.1988799200981335	3.20294300176634	3.203752308053816	3.20456657941054	3.413397391994766	3.540916920522382	4.089634858546336	10.352707265243499	12.121336097486685	12.23028957707176	12.402567549849874	13.27403650431453	14.682327090884169	16.252469004810457	18.91133144323077	20.88768387761581	22.462641908712964	24.35027186567674	25.937056691723384	27.38164358952131	29.45836489876108	32.260880030719875	34.666283959129004	37.67793442791926	40.06989129378086	43.57245801942924	45.661112045095805	46.89712631391042	49.08214240354832	53.26300544446323	58.036856635843186	61.469117980935394	64.06254080666288	66.12056201009041	67.10900137595308	68.3183945984813	71.61663713939984	75.93779648704138	77.38960094050327	80.9911430115707	83.9872362633829	85.20364512875898
DC_1032_R2 - illumina_small_rna_5'_adapter	11.64363685496758	11.65250115859891	11.656506314459218	11.662305515341252	11.672586518731435	11.702694698653232	11.772344690068627	11.980966969744424	12.93867917705235	14.008201433786217	15.335566356677532	18.068782362114483	20.058979064586914	21.793575657179048	23.37761645495446	25.015313101073353	26.51907865924197	28.431768975725085	31.477354037804503	34.37223435298974	36.62517093492155	39.36105814761409	42.72203268346204	43.72882625531267	44.936647205912244	48.39410296739349	51.918315739941455	57.10970773980482	58.99233621701245	61.19440566449525	63.18081898420046	63.81052713180296	65.31492821883535	72.082900172417	72.96483218281094	74.50950660153953	78.16780272416136	80.17073979432499	80.78760992787443	82.47814484093391	83.54874948276391	83.85621470601212	84.11208127460874	84.34369347992734	84.63301137507295	85.40027345615393	85.9152504385894	86.078680657967	86.33161618068404	86.46507889710188	86.61606499792013	86.82427517684832	86.97995657815238	87.21911568872842	87.35354824867278	87.45930256863886	87.54281172334939	87.65058682649953	87.88970787154466	88.12251169348283	88.65546884668956	88.84252286555065	89.01832107242583	89.70170161860264	89.84640028672945	89.98306216276629	90.11507673398671	90.23403317308407	90.32522659996792	90.40407355465427	90.62691248261109	90.71223554262033	90.79532432146785	90.86056698641382
DC_1032_R2 - polyg	0.15189139844452323	0.1608053527683356	0.16333422803881187	0.1638141847328159	0.16455894512006347	0.16535997629212534	0.16662772397352904	0.16725663274498256	0.1681801356251696	0.16929727620604096	0.16996425050839825	0.17055178370278246	0.17084141274226766	0.17107146095077302	0.1711873125665671	0.1712833039053679	0.17135943496717543	0.17146701146755564	0.1715481075986115	0.17165568409899168	0.17169540465297822	0.17173843525313032	0.17177153571478576	0.1718360816150139	0.17187580216900045	0.17192214281531806	0.17198006862321508	0.17202640926953272	0.17204792456960877	0.17208433507742976	0.17212074558525076	0.17215881111615453	0.17223825222412759	0.17256594679451653	0.3448224042725546	11.970854778708684	11.993715612551021	12.046737587053801	12.390828471123768	13.886140171385584	15.194237315547262	17.537122747004666	20.030418331247507	21.748216439549502	23.460526491309025	25.00306758528392	26.66818134379202	28.19967350366632	31.095007295176245	34.043204178973	36.892255249973196	39.116164382056255	42.878672343131036	44.60740684396399	45.618288322829066	48.25954793574101	51.923396660805565	56.479359098269285	60.12425284396684	62.07437150746685	64.72066239055042	65.65117594851607	66.94638708295528	71.702498081911	75.07797889507944	75.88663310346055	79.25797635892208	82.54426135806759	83.31593076561798	84.72419321679521	86.19143903561937	86.59485587711441	86.87191501628593	87.13089302827817
DC_1037_R1 - illumina_small_rna_3'_adapter	36.389118608009355	36.41561901278862	36.42859666856129	36.445656185294936	36.46981459065637	36.52881459493472	36.65210390934846	36.98067153268016	37.92185739885629	39.07361404895413	40.52111388534693	43.31203085734767	45.18011924548321	46.90750385803997	48.56595636053291	50.05825208565506	51.497913037663565	53.010578453256755	55.198650830863116	57.31379955812588	58.98861911879658	60.76065542390744	63.210698975906084	64.06431656479708	64.93475439984522	66.97326523682162	68.91793922432282	72.557745418325	73.82145692963243	75.18713890544328	76.43023828655646	76.84481813613925	77.93765242605312	83.86834920890968	84.25175416231767	85.11980246074734	87.15234579447102	88.25112223446394	88.57219482582924	89.53454108458024	90.19962613576277	90.3553833582085	90.49367382856849	90.61523754259927	90.80534989994212	91.2268099670298	91.49959743913931	91.5744336695217	91.74837704035608	91.82155105328968	91.89289646857227	91.99324591453413	92.06712981633052	92.23390140816281	92.31370686058465	92.37165629272901	92.41429874626971	92.45336798689621	92.5931226030357	92.70021123947387	92.98965257753832	93.10108928326102	93.20135633140845	93.56634378871806	93.64730439511527	93.70707291747051	93.77727585536459	93.83056030355354	93.8735941467128	93.907180763533	94.05989877428497	94.11064790510687	94.18524486491275	94.22621400899118
DC_1037_R1 - polyg	0	0	0.0000633829341766644	0.00010775098810032948	0.0001267658683533288	0.0001457807486063281	0.00015528818873282777	0.000158457335441661	0.00016479562885932743	0.00018539508246674338	0.0002202556962639088	0.00023610142980807488	0.00024402429658015794	0.00025036258999782437	0.00025670088341549083	0.0003026535106935725	0.00046903371290731656	0.0006100607414503948	0.0007811946637273887	0.000885776505118885	0.000942821145877883	0.0009745126129662152	0.0009919429198647978	0.0010204652402442968	0.0010949401879018776	0.022892331251256764	8.376986480578598	8.38487290216353	8.385915551430735	8.389815186455955	8.407506947958016	8.426903710389428	8.439756184867102	8.4438095235077	8.44545272607623	8.447544362904061	8.847533461039383	9.121715357700797	11.094127301771062	31.31909393461765	36.5885957938768	36.824356540413675	37.199154091360484	38.4189443984302	39.99758669478122	41.81286759130747	44.39530700078769	46.10487467054739	47.64029297493664	49.519943994839366	50.936151676629144	52.199300664395764	53.994281591678586	56.073672836625576	57.77273003132543	59.75156266662779	61.45697083133215	63.7809774187205	65.10782308618795	66.02473645772113	67.47022388595383	69.8477494383876	73.00369506660516	75.05583006528283	76.67701974077332	77.82343954781346	78.45618504140569	79.56522159386846	83.49126511861245	86.879296867758	87.85488223688516	89.96390183441304	91.40601253682746	92.15192350567206
DC_1037_R2 - illumina_small_rna_5'_adapter	35.17823835691152	35.2039908430675	35.21656601720815	35.23298853545332	35.256614524167674	35.31398875618439	35.434460699173975	35.75383462790335	36.67158782331437	37.78304401928933	39.178726722419356	41.869718914117236	43.67109042573841	45.33302265131764	46.933300712249874	48.371812848576425	49.75611514587503	51.212241399609276	53.32609869958819	55.37259103255078	56.998287234661206	58.7186490181112	61.08689847812821	61.897466378126424	62.74287270789483	64.74371348251668	66.64977934023753	70.19444616546717	71.43958330791413	72.77092599456142	73.98286474066	74.36848334304413	75.43596762843403	82.44867131147372	82.96462741055203	83.80209661238817	85.7980711622386	86.91978113239	87.30752940136244	88.28426041702485	88.93764497855835	89.08901451738569	89.22247203901473	89.34088245207022	89.52626010423006	89.93560452344987	90.20066561588325	90.27399650157895	90.44427950796462	90.51605909634634	90.58466795344586	90.68085472520566	90.7523173989165	90.9136412275563	90.99076241271575	91.04668992925988	91.08804095551676	91.12625452653185	91.26268787692048	91.36690685101382	91.64080193989808	91.74568485022692	91.83934264291307	92.1736210686141	92.25023202115341	92.30851896742229	92.37704859585409	92.42848701608517	92.46994103961006	92.50252303692358	92.65240307679778	92.70192574784335	92.77441839423456	92.81256065944872
DC_1037_R2 - polyg	0.13924596809271403	0.1459518825286051	0.14778364932631072	0.14817662351820604	0.14875974651263135	0.14920976534528566	0.1501288178908473	0.1505376378162868	0.15114611398438277	0.15193523151488225	0.15243278754816905	0.15277663996607743	0.15298104992879719	0.15320605934512435	0.15328211886613635	0.15337560869404693	0.153478605962084	0.15357843408341226	0.15365607817777865	0.1537242148320186	0.15376858288594225	0.15379552063296734	0.15383513496682777	0.15390168704771323	0.15394288595492808	0.15396031626182666	0.15404112950290189	0.15411243530385066	0.15412035817062275	0.15417740281138173	0.15424712403897606	0.15433269100011457	0.1544784717487209	0.1552707584259292	0.6823157018384378	35.78223652070792	35.84345175853574	35.95026943293032	36.42292072680577	37.97961351305142	39.438671227491334	41.811652223544634	44.10797472985797	45.78036672414971	47.481376113222204	48.96764253673081	50.43820583829714	51.71006522579299	53.78648698027381	55.969504568879586	57.929498211571286	59.47492468126703	61.96427674446869	63.29748764310084	64.07039657275799	65.6989782829468	67.67377976363554	70.57356643252483	73.08171153570987	74.2459371935336	75.8906149998566	76.45662618662757	77.34564472882958	82.20080125536239	85.24970578434241	85.7191435634551	87.57921876413737	89.35883249902906	89.83608222477902	90.69721069136996	91.54589550340864	91.76684365822845	91.9116292947682	92.05355160725652
DC_2011_R1 - illumina_small_rna_3'_adapter	23.81604792161892	23.83611439216351	23.847911744486556	23.8617475037455	23.882772545257108	23.931691424456666	24.042516087101763	24.41811999402914	25.974764175662173	27.84745093747952	29.837838376273176	33.65309663174908	36.264399858062205	38.94964008836176	41.3466839363428	43.57317866463558	45.65656192354011	47.822974174308044	50.77772154033116	53.46627057282411	56.03095895497286	59.110241147005226	62.30289745398354	63.37045245415822	64.46137695254697	67.3376961786222	71.11972637995963	75.73344970923829	77.26958566924856	79.01350343540864	80.21210259365628	80.73578983504784	81.5984430728667	85.00604303925897	85.68495670117619	86.74594606767914	88.86499711706895	89.93216233688054	90.2563773120111	90.88623783704813	91.29095978072978	91.44318777972154	91.60070235534167	91.72765381960214	91.8980845615505	92.31906612089716	92.57245367316021	92.6992679924781	92.7768443901511	92.85405410555657	92.9420102099357	93.04112702537816	93.11839304239166	93.23237492597782	93.30427785392129	93.38214875231306	93.44692303050479	93.4973577222275	93.5955751555729	93.72852779379406	94.08215819365964	94.19510499383713	94.28989091635631	94.61244282860434	94.67965684314285	94.73886448029718	94.79471856269791	94.84337614469109	94.88560379432417	94.91318869498357	94.98483754387556	95.01922194642455	95.05607207067786	95.08920340154106
DC_2011_R1 - polyg	0	0	0.0001414758354942083	0.00021943190811346593	0.0002280936939600501	0.0002511917895509413	0.00027140262319297104	0.00027428988514183243	0.00030027524268158497	0.0003219297072980454	0.0003291478621701989	0.0003320351241190603	0.0003378096480167831	0.0003378096480167831	0.00034935869581222866	0.0004215402445337635	0.0005644597110024026	0.0006756192960335662	0.000747800844755101	0.0012011009707263399	0.0013829984735046078	0.00140898383104436	0.0014263074027375286	0.0014465182363795582	0.0017554552649077274	0.09914424443097697	6.360280052859991	6.364749534356829	6.365608494786615	6.370408567776598	6.402483160766499	6.431179657276232	6.451360174667799	6.456970124634436	6.458174112867112	6.45926838514573	6.684968538950175	6.883655469961071	7.906668680050666	20.471378716664034	23.983195846731434	24.16326571269607	24.44229936921988	25.897053520308567	28.24008968990518	30.573449201080184	34.06371147706835	36.608259763492825	38.89234381861758	41.65503918158828	43.787491457313706	45.69136642270266	48.053403663184724	50.7847765649032	52.98143865910936	56.05217311214212	58.59595483051916	62.06346981324324	64.09237621369665	65.15373659336004	66.85298552990929	70.83802633702605	75.1250184423857	78.21093700600753	80.12314027848797	81.52579811860237	82.20110703397643	82.92114108056933	84.78936124815179	87.97066195388523	89.01917546150716	91.13119891531343	92.88548483913186	93.5589155906082
DC_2011_R2 - illumina_small_rna_5'_adapter	22.755931951855484	22.775478715249275	22.78713459173683	22.80054592348929	22.82091844380046	22.868564040480567	22.976316656412074	23.340131872802253	24.85199750887039	26.649362824596814	28.55375749713656	32.21920294824092	34.74319104232755	37.33653694294972	39.653434730123294	41.80358014707135	43.81736018217468	45.89290741215	48.74286882389406	51.33665503196343	53.81946355250442	56.80035074458155	59.87788181224194	60.8591899671112	61.91687053142077	64.72192924533613	68.40524107338004	72.87616475756094	74.38189496198775	76.07583278018207	77.23895181997113	77.72705788873589	78.57101610543589	82.787915596094	83.76110910125598	84.77623286807032	86.84167323759365	87.92285611416696	88.31569408766708	88.94847796542734	89.34312047764553	89.48943536416601	89.63973034128303	89.7616218789781	89.92499903998541	90.3304124829038	90.5754645099205	90.70050171950885	90.77575098405106	90.85005322667402	90.93349509699613	91.02672767258682	91.1012536780108	91.21037052521316	91.2794006275175	91.35464411753581	91.41713745878795	91.46559004518275	91.5613821784911	91.69077049183642	92.02410344020149	92.13005151741496	92.21826025721461	92.50953734803258	92.57366054865483	92.63086298238568	92.68526910291905	92.73252203197411	92.77302454259274	92.79982410800207	92.86966986180698	92.90314044594916	92.93843866690496	92.9698564078015
DC_2011_R2 - polyg	0.22770391359695383	0.23649562623123677	0.2389238135302292	0.2393886627039959	0.24010759092926237	0.2408091955828357	0.2422297284616755	0.24282161716119208	0.2436791339600039	0.24443415295963117	0.24513864487515336	0.24574063899149096	0.24637583662024046	0.24693452180734515	0.2470745540118649	0.24722613526418014	0.24740514550500953	0.2475249668758873	0.2476765481282025	0.24773429336717973	0.24779348223713138	0.2478454529522109	0.24790464182216257	0.2480706593842221	0.2482020298028953	0.24823812057725606	0.24833773111449176	0.24844889069952292	0.24848642510485813	0.24853839581993764	0.24860480284476144	0.24867842802445742	0.2487895876094886	0.24938436357095403	0.5998387752927756	23.541040551882798	23.59074332270147	23.681586689029473	24.26184694104702	26.720359152288342	28.768771894468266	32.021031393487895	35.170738235345915	37.65907008799508	40.30810405345592	42.385434167684664	44.58067284175004	46.493479551977785	49.351786594385025	51.994890123802904	54.8739089398003	57.435649427499264	61.13989390467243	62.739974055064124	63.72034384980002	65.78354226042006	69.49240491308042	73.66323380845154	76.72143321373332	78.34013187280226	79.9885216901223	80.6787794042366	81.43778426898425	84.3904455882493	86.89519874323261	87.48588634177848	89.54136132668532	91.33890132175964	91.79889412092834	92.39411905162683	92.9082985394208	93.10924042201376	93.27710727535154	93.42002674182018
DC_2012_R1 - illumina_small_rna_3'_adapter	10.23404134533926	10.247001933283036	10.254912650675932	10.262165541250948	10.27273835780897	10.296859607552276	10.351797944266	10.536073431164217	11.179917930086054	12.016312537496129	13.28109516576228	15.760865731444078	17.70794493558448	19.29149784311183	20.846349906538208	22.26981156032938	23.744681680122163	25.23933279229177	27.907860465022537	31.30965509496108	33.720006736146615	35.94704583692479	39.39218145674097	40.39153796214993	41.340297787843184	44.24869291210919	49.519827012261445	53.536922055751916	54.82509532610407	56.81884104463123	58.26588928892224	58.77491847986132	60.180951921873245	69.27430336979765	69.93102167950858	70.77864693029454	73.38593792443827	75.26069536829456	75.99057241794296	77.21221840253448	78.04214111376183	78.27159950562775	78.4966112681311	78.73993860880209	79.3025177019797	80.57976124973436	81.4199950464241	81.59595252315495	81.84280133674888	81.97897148805018	82.09812351960974	82.24444939727388	82.39809674745788	82.66355646147173	82.8267576964618	82.9272148497098	83.01307244649544	83.09248194083433	83.34413708909338	83.91414122752387	88.35475497378658	89.05519777241363	89.30990551703397	89.86831930678602	90.08478491918304	90.21940707801501	90.34703947699913	90.46385412390794	90.54740232867334	90.63438242994397	90.97297429089627	91.09098842202407	91.26964298870823	91.43599059537189
DC_2012_R1 - polya	0.0575780417744103	0.05938076718170868	0.06205686266210812	0.06487572055830294	0.0664740997626001	0.06794091360332113	0.06978562795644168	0.07235815070381311	0.07443240462742816	0.07641288323870704	0.15064933945229841	0.15549486380017652	0.15794561860466366	0.16470723851355995	0.1719587294570482	0.17369287291950372	0.17559777142830268	0.176630699495528	0.17773500877065102	0.17878333278467778	0.17975187780164242	0.18056366408753766	0.1815028168424268	0.18279747600527696	0.1842656894775254	0.1853518035427921	0.18657508149774457	0.18756742025067513	0.18819585480648024	0.18890266872782002	0.1897718399063389	0.19054863540404898	0.1916263516801513	0.19216520981820243	0.1925585062774034	0.1928888193178711	0.19320093714848255	0.19359703287073832	0.19390075291218534	0.1943542335270647	0.1953297767016664	0.1961275666722876	0.19693095516901837	0.1972570693149039	0.1975859827238442	0.1979680821308259	0.19823121285797818	0.19841596421959568	0.19860911337037768	0.19878406731130335	0.19897861609361273	0.19919975787494282	0.1994027044464166	0.19959025507108896	0.19983938948296714	0.20002134158152987	0.20020469331162	0.20041463804073084	0.200708560661486	0.20090310944379539	0.20102487738667968	0.20116344090789284	0.201309002586743	0.20146856058086723	0.20167150715234106	0.2019640301415688	0.20213338555638488	0.20232653470716683	0.20251688459489403	0.20269883669345673	0.20289618473882093	0.20300675562948595	0.20310472983640435	0.20326288819900118
DC_2012_R1 - polyg	0	0	0.00006998157637027846	0.0001259668374665012	0.00013436462663093463	0.00013436462663093463	0.00013716388968574577	0.0001455616788501792	0.00015675873106942373	0.000172154677870885	0.00019454878230937408	0.00020014730841899636	0.0002043462030012131	0.00020994472911083537	0.00021974214980267435	0.00029672188380998067	0.0004926702976467604	0.0007026150267575957	0.0008971638090669698	0.001062320329300827	0.0011868875352399224	0.0013100551096516125	0.0013520440554737798	0.0014024307904603804	0.0014374215786455194	0.00984920705835299	1.8907076447426143	1.8922122486345754	1.8927343111942978	1.89492333490316	1.9083052119366846	1.9217010852854832	1.9316342702354805	1.9340276401473444	1.9347554485415952	1.9358009732925672	1.9700499567681815	2.014937539483605	2.564595234400211	8.863397586497788	10.381135620711948	10.43994813749353	10.621505539965526	11.439094698173381	12.55385082301693	14.145935884335346	16.641425711701437	18.309029291712548	19.73789632246256	21.498802139353586	22.845633967019307	24.175456072732466	25.96685846097413	28.806016612842438	31.57279142063944	34.18210068344567	36.5152990363145	39.609646406048554	41.132000425040104	42.21125069729642	44.84136548275755	49.960345639565546	53.8563403644103	55.93771281397375	58.17983434409123	59.418319295588965	60.240275304162324	62.143371087554	69.11337233714504	73.14958494766833	74.27233716742796	77.07221466047963	79.2120301241014	80.40390734573654
DC_2012_R2 - illumina_small_rna_5'_adapter	9.850631883247889	9.863281752992581	9.871128087335215	9.87817663170723	9.888505912379483	9.911896554465486	9.965379274390706	10.144185001279823	10.77156423491326	11.577791184381635	12.794689618832187	15.191212900526956	17.082861097655986	18.613404360714384	20.118030646779808	21.493167222824248	22.918875285216913	24.36021023361306	26.944885981536956	30.24291332966518	32.58184877216485	34.74357826661122	38.079916328907586	39.035996227489164	39.95467237313236	42.80833630615069	47.96401760087032	51.87289873318791	53.139663239696866	55.08472417517475	56.49295223942164	56.9661494636276	58.34089134358132	69.12038309146581	70.00009909391214	70.8179079942698	73.38223589904828	75.29483378087951	76.16224142367383	77.42092025884898	78.23300606589106	78.4543955820015	78.67018517237078	78.90671590234469	79.45234545772541	80.68599048340138	81.50102811333477	81.67337314109338	81.91277311569846	82.04354488819855	82.15786399209398	82.29816445603265	82.44661497435538	82.70378187156936	82.86181146806567	82.95889131043805	83.04208120953245	83.11938145915954	83.36510916790002	83.92666932932568	88.055908449318	88.70377968814418	88.93522135788444	89.44581113797658	89.6492433815904	89.77946090000563	89.90367819806286	90.01650949364466	90.09636407080927	90.1805980950231	90.5111140820623	90.62578029457653	90.79915125224473	90.95225834465916
DC_2012_R2 - polyg	0.1775068688316839	0.18635254008488708	0.18867872768343516	0.18912381050915011	0.18984322111423657	0.1906774015045703	0.1923625578635666	0.19292800900063845	0.19379578054762991	0.19476572519612195	0.19550053174800988	0.1961275666722876	0.1965040675531597	0.19692535664290875	0.19710031058383445	0.1972080822114447	0.19732005273363712	0.19745721662332288	0.19755519083024126	0.19764756651105003	0.19768955545687222	0.1977413418233862	0.19779732708448244	0.19785891087168828	0.19790089981751044	0.19793449097416818	0.19802266776039473	0.1980940489682924	0.19812484086189533	0.19815843201855304	0.19820182059590263	0.19824800843630702	0.19833478559100615	0.1986175111595421	0.34682589322804525	10.220896006033868	10.245824843168489	10.290075593538942	10.552835418336427	11.609673390944407	12.747081152427487	14.790905687005216	17.10300319496688	18.670234999253157	20.23818621414452	21.63383019132851	23.053976118031265	24.49614244755469	26.50746613843453	29.805664241609097	32.91727186733912	34.806094208414315	38.206741140500384	39.917652119232486	40.85478240656452	42.67090228758016	47.62106028918403	51.677020300927495	54.359135596526315	56.01472473950618	58.068534245400414	58.75722993661796	59.87952027797354	67.17354462394812	72.05629777082366	72.57123620607145	74.62401278389845	77.51206146465057	78.50398872591205	79.70315102964733	80.73634222759979	81.05043213903335	81.2870986332654	81.54127031901074
DC_2014_R1 - illumina_small_rna_3'_adapter	16.616379125940487	16.679369412624244	16.696679206268005	16.712731738635437	16.734142598823418	16.774424850986474	16.9382554746432	17.650032492969753	20.562884853850736	23.069850118740096	25.941073161804812	30.66529477176629	33.48750707614835	37.0819459700448	39.9329680174434	42.551407954268015	45.05030703991727	47.697152600062466	51.12023476460639	53.94075824778989	56.657133599451974	59.9337423307374	63.652292120766035	64.70209530823769	66.24068750439199	70.03477899005648	72.36320442272586	78.26007162946775	79.46027968625245	80.91038338910393	82.41883249670163	82.96147045487139	83.73681151006733	86.2997660620928	86.7331008680516	88.65796039841513	92.00766490334941	93.28048354069122	93.53537954435404	94.02013733434117	94.29793594867459	94.39258103092581	94.48118302698275	94.57253278751563	94.66924960685016	94.83788476467001	94.90098481225883	94.93807277262758	94.969523013781	94.99638200616641	95.01596684402449	95.03729787809968	95.06390242475061	95.09422886391002	95.11179185600527	95.1273142930925	95.13822801944954	95.14898458814702	95.15889300439619	95.1694662224909	95.18877790536929	95.2059405196176	95.22032418731467	95.2669364007648	95.27376901710582	95.27995179899744	95.28768495367329	95.29526469253862	95.30359404849432	95.3067322125531	95.31151679018801	95.31478342439705	95.3165632972555	95.31803384392693
DC_2014_R1 - polyg	0	0	0.00014468482941895595	0.0002544457344954053	0.00025694030051987005	0.0002669185646177291	0.0002768968287155881	0.0002843805267889824	0.0002943587908868414	0.00031057347004586234	0.00032928271522934805	0.0003430028283639042	0.00034674467740060134	0.0003504865264372985	0.00036295935655962226	0.0004914295068195573	0.0008581307124158766	0.0011799297295718304	0.001383236860565708	0.0022937534594953445	0.003343965755795008	0.0034674467740060133	0.003544778320764421	0.003588433226192554	0.0036458082447552434	0.025301135903133806	2.6589329798167407	2.6614337822562666	2.6622482580632543	2.669047197762933	2.7151455306120296	2.743649689290576	2.7604243985220895	2.764549163443542	2.765639288796233	2.7679255585576548	2.8006218354403147	2.8525474745225607	3.6854419097519395	14.663913480667226	17.23491051355556	17.33495508396672	17.877094128931596	21.04475892551358	24.274997416253242	27.917908222571068	32.159524853024536	35.11795168788948	38.49328037502707	41.70883460286372	44.23624408360658	46.46191459987922	49.622111913066966	52.77711179794275	55.28925702918191	58.34796292366431	61.63553028349521	65.23282420820667	66.89175052753211	68.89411747155877	71.69060705837956	74.81512958285143	79.94120582282599	82.2037959162607	83.98605108526968	85.35862991249587	86.08588820757024	86.86742576477096	88.94391624364856	90.44036773595158	92.22030171127479	95.82842828894748	97.42875351050921	97.90583177899003
DC_2014_R2 - illumina_small_rna_5'_adapter	16.54237782482474	16.607378731724218	16.62489806891403	16.641374677505624	16.663162217163297	16.703711387890973	16.866464359025127	17.571633271952873	20.459061015912514	22.923643604046216	25.734576728148657	30.36323151371289	33.13513839964559	36.674579596400676	39.470189848697835	42.03446402615023	44.48834243147296	47.09400894296931	50.47802620357011	53.261862104231795	55.95070617796489	59.191736161326375	62.85042883959798	63.838254534191805	65.36314657373975	69.15234372086425	71.47879719909129	77.33097051365584	78.53497904177881	79.97246148782952	81.47227690241655	81.9931335573437	82.76668850326612	85.863476442678	86.41968109817182	88.29935904870024	91.61885311179525	92.93145508809522	93.23595803172056	93.7305681102213	94.00813847176349	94.10151007805922	94.18849434804929	94.27839726028799	94.37321945672693	94.53927024414543	94.60146975339943	94.63868867848444	94.66994060163893	94.69650149338442	94.71563356750906	94.73652555796394	94.76253764518407	94.7923576874405	94.8095876549715	94.82472592889096	94.83547127204133	94.84606818851324	94.85590550963073	94.8663128390848	94.88537381807774	94.90214852730925	94.91603577636744	94.96048520107436	94.96726543152886	94.97353053409931	94.98142833013276	94.9891115934881	94.99739854182138	95.00055790969137	95.0055058814009	95.00893341511852	95.010717029826	95.01214641615803
DC_2014_R2 - polyg	0.1771416279632669	0.19259296991880162	0.19646952552081987	0.1971754877057434	0.19801865102201247	0.19858491750956597	0.1997448907109421	0.20028371697222647	0.2009547552328075	0.20157714945591146	0.2021945545469665	0.20274834820439763	0.2030501906933579	0.20328218533363313	0.20340691363485636	0.20351916910595724	0.20360398435078908	0.20369503601068203	0.203786087670575	0.2038521936702233	0.20388711759456582	0.2039407507640918	0.20398440566951995	0.2040679736313395	0.20410913397074318	0.20414281061207346	0.20420392747967284	0.20425257151714993	0.20427876446040677	0.20429747370559026	0.20431867751679822	0.20434736502607959	0.20440723461066673	0.20473651732589607	0.43553750775841216	16.74923347598842	16.79556380347779	16.892480188094268	17.918099805241745	22.018495311201228	24.783589537321113	29.240394916742986	32.70333026809375	35.936719395722314	39.25381992271684	41.75422946809391	44.34903588640275	46.756196059219306	50.182884118951584	53.019851781368345	56.1142100134724	58.84429924185399	63.19068390348594	64.85835741857618	66.01620275513342	69.25811207301854	71.81665498502974	76.6660988202873	79.92300047997944	81.27535087131325	83.1154088769581	83.91656494865822	84.61170071703557	86.81385495939557	88.46665337728193	89.29112740489573	92.9580758494253	95.24857888939077	95.65068048144028	96.09531691877291	96.48653596654069	96.61797589765274	96.7164700952797	96.81618039384358
DC_2017_R1 - illumina_small_rna_3'_adapter	11.468921033051375	11.488274942929529	11.495186845811011	11.502095839642458	11.511462980752881	11.532539048251337	11.603034057732367	11.945228522316327	13.210996918937838	14.712639819489954	16.682053601981387	20.274692576683215	22.1401790921745	24.008229935271018	25.381080463654868	27.159474384694462	28.813887502322512	30.924480392028237	33.908482100455146	36.82990141549429	39.53429396177502	42.994594432316774	46.914504444926635	48.02849315600889	49.37699929918075	53.000343296994544	55.25041786321955	60.87689444247227	62.576850192912204	64.40269362906116	66.87728576788288	67.48272162459506	68.7724300484738	72.67667337212396	73.21453926916459	75.52451699369576	81.06067920558382	83.5470413608443	84.09452021372326	85.71498180840106	86.72638577907401	86.96676349245769	87.21270912760701	87.4511683224931	87.68890607297067	88.17797992831112	88.41597367519171	88.59906782982512	88.82075635126348	88.96529832031743	89.09530812992503	89.26601991308748	89.56991964302	89.77133063119433	89.92507538003176	90.06147055446465	90.17757510490834	90.2726719505294	90.44348991401807	90.63879626069544	90.91522583115415	91.13101625364799	91.34562851087794	92.83571084659378	93.01134328788922	93.11958758514027	93.25572094507007	93.39562734289436	93.5537342122582	93.62647064479066	93.82393696111848	93.91490586474086	93.97110143877833	94.00932490170392
DC_2017_R1 - polyg	0	0	0.00009018055106309343	0.0001367253516117868	0.00015708870185184015	0.00016581585195472016	0.00017163395202330684	0.00017745205209189352	0.00019490635229765354	0.00021236065250341353	0.0002181787525720002	0.00021963327758914688	0.00022108780260629357	0.00022690590267488022	0.00023417852776061357	0.00027635975325786694	0.0003752674544238404	0.0004349029801268538	0.0005018111309156005	0.0006283548074073606	0.0007025355832818408	0.0007287170335904807	0.0007432622837619475	0.0007548984838991208	0.0007985342344135208	0.014559795421638148	2.484065460258406	2.486376700510652	2.4868930568917387	2.4906806400363886	2.5172969933251554	2.5408544805028628	2.5568513466414418	2.560558930910149	2.561342919894391	2.5623785417065994	2.628002346905206	2.695439944800194	3.333749521424906	9.982089560748863	11.649836309209096	11.73927214346341	12.103690295784354	13.711743337540886	15.649922649814112	18.27235416590365	21.20053265869748	22.99126095188248	24.498954676505928	26.26236844439393	27.99301758174569	29.46642669718997	32.050425298751435	34.84256061216652	37.301545697554275	40.24639741061965	43.733532413202745	47.34708018502606	48.98369282549426	50.75656100599372	53.36990028620107	56.44334655603239	61.20179169555232	63.81961818543758	66.26337148484575	68.26615498028056	69.19174924756693	70.4397680754042	73.42020328848906	75.52994382653475	77.8431273242037	83.43326550495306	86.51441639380019	87.6719841289212
DC_2017_R2 - illumina_small_rna_5'_adapter	11.150007695891865	11.16954487592218	11.176427688303319	11.1831446848325	11.192357646291109	11.213084627785449	11.282101839849057	11.614364807615939	12.8468507627951	14.288318508862844	16.171260779084907	19.621469755057696	21.417555063880847	23.216233790809575	24.53178621519296	26.248704636382854	27.85130757290014	29.884355370366723	32.76822466756322	35.602109212545464	38.2377405431656	41.59751297167229	45.38392086010835	46.43729369562604	47.750505789256835	51.29507707571702	53.4852950284364	58.95949011101895	60.639198873220195	62.41844223686981	64.82463388223519	65.39301716866058	66.65859211345482	71.25499298438947	71.91270010664286	74.1310253007936	79.5567294283545	82.09328869648174	82.73157645523119	84.34445124741956	85.33281263277087	85.56593953894408	85.80274202983563	86.03442168361678	86.26511662396132	86.73780089140857	86.96991690269486	87.14995219121721	87.366247333892	87.5064344550446	87.63127924631634	87.7948682204698	88.08263581343715	88.27732253245722	88.42480991467087	88.55465245390153	88.66625815846717	88.75841540902857	88.92496579611696	89.11364823586624	89.37867869376555	89.58270200887068	89.78496243965503	91.1651350469752	91.33443739539601	91.44006936571625	91.57378385054255	91.7102677510015	91.8650553942762	91.93577003703481	92.12923059146544	92.21796534466148	92.2719267682726	92.30820844030032
DC_2017_R2 - polyg	0.1398351260984464	0.14810555534594233	0.15006625506905605	0.15061897457557177	0.15129387418352783	0.15196877379148388	0.15341166260849337	0.15398183641521487	0.15482546092515995	0.1557127211856194	0.15641525676890125	0.15705524777644578	0.15743778785595536	0.1577723286098991	0.1579061449114766	0.15800650713765974	0.15810977841387713	0.15826104901566038	0.15834977504170633	0.15843850106775226	0.15848359134328383	0.1585257725687811	0.1585737718943469	0.1586726795955129	0.15872504249613018	0.1587788599217646	0.1588632223727591	0.15892576694849642	0.15893740314863358	0.15898394794918227	0.15903340179976527	0.15909885542553687	0.15918030882649709	0.1595643034310238	0.331985153488607	11.402539420318835	11.432392091770755	11.482272118183765	11.955532377537793	13.943910257202786	15.725870673584428	18.978047522997713	21.417784878833558	23.23761821761166	24.73957820461752	26.268913806971092	28.090050400164557	29.715921373381136	32.58753920635821	35.41266751073723	38.505818230975834	41.24198342173112	45.739197322696526	47.529346714924706	48.59334340116763	51.50851407673312	54.140917816340206	58.4882807319391	62.02290597633203	63.689238926475596	66.49041120382222	67.56685280611185	68.59394528361972	71.93767866476233	74.2516432423655	75.30237611497705	80.35535529784411	84.75850361142562	85.62871974773417	86.93069127203245	88.3481709915174	88.66486181445072	88.91567865388248	89.17408956842876
DC_2019_R1 - illumina_small_rna_3'_adapter	10.459707864172682	10.476342159172624	10.481327061236192	10.486654736526136	10.495140822259106	10.521145068240028	10.629395301509451	11.045771733107951	12.53647780433182	14.213699029927286	16.21441493629437	19.951276010060884	21.945657956880595	24.285611628630672	26.094653643569217	28.25222257832552	30.34667594439533	32.47604688452191	35.73150010050601	38.80504723782316	41.957723574449	45.79826865243358	49.90527094632098	51.261347936125674	52.8899761601221	56.61669237057801	59.335834027245085	65.48977397288616	67.15769747471619	69.10078585658907	71.49289981987266	72.20298761144109	73.47874793754573	77.71464520645108	78.36441715207845	80.89117366287225	85.45901252419918	87.27922527374727	87.7381839335823	89.04759602118632	89.76092914069446	89.97997102586885	90.19892232097628	90.40285280362792	90.62235253589753	90.99837843780122	91.20638302508635	91.40134753948809	91.55715021277649	91.71176909424378	91.84156384898097	91.98332751026912	92.20527072596676	92.3465116580847	92.48922896345621	92.61645536737578	92.71829574131198	92.80223233512058	92.92628931088626	93.1060885584011	93.32172352254334	93.47660193231061	93.62487216394942	94.4394054059745	94.58417812651417	94.6700011972579	94.76296864139138	94.85461396022313	94.95642617778716	95.00508528565129	95.14047091654868	95.19567699303656	95.2316155416319	95.2614857799303
DC_2019_R1 - polyg	0	0	0.00007345140565179186	0.00014445443111519066	0.00014935119149197678	0.0001615930924339421	0.00016404147262233515	0.0001811801339410866	0.00018852527450626577	0.00020688812591921374	0.00022402678723796516	0.00023504449808573396	0.00023994125846252008	0.00024238963865091313	0.000255855729687075	0.00034889417684601134	0.0006329062786996065	0.0008838652480098953	0.0010944259442116988	0.0013906799470072592	0.0016710194785782648	0.0017420225040416636	0.001800783628563097	0.0018497512323309582	0.0022831145256765302	0.07925406669828342	3.015170408485302	3.0169638469733	3.017506163185029	3.0228130272433713	3.055596837965954	3.083213342300934	3.1077093860858067	3.114908848029776	3.116421946986203	3.117467405326647	3.3175698455537295	3.549760756529891	3.9379832643420603	8.918868760211275	10.516941199456557	10.637102802342511	10.792148926152692	11.73672420931398	13.786451790292318	15.889825829578538	19.068325232051354	21.446580139278556	23.322515573534282	25.630723547761654	27.532059702281863	29.511376765802396	31.634727139045715	34.33697374822278	36.84158098764229	40.5355782694506	43.46833742498469	48.0065851633547	51.184252116563464	52.576785487373336	54.51363784490638	58.10578373506763	62.72406045246555	67.07610765331819	69.4596743213641	71.88029599937126	73.12049605161968	74.03494646494299	75.82151357394218	79.61647838214955	81.2377798284322	85.27598875997623	89.23587645767375	90.66894276250247
DC_2019_R2 - illumina_small_rna_5'_adapter	10.181273172388245	10.198130269985331	10.203090688247016	10.208381637834133	10.216635127449207	10.242191319855653	10.348051934061203	10.754069269082613	12.208162262969253	13.826727644391386	15.75160007766262	19.359389893037616	21.288560457729574	23.55226055270224	25.297289667615253	27.38714252731107	29.418894100946225	31.479305188876616	34.63841342025736	37.626306425063774	40.69973848851208	44.438561938999584	48.41256087591291	49.68244998632579	51.26564361916621	54.9109817931104	57.56588407458452	63.565866201409136	65.21073820376546	67.11153571464422	69.44536598754314	70.11658941619109	71.37225343770942	76.35801733110401	77.15531887336317	79.58559818702344	84.04653219999446	85.90577457812573	86.44092070847309	87.74305743434729	88.43885647913626	88.65063769286198	88.86174927460615	89.05870187372088	89.26998116950797	89.63198764645293	89.83555944140696	90.02821146072075	90.18009794989783	90.32975396472324	90.45472663467939	90.59019673469328	90.80067296177859	90.93688492098954	91.07467118866165	91.19663357517618	91.29442677666097	91.37542531424347	91.49643038410434	91.6701686664628	91.87693437337259	92.0237074205262	92.1635625694575	92.91863567441735	93.05954485101974	93.14325496966089	93.23429431439601	93.32384381978648	93.4230472882598	93.47036713216087	93.6026837184921	93.65677578199427	93.69132854740297	93.71997581979727
DC_2019_R2 - polyg	0.17251776483455195	0.18609158459900307	0.18894394751848098	0.189504626581623	0.19039094020982128	0.19114259292765795	0.19245002794825986	0.19308415841705365	0.1939166076811073	0.1948274051111895	0.195577833638932	0.19611402890019008	0.1964519053661883	0.19679223021237496	0.19692077017226559	0.19704318918168523	0.19715091790997452	0.19726109501845224	0.19735413346561115	0.19744227515239332	0.19750226046700892	0.19753286521936386	0.19756346997171875	0.19760264405473305	0.19763324880708796	0.1976626293693487	0.19771282116321073	0.19775934038679022	0.19777892742829734	0.1978046354202755	0.19784380950328978	0.19788053520611565	0.19795521080186165	0.198250240614563	0.34920879370021984	10.430147345968118	10.44975152613658	10.509907003175304	11.102514168164056	13.399279637580971	15.289295706300148	18.613394157626225	21.171028415165953	23.321664761418816	25.286837532591	27.19718984715497	29.411416747850872	31.1966482654573	34.22750666999973	37.26215883964407	40.63716033927694	43.79300977662693	48.577132422846034	50.53535669104356	51.87200211148308	54.949602542202115	57.72023730680138	62.830431553940386	66.41673683316223	68.21139339030387	70.89977971923444	72.0343382873042	73.08487946501913	76.69480181953823	79.21979916916666	80.41339675290922	85.20094101044161	88.29688715391228	89.01789839369121	90.10798335982889	91.10228891718673	91.38038328412497	91.60804224337242	91.82878942534802
DC_3007_R1 - illumina_small_rna_3'_adapter	23.711035496498376	23.734788296075024	23.744161247695644	23.754909663033793	23.76961774664969	23.804473247673553	23.918178248322988	24.447304552206585	26.806930794949775	29.36617120970002	32.04797898791608	36.433443160290444	38.67694692069884	40.67241263161273	42.36995368282234	44.46315937659608	46.93403406262955	49.59577127226278	52.986891101359326	55.91646209683087	58.65305396970551	61.5164424964729	64.41083757039547	65.3176784548249	66.40404991745393	68.82635484348447	70.77054806029136	75.05560989389808	76.19193569790482	77.44540516185484	78.98162880641999	79.47291292527945	80.18234611074868	81.94176349141041	82.33303733076261	84.30815373328727	88.27536752364482	89.82088596848303	90.14476599324345	91.021334953185	91.5513938631498	91.69523923351868	91.83764271152457	91.96396524724194	92.13088350046347	92.47355501675122	92.62948909806937	92.73997556572067	92.8469022394894	92.93233208258181	93.01586545297278	93.11003652429281	93.28515545892112	93.38561120110963	93.46503902070734	93.54975117392442	93.61759305624236	93.66802802840769	93.75071996928965	93.86245685850236	93.99657108357417	94.09013908699532	94.19397226992204	95.0458636393405	95.13039083436828	95.1886266135453	95.2507035314562	95.31755158913731	95.38135955939728	95.41231661069901	95.48726245051262	95.52851724438139	95.56236719806631	95.58327659111325
DC_3007_R1 - polyg	0	0	0.0001015967518632714	0.0001641178299329769	0.00017714305453083218	0.00019537836896782964	0.00020579854864611388	0.00020840359356568493	0.00023705908768096662	0.00024357169997989427	0.0002448742224396798	0.00024747926735925083	0.00024878178981903635	0.0002618070144168917	0.0002657145817962483	0.00030348773313002865	0.00039987439515415797	0.00046760556306300557	0.0005197064614544267	0.0005978578090415586	0.00063823600529491	0.0006395385277546957	0.0006408410502144812	0.0006460511400536233	0.0006603788871112641	0.011101398924752079	3.0114788178326997	3.015469746649482	3.016358066967056	3.0208778199025117	3.0551341605948714	3.07822267371703	3.093751346482593	3.0992375710832096	3.101214800177164	3.106552537217365	3.146674136546139	3.2720575535700136	4.946211814014172	20.68861027991364	24.185724176697697	24.323773322120523	25.07421772975858	28.244037690415105	31.295569073886213	34.83725659176659	38.2649551591013	40.33401208647061	41.99056275587077	44.13309367267413	46.54692048001391	48.59001422719233	52.04473753052266	55.07378998138279	57.7264681473082	60.51872331750178	63.632633804094475	65.93235964395706	67.07996268742062	68.60307514090557	70.56589703393232	73.24720203847892	76.75780355533405	78.2808613028757	80.02403883350883	81.11115143141748	81.80349942978172	82.69103953640203	84.19784571121295	85.03039331958112	87.79872115218845	91.57188123891977	92.95589731892423	93.5862608784722
DC_3007_R2 - illumina_small_rna_5'_adapter	23.188406174644193	23.212411663578038	23.22181848078261	23.232587736480117	23.24706657614309	23.281364597554166	23.39374884042938	23.913054124966195	26.22819662066279	28.710667664155736	31.297715630899937	35.53571472298968	37.708832774716186	39.643039551823904	41.292754583355105	43.33661551626233	45.76280847183532	48.346219795871804	51.64402691594932	54.50273287447378	57.19213305610792	59.9899526022497	62.799615985118315	63.6523904647645	64.71943509913524	67.11339453139593	69.02434216493926	73.22638512452662	74.35774701543912	75.58780754574185	77.09611162138151	77.56511609356633	78.26374485523166	80.38096385307401	80.86610657853556	82.77498059632292	86.67865994613706	88.26625768156109	88.647564619051	89.52576824467957	90.04661701833123	90.18704847733301	90.32530081625956	90.44878645805953	90.61124487437874	90.946288819142	91.09948890581705	91.20864028794708	91.31368611928386	91.39643276610911	91.47739625968693	91.56773140236288	91.73582713588806	91.83320632002653	91.91010073343998	91.99146931150278	92.05711644347596	92.10621763264251	92.18748070638607	92.29566822189585	92.42498004665845	92.51427838145642	92.61327790353488	93.40893677331947	93.49113505818914	93.54824155039353	93.60937804708848	93.6741720268505	93.73595587720797	93.76637107916643	93.84020065723199	93.88078986212383	93.91349880613396	93.93340916445425
DC_3007_R2 - polyg	0.14578352378903575	0.15762345294848623	0.16083547333431736	0.16147631438453183	0.1621718613780573	0.16257564334059083	0.16349001410736025	0.16400060291159618	0.16458934306341924	0.1651702680804836	0.1657381678729501	0.16616409271729993	0.16642720225417662	0.1666538411621793	0.16676976566110022	0.1668544296209863	0.166935186013493	0.16700421970386162	0.16708106852898896	0.16711884168032276	0.16715791735411634	0.16723476617924365	0.16728035446533615	0.16734548058832543	0.16736371590276242	0.167384556262119	0.1674197243685332	0.1674470773401887	0.16746791769954528	0.1675109009407182	0.16759295985568468	0.1677010692198469	0.16783001894336563	0.1685164482796726	0.5133709922100299	23.506394890319015	23.548816744311765	23.62934389286555	24.445989004522204	28.01007860618843	30.744113627474512	34.80968219129293	37.76719099100441	39.83195871191366	41.573846745311585	43.36091667779455	45.92365436534932	48.02008119716611	51.54745920330328	54.57387274365988	57.601769857098176	60.16909502875631	63.50644412566799	64.95279372050796	65.83789680760603	67.8346324779182	69.94361171867995	73.34727483906423	75.93008960781412	77.0817343784704	78.89919997507494	79.63475524847519	80.2640416219489	81.84549535893012	83.05717990237021	83.89937659712048	88.0028498670411	90.70046505782912	91.23590729312022	91.96815155442769	92.71157666852997	92.89864885177175	93.0471911181306	93.1906600595086
DC_3024_R1 - illumina_small_rna_3'_adapter	18.55934694980839	18.57969803438428	18.586518711348447	18.59431016858293	18.606075521157713	18.635377956278074	18.738984165439113	19.274332922663863	20.87309203854275	22.491999257668283	24.452198779489656	27.820613422184522	29.779885029357906	31.71117547118144	33.06170355043342	34.46402843049793	35.92664254760984	37.74093883781716	40.64858838462667	43.570106221012125	45.61980033697422	48.19320393294606	51.005737185322204	51.97690702849959	53.152490417011904	57.392814511374766	59.04969058585202	63.77698958264517	65.29589886940661	67.05186387290394	69.17318392226497	69.67467640237405	70.59051050938984	75.91434641777037	76.44784564946713	78.32838823747151	83.42871396577104	85.77681711155299	86.2820502475868	87.54402047262121	88.42547761128546	88.68978073477729	88.85793374588553	89.0841078983187	89.30580133246525	89.88567990676475	90.1092203449321	90.24757922701684	90.42428519053264	90.5674160249851	90.64124449491942	90.76455250055346	91.01614722777934	91.14105512972903	91.30967840192926	91.43557851696042	91.52026585763268	91.60638919665286	91.72962533933183	91.88994907059767	92.12779527983939	92.28149122944151	92.44868858932261	93.50201291919427	93.70114516770796	93.79024388521897	93.89688094602916	93.99559795273788	94.11492197700284	94.18717954795427	94.26667006229636	94.33935628947104	94.38950402457763	94.42584776854179
DC_3024_R1 - polyg	0	0	0.00009833878062937828	0.0001765055036937559	0.00018911303967188132	0.00019667756125875657	0.00020424208284563182	0.0002067635900412569	0.00021937112601938232	0.00023323941559532028	0.00023450016919313282	0.0002370216763887579	0.0002710620235296965	0.0002849303131056345	0.00029249483469250974	0.0003013201098771975	0.0003404034714093864	0.00039335512251751313	0.0004450460200278273	0.0004753041063753283	0.0004866508887556412	0.0004967369175381416	0.0005005191783315792	0.0005068229463206419	0.0005169089751031423	0.002999332809196038	2.36630842773436	2.3687605934821057	2.3694678762504786	2.3732690483478835	2.393178869164539	2.406871913990381	2.4168280851523063	2.4204867920931585	2.422058951829631	2.4259483766788827	2.4451307426696003	2.5053493775155187	3.6188797346970993	16.06416050704484	18.7901140275984	18.881146741128454	19.41087253730696	21.57935863951575	23.555357925424914	26.327659269741257	29.141405367078498	30.990285389227417	32.493002817532144	34.09863430127271	35.537668543844724	36.869618158079334	39.27873169196663	42.10005617918032	44.53936476173522	46.70378241208387	49.47346138891676	51.85293964873387	53.00655566655791	55.27991125303274	58.191639337731175	60.638016965709014	64.69717455032702	66.68754516649764	68.98998885998121	70.56483904463119	71.28398172209864	72.88200707938361	77.2925039121184	78.98654322039839	81.41158763674764	86.52637673032127	88.87090185739262	89.78256160924606
DC_3024_R2 - illumina_small_rna_5'_adapter	17.993271105897755	18.013697835689513	18.02037982975792	18.028019996560666	18.03950798334393	18.068104396449517	18.169284915688365	18.689318038206885	20.248527313722395	21.80787148987287	23.690694781135697	26.932428902322357	28.813232466321487	30.66833682898281	31.96256469557087	33.3102371679238	34.71892507139648	36.46869094945336	39.28636933726217	42.127873446562454	44.126247326572	46.63039016289441	49.35794231900999	50.28215161217605	51.43120748423679	55.59699204363619	57.209473201673674	61.81840760768979	63.31776260614915	65.03140411136792	67.09505981267219	67.56287756418371	68.45841732053552	74.68064985292048	75.33200811320155	77.13715511454956	82.13797460438812	84.53209147422945	85.1195875217669	86.37375494278449	87.23079632727348	87.48808587850067	87.65052011128924	87.86999083684285	88.08604492014639	88.65077427921456	88.86865645523493	89.00461234096224	89.17709604067898	89.31546626954609	89.38696864909244	89.50546814050443	89.74369761883989	89.8636948855261	90.02579501861125	90.14692822428907	90.22844476966284	90.31173267384153	90.43196191918973	90.58640297416817	90.81521588388156	90.9620558554188	91.12094484909031	92.1073282059325	92.29988184217282	92.38673011451172	92.49079902024317	92.58648643605633	92.70285651464164	92.77332003322337	92.85071265357871	92.9212543388835	92.96957398127327	93.00410602231736
DC_3024_R2 - polyg	0.12027589323131652	0.12770677493682364	0.12926002336932868	0.1296130343767162	0.1299736099056906	0.1303442714634475	0.13109568060774376	0.13148903573026127	0.1319958586765819	0.13257328382438005	0.13301454758361442	0.13334612577983912	0.13354784635548914	0.13367140020807478	0.13379999707505166	0.13388951058049633	0.13392985469562635	0.133972720317952	0.13400802141869073	0.1340357579978426	0.13405340854821196	0.13408997040254855	0.1341151854745048	0.13417318014000418	0.13419209144397135	0.13421604576232982	0.134295473238992	0.13436733619406732	0.13438246523724107	0.13442280935237105	0.1344795432642726	0.1345690567697173	0.13467117781114013	0.13516791472867826	0.405246550452081	18.224088613831675	18.256965285401836	18.324560589548554	18.996291367216674	21.3985842241398	23.211346177218587	26.3011204065073	28.727051132635818	30.613186423600098	32.12768181201559	33.41328864550181	34.90262317436575	36.346106616384446	38.94462946703911	41.882780425640505	44.46924668963928	46.50753224629477	49.644398143968985	51.1453353881936	51.9977082021099	55.362408664705605	57.75621917142265	61.27706018484665	64.31483589274718	65.90646418627685	68.33880080143585	69.22546989547345	69.98089832223954	74.23899021705638	77.10792328163068	77.9761904161546	82.47216760357469	86.51477023269982	87.35935537164242	88.40471552103668	89.57287685311867	89.90493665721775	90.09157357682352	90.32451041155537
DC_3028_R1 - illumina_small_rna_3'_adapter	28.829849108138184	28.884378014309757	28.89896997050915	28.91100071170996	28.92840942363341	28.962178549731462	29.08717861869842	29.530506930946885	31.211822614895393	32.77575073001161	34.42350346276558	37.66248070631224	39.623681725652574	41.9294068165082	43.70987665775149	45.52581148627103	47.1564386346099	49.31283937369175	52.035635967252574	54.30311416157045	56.4294714421769	59.0980948538715	61.83335050973551	62.72916304227158	63.896886878015685	66.52692364016252	68.25737428826463	74.39203013777623	75.73989566562565	77.02768734394775	78.7136129245065	79.13773067232968	79.80404149853612	82.13688875275537	82.61582289006628	85.13911332188684	89.37842651437137	90.89026933150342	91.22642589619511	91.9350679147392	92.39304045288088	92.52944838253029	92.67625217351181	92.87270055816192	93.07996296169495	93.40605906225672	93.54688232910038	93.64491849572119	93.73039977226675	93.82571065512772	93.88098440443665	93.95708327093638	94.07997658085407	94.18467568150461	94.2639731628807	94.33309692912354	94.39888269463978	94.45482578641715	94.51588259657603	94.61495834933004	94.74908383568139	94.85522035291277	94.96216850233475	95.43597004609694	95.52196966377316	95.56848969129838	95.62475656479042	95.67904154572403	95.75788602308677	95.78657772920181	95.85432215630142	95.88650867222462	95.90664992758761	95.9216498777862
DC_3028_R1 - polyg	0	0	0.00009292390017522253	0.0001335781065018824	0.00014809746590426092	0.00014809746590426092	0.00015100133778473662	0.00015680908154568803	0.00016842456906759085	0.00018439586441020722	0.00019601135193211003	0.0002003671597528236	0.00021053071133448855	0.0002177903910356778	0.00022214619885639137	0.00029038718804757043	0.0004036381913861229	0.00047333111651753977	0.0005081775790832482	0.0006461114934058442	0.0007521028170432073	0.0007738818561467751	0.0007825934717882023	0.0007913050874296294	0.0008116321905929593	0.0039173231667617246	2.478628882298842	2.482210808263409	2.483524810289324	2.486141198853633	2.497184623615082	2.5047535656715416	2.5149171172532068	2.5213854918669663	2.5243764799038564	2.5355984927859545	2.560316250232564	2.694790201209573	4.928831762759708	25.17362177376567	29.393325119441332	29.50693184708524	30.084307241144288	32.38469356354765	34.20442375261497	36.71366670421373	39.44147247676837	41.430629070702054	43.450961633144516	45.534180445030564	47.28559124036593	48.855611678687396	51.62083384042196	53.99888421626865	56.11488048200556	58.36305809186985	61.349595945103	63.41667503707736	64.53408203281253	66.39688970929078	68.27919107770265	71.49290753976105	76.26403002069213	77.91198747641366	79.74612812968785	80.86807968491597	81.47526477576403	82.66983490704314	84.61953078599304	85.48277349151769	89.33182082262567	92.99895364784531	94.12163552685136	94.70863435232229
DC_3028_R2 - illumina_small_rna_5'_adapter	28.331855407739766	28.387470361994637	28.402309147303868	28.414438620148612	28.43191992886908	28.465416091010365	28.588310852863977	29.02229450540107	30.670857418409692	32.18520772891055	33.7736270994667	36.89529663065778	38.766961116371476	40.966668748742805	42.658133464913575	44.39650877937749	45.96320138052393	48.05045657432383	50.69824615721197	52.906068659553284	54.98465724772591	57.59189571173914	60.2489776846448	61.09012918483873	62.232709845905745	64.82594874358321	66.52348690779199	72.54635094958499	73.88513607006416	75.14747385941793	76.79686873172031	77.19731701984574	77.85620845339754	80.61386893275537	81.20173020817481	83.63135625249062	87.77975937994901	89.32888936396233	89.7242340972578	90.44036229750975	90.88879126071626	91.02232145333213	91.16463440645047	91.35597052465502	91.55672099549606	91.87413597107115	92.01175771916661	92.10841454664418	92.19194587322201	92.283854870175	92.33713511143797	92.4102023356945	92.52673616619393	92.62792012993316	92.70493371607526	92.77167340350424	92.83495312758762	92.88951688022176	92.94915369703108	93.04463736026895	93.17372608084361	93.2752149511303	93.37646715585873	93.80715636574743	93.89058170100162	93.9363830202364	93.9915580379014	94.04471922041726	94.1225212077749	94.15065101468107	94.21746039503518	94.24893401041172	94.26801680447426	94.28221383409792
DC_3028_R2 - polyg	0.1883770727583394	0.19959182596073657	0.2024579475067661	0.20305614511414408	0.20366595820904398	0.2040579809129082	0.20487687278320235	0.20537053100288322	0.20607326799795836	0.2066395230146511	0.20730596161122028	0.20776186949645498	0.207994179246893	0.20822794093327132	0.20836587484759392	0.20845444293994841	0.20857059781516746	0.20868530075444625	0.20876951303898003	0.2088101672453067	0.20884210983599194	0.2088871198501393	0.20893067792834644	0.2090177940847607	0.2090599002270276	0.20909184281771284	0.20914266057562117	0.20917605510224663	0.20919347833352947	0.2092094496288721	0.20923558447579638	0.2092893061055852	0.20940255710892375	0.2101648234775486	0.6433368438240497	28.550155428290466	28.60382333644948	28.69009591808247	29.35715303936219	31.793887762041408	33.449261706545684	36.31689036208117	38.730635131082664	40.858252692085244	42.844585270615156	44.536787570243575	46.288494560510756	47.980451482965265	50.78032845172143	53.10000955083461	55.42915291647033	57.69790881441561	60.88777142091185	62.2262022690216	63.153039768728675	65.4136895083196	67.20013987370075	71.76719566210326	75.2456900660953	76.49854235795152	78.40163399709165	79.13261405007628	79.69694379971229	81.697081385162	83.2203175436171	84.26338106340427	89.0548059645877	91.67161559031896	92.17905558594458	92.81282707579433	93.42298863531988	93.6057859182599	93.76040257653582	93.95735042714938
DC_3030_R1 - illumina_small_rna_3'_adapter	24.45119492168589	24.48065403057633	24.48942792706347	24.499157934945952	24.514985299930427	24.549316569284528	24.667848618825523	25.1463537461017	26.85393148425588	28.69307329927821	30.702129563513964	34.45091495852881	36.48123181957044	38.58692403735041	40.17250883172119	42.20216013617774	44.15163548865651	46.56150567277494	50.07108573719967	52.84360410713394	55.43153429428445	58.56798902407019	62.05205179215352	63.08744314286068	64.31249808205199	67.54496614793138	69.59263041931955	74.1885061784262	75.6049966610529	77.11855678248247	78.68586954381006	79.18198114754436	80.0723842166276	84.03618160253887	84.54039009573938	86.16841449936632	89.41757873205202	90.77881656768147	91.1189689409217	92.002103845835	92.54884212047415	92.67853834499064	92.80996501662833	92.96189226239086	93.11424746819412	93.38501306265724	93.51869547016176	93.62707957091095	93.7178113934585	93.8048003547803	93.8728803525635	93.9500877790414	94.06641705098147	94.1566307413058	94.24438688183105	94.31466679460621	94.37057641036164	94.4204673907617	94.49694914586618	94.60793249555837	94.75718463324024	94.8532967293433	94.95277095967936	95.47519423374371	95.56426717439426	95.61299593555327	95.6709609045478	95.72650267505082	95.8015073239278	95.834842405361	95.90284225009309	95.93693735420732	95.96106771650369	95.98200483849618
DC_3030_R1 - polyg	0	0	0.00009732870491448128	0.00019752001879703554	0.00021183306363740042	0.00022042089054161935	0.00023187132641391128	0.00024618437125427617	0.00026908524299886	0.00028769220129133433	0.0002919861147434438	0.00029341741922748034	0.0002991426371636263	0.0003005739416476628	0.0003134556820039912	0.00034208177168472095	0.00043941047659920227	0.0005224261366733186	0.0005725217936145958	0.0006712818030131135	0.0007356905047947555	0.0007442783316989744	0.0007500035496351204	0.0007657478989595218	0.0007943739886402516	0.014015333507685303	5.129490402931678	5.134484224276481	5.13515407477501	5.139415068223987	5.166731514301823	5.191428673173872	5.20498742055115	5.208654422639253	5.209944027979369	5.21155424552391	5.314686890121159	5.431661680383526	6.697265475607594	21.007291694815656	24.604969981537316	24.756311823765884	25.181313358124292	27.176005050558253	29.504863400880218	32.229680686275	35.36980528075782	37.358206389984446	39.05271202428592	41.053493917299456	43.01377418732821	44.722027501198866	47.61647440621475	50.70040741795877	53.017586323691	55.94798473473691	58.91531366407993	62.37966450680912	63.96479700896295	65.35683079187092	67.63698900712355	70.39352972510252	74.3097534125734	76.67950842591775	78.50462631960548	79.92776234895157	80.6172174249985	81.51812340638558	84.33993876535905	86.63869678238171	88.133588399426	91.51016449467164	93.35746188264403	94.05944946075317
DC_3030_R2 - illumina_small_rna_5'_adapter	23.7371514659077	23.76667068958647	23.775393059112186	23.785157418302283	23.80066130847337	23.83409371861149	23.949602853082204	24.414175662510768	26.078528005247048	27.848990105907372	29.77543433793351	33.37780300944936	35.324971099099855	37.341965378004076	38.85671777606886	40.81388209623587	42.699504093072804	45.020202576531275	48.41714327197579	51.10711831231568	53.624353508390655	56.6722849184477	60.03940295366283	61.00762318493416	62.19513787011816	65.35409700030641	67.34547092894638	71.81663569705444	73.21316377604231	74.6908926210185	76.21617083225891	76.68307666799645	77.55957604532173	82.21407660479004	82.83432954033827	84.39970002148101	87.57244977037297	88.96196445738903	89.3590670047446	90.23733833702113	90.76801308143595	90.8936873403523	91.02041790197785	91.1680669786376	91.31499038392396	91.57604171485391	91.70641351508687	91.81305571827897	91.9010551805665	91.98467914504633	92.04994519821392	92.12372894436601	92.23338690610596	92.32055478048827	92.40500747026437	92.47238756015486	92.52589687829057	92.57378832632644	92.64833925168196	92.75484261833911	92.89753508757065	92.98849448753117	93.08203309817192	93.56335503267267	93.64926335910903	93.69662093057235	93.75307157942274	93.80663671843332	93.87940280709725	93.91197357193599	93.97822865650204	94.01125314486222	94.03446460967983	94.05437548635726
DC_3030_R2 - polyg	0.11224576024710957	0.1189156391427196	0.12053015060071276	0.12085935063204116	0.12138320807319851	0.12171813332246305	0.12247099948106624	0.12288035256350069	0.12337558391497731	0.12387081526645394	0.12431165704753716	0.12462081881608905	0.12487272840527948	0.12506166059717228	0.12513895103931028	0.12520908495902805	0.12527635626977776	0.12533790236259135	0.12537654758366032	0.12542807454508564	0.12546958237512268	0.1255053649872236	0.12553112846793626	0.12559839977868598	0.12563418239078689	0.1256542206535634	0.12568714065669623	0.12572149196431312	0.12573437370466944	0.12575870588089805	0.12580164501541916	0.12584601545442428	0.12593189372346647	0.12650441551708108	0.4867666167580335	23.99255630064814	24.032778819258535	24.111635108502043	24.787391169332253	27.39051322227632	29.36461559970742	32.71933138156837	35.30095094724876	37.34554363921417	39.06565244812609	40.78087335222503	42.91120833930664	44.69497441514609	48.21138037065519	51.06525695007106	53.94499720151347	56.52260768333407	60.514296899725785	62.11085407427119	63.09676236635624	65.7082503940095	68.01657954411692	71.72493201876223	74.57231476973402	76.02370618089948	77.8578284110963	78.6292457071171	79.37741718701264	82.63800609208991	84.89361457283232	85.69886504424677	88.93198721627537	91.25345574154625	91.79610191666556	92.53421991386524	93.28121915538837	93.45827724528162	93.59610757318089	93.75729965286858
DC_3031_R1 - illumina_small_rna_3'_adapter	16.09448668304212	16.10780320532304	16.112551236068963	16.118547130265107	16.12921418476876	16.158952795042453	16.273602491586146	16.770951665764464	18.608644552271464	20.71359417317977	22.906519448502777	26.708977180907866	28.750032093408038	30.579303823386994	32.075885420614284	33.98940458874495	36.34345414650163	38.41160588854207	41.2854943484085	43.93726823883112	46.377284570212	49.25691397065384	52.746321967321556	53.942229969395825	55.289664979668025	58.54694603228876	60.64527710844979	66.77609942279014	68.11426898288572	69.889208686995	72.53783729531261	73.20329955595022	74.3511507222772	76.78316484101938	77.3573690795221	80.40590205076492	85.64731801858963	87.4201911890796	87.93986097622485	89.32666518152979	90.17906994251578	90.41650222798717	90.59561931770517	90.81417222350254	91.03614586380925	91.60809523611857	91.821659250463	91.92783526234575	92.09433919429429	92.20892739448726	92.29764484863263	92.43554529044803	92.61702102145131	92.77928042402554	92.9256596751978	93.05671992916851	93.14309027259435	93.21218014146518	93.30784027737315	93.42758520280958	93.59436971185833	93.7118046806205	93.83836801394409	94.87223313184566	94.99110942132805	95.04323142209338	95.11426867540396	95.18414390392056	95.26386239207582	95.30004786978435	95.39292785816974	95.44601842645906	95.49078392626834	95.51912093221497
DC_3031_R1 - polyg	0	0	0.0000922445260945159	0.0001460538329829835	0.00015374087682419317	0.00015886557271833294	0.00016655261655954258	0.00016655261655954258	0.00018961374808317157	0.0001998631398714511	0.00020498783576559086	0.00020755018371266076	0.00020755018371266076	0.00020755018371266076	0.00021011253165973066	0.0002549536207334536	0.0003638534084839238	0.0005060637195463025	0.0006034329415349582	0.0008058584293534792	0.0009531934363099976	0.0009698486979659519	0.0009788169157806965	0.000992909829489581	0.001170993011810938	0.0069708675900036245	2.2610158284944673	2.2636793891854463	2.264451937091488	2.267360202011412	2.284356255944327	2.2980801915488334	2.306649964257809	2.3098977402807197	2.31127884582419	2.314329321055177	2.330912836968613	2.376555940949769	3.25421264095412	13.930049592194637	16.350876499799906	16.429791691873763	16.923408806267176	19.40264699767385	21.783287321251247	24.834570973015246	28.00541762351145	29.838703271549488	31.362327889010157	33.247658667375106	35.47153966824666	37.324855190186945	39.978354821951925	42.70766536125288	44.92969378455871	47.54581900916772	50.61828559141015	53.64795583824062	55.15016947625557	57.056845894193586	59.51329456295902	62.355593116159994	67.5522051489562	69.61309647808862	72.12997556083775	74.15810599029291	75.10109359472972	76.21325766002388	78.35209433253219	79.63806630259802	82.94200514898695	88.18742991017484	90.20391703055851	91.17964631706299
DC_3031_R2 - illumina_small_rna_5'_adapter	15.666054419248194	15.67918389012898	15.683898610351589	15.68972282723528	15.700264326689524	15.729352100584661	15.841490696140228	16.32678402322758	18.12553690798296	20.16320567767108	22.27961924329458	25.95598383322436	27.92892641259552	29.701059064528785	31.14991949358985	33.00808297784599	35.30213900194395	37.306385786184464	40.09797291116499	42.67780760179965	45.06617724795939	47.86778955928281	51.244979527608606	52.36401837244476	53.68053481121363	56.87862946977898	58.92544966516006	64.91480987403855	66.23866615850181	67.96978715036826	70.55961243564855	71.19218696038553	72.3214008889195	75.18491055842632	75.88952549569518	78.82571104002474	83.9437653282857	85.75761812949318	86.36559283276432	87.75667359679292	88.58861929059552	88.81937025379493	88.99254782097162	89.20544946837174	89.42234069152543	89.9801471843409	90.18853653700623	90.29238978047493	90.45528336416606	90.56631758775644	90.65179367174878	90.78458479175772	90.95766242736448	91.11432822437025	91.2558236403554	91.38204874374998	91.46502910084186	91.53191022578231	91.62567806773137	91.74138473280323	91.90212081952292	92.01405314606875	92.13422726478632	93.10791179762904	93.22248078021241	93.27348687844677	93.34343769622781	93.41133735447721	93.48943131403404	93.5250005470613	93.61619322932353	93.66814995864627	93.71160737982856	93.73867089884553
DC_3031_R2 - polyg	0.15251863685344083	0.1644668653306277	0.16719320354631007	0.16769798609188283	0.1683898200375917	0.16882798153654063	0.16982217254000376	0.1702270235156408	0.17090348337366726	0.17155688210017006	0.17213853508415494	0.17256772836528914	0.17283933724767855	0.1730609803451001	0.17318397304655947	0.17326468700689215	0.17332746453159537	0.17339280440424565	0.1734568631029224	0.17349145480020783	0.17350682888789026	0.17354270175914924	0.17357344993451407	0.17364007098113787	0.17367081915650273	0.17370412967981463	0.17374512724696778	0.17377843777027965	0.1737899683360415	0.17381815416345925	0.17386940112240062	0.1739116798635273	0.1739590833005481	0.17433959197068796	0.4106380384754993	15.898651554143463	15.924544080148603	15.993297000264384	16.69633737471976	19.565441930969016	21.685405629673177	25.236800666702436	27.81627278510259	29.682262961163055	31.238021984227927	32.818921484175476	35.21671928960646	37.00294613642258	39.778932405927364	42.57974013999542	45.12235288317697	47.661943336954955	51.35458780456644	53.22340937510842	54.281397717757685	56.99346237420089	59.391656062389686	63.883936297365196	67.3968141200541	68.8854178469482	71.84733192701428	72.96822078706822	73.91319549233799	76.1219073933629	77.7893514763967	79.0923797155722	84.86773902978129	87.98169130646076	88.75269796021217	89.92452757862782	91.07062994248093	91.376916360812	91.57008152314981	91.79700305734232
DC_3042_R1 - illumina_small_rna_3'_adapter	9.234786836420186	9.245892703955352	9.250361553928249	9.255851049762462	9.262355552530584	9.2766276778068	9.319675249659282	9.486127928428928	10.115451963697263	10.827265048591483	11.70925109461449	13.415504535417512	14.53088437723319	15.90655992778564	17.153886441813682	18.60202784851969	19.986776433275786	21.87021625117452	24.545261386559243	26.690450346734828	28.74333711385823	31.206706782372194	33.88957311007542	34.97404317128992	36.35595537555849	40.425579155907826	42.774269957672516	48.677863245747446	50.973115342173784	53.38514116688242	56.17681623790048	56.90473550921122	58.326761633346905	62.49467050873106	63.426817633535016	66.24304882369437	72.08160695221105	74.49876138139963	75.18913949347433	77.57784271441274	78.82833830564554	79.1742371616707	79.49883355967049	79.91143528803556	80.33292114653605	81.06429989981318	81.46292131739554	81.66329214453992	81.94578267156479	82.28450881192367	82.49937591170882	82.81259154446218	83.17738503650838	83.4819829784465	83.87410130299259	84.11212324845751	84.34193068641704	84.58101556969886	84.89867044805621	85.3351812286422	85.87231162021102	86.262048907658	86.64626145597444	88.25512357173722	88.56451460197434	88.77649880012083	89.02853348020108	89.2714796190273	89.45945749345503	89.55914104248768	89.84601019664689	89.9808256731794	90.06144118917311	90.14868526433798
DC_3042_R1 - polyg	0	0	0.0001691678223178484	0.00021991816901320292	0.0002537517334767726	0.00025939066088736753	0.0002650295882979625	0.0002763074431191524	0.00028476583423504484	0.00029322422535093726	0.000294633957203586	0.0002960436890562347	0.0002960436890562347	0.00031155073943537085	0.0003298772535198044	0.00037780813650986145	0.00045252392470024447	0.0005427467632697636	0.0006118236240495517	0.0007119145855876119	0.0007556162730197229	0.0007739427871041565	0.0007894498374832926	0.0008218736700942135	0.0008528877708524857	0.007061346849917521	1.4599591888267587	1.4615972972395364	1.4619948416219835	1.4637288118007414	1.4754197180547572	1.4843094871175602	1.4906053495714895	1.492564876846671	1.4932612843818798	1.49480494076053	1.524255648894215	1.581389261418363	2.1944858733308563	8.039737408683914	9.41661968970223	9.472485953290846	9.69100425857437	10.534187435353221	11.435843469916238	12.698313323505435	14.165918897900958	15.332610159689349	16.55761779902626	18.11251819893335	19.527583067180657	20.775219722216285	23.341064208831135	25.554640670910562	27.44143001169119	29.637256540013915	32.24760344175318	34.605213616949584	36.06470477480126	38.231370999751945	41.107663815493396	44.55228861789833	49.59430595771289	52.59338077889264	55.70635347537528	57.786109731610175	58.90920221639169	60.63273051131707	64.10205381578041	66.19806991920376	69.77043757343645	75.53564594392797	78.09251043864145	79.66501556992442
DC_3042_R2 - illumina_small_rna_5'_adapter	8.915429001984846	8.92660253664894	8.931079845012952	8.936510132109355	8.942915953647791	8.956801812396382	8.99892178068982	9.160775914156126	9.776135145692121	10.462182561515482	11.308446002392373	12.950373378759028	14.022109332148556	15.348504886327964	16.55313344200298	17.956342465369513	19.30059368319457	21.121535858869827	23.712312863030622	25.799019097299073	27.80011513561987	30.195703486926625	32.79372369334633	33.80804408784118	35.15348793881358	39.15002699072605	41.432614056188186	47.18987435849447	49.46198711629143	51.817017482197485	54.54072092220824	55.22300717344873	56.62353347709967	61.57358132057928	62.69969908991659	65.41192590291493	71.12326700958488	73.58190561800134	74.38663694876736	76.75857422878222	77.97480628733639	78.31017303669041	78.62351836477421	79.02191140579646	79.42854151003371	80.13447319363868	80.52142203148111	80.71697721461683	80.9927306331179	81.31678287462256	81.5237047256862	81.82334605043039	82.16912507924808	82.46262420231028	82.84191114753357	83.07140139582626	83.29122511280534	83.5212905316939	83.83107205765421	84.25003167667472	84.76453023308112	85.13654014248104	85.50094595826776	86.99655021698874	87.29599981820098	87.50231266510427	87.74929768568833	87.98679521090406	88.16970650905338	88.2666128863363	88.54707903842078	88.67815308661635	88.75561221299199	88.83869334999599
DC_3042_R2 - polyg	0.2195995696145043	0.23349388675421026	0.23649661560035207	0.23706332780511685	0.23799657029157031	0.2390313134714145	0.24088370112579494	0.2414616911853809	0.24266842165124825	0.24421066829804594	0.24517492488525772	0.24596860391829894	0.2463027103673767	0.2465747886149379	0.24679047758839315	0.24695541621515305	0.24716264679749242	0.24754609386141285	0.24763208750442445	0.24770962275632014	0.24774486605263635	0.24778574827636318	0.24782381103638468	0.2479295409253333	0.24798593019943926	0.24802540269131343	0.24811844499358826	0.24820302890474719	0.2482213554188316	0.2482495500558846	0.24830593932999054	0.2483454118218647	0.24841448868264449	0.2486865669302057	0.3879934491452486	9.344648649428954	9.365256109650973	9.39687921456959	9.63964913691423	10.618325871246709	11.440340514526188	12.963798255191803	14.264312542288431	15.525568616752498	16.8286500255528	18.139167769875826	19.59133959994855	20.96449173048476	23.726689308463932	25.864571628447237	28.15501090032863	30.25072673086736	33.260106691889966	34.76442168372846	35.89950111845306	39.13317505615949	41.81330368460486	46.57420357621904	50.54044185169068	52.91357317458475	56.09152041215597	57.35531682341851	58.51265169490087	62.13602203783054	64.97576896502393	66.41207003389954	72.01487024630666	76.30488163637614	77.35693209417528	79.29313535585496	81.08333691875134	81.53914410893641	81.87764892139441	82.28751013103795
DC_3047_R1 - illumina_small_rna_3'_adapter	11.241023881150921	11.257911008866921	11.264164947803641	11.269860659255317	11.276648944287345	11.29032103991034	11.330262664241273	11.496178619421636	12.181383453683598	12.993688029286226	14.027441746723056	16.15168240808471	17.49161196037313	18.94395718448923	20.093107269709968	21.534105848528462	22.98710781086226	25.179665665319995	28.484435065426652	31.34656887715198	34.010815523189905	36.950514596186	40.13904282434689	41.30106796380824	42.667126741639905	46.79960421372793	49.03997111784726	54.48201444776316	55.94157334416593	57.74942290621706	60.08881399287045	60.722911160513746	62.09842547609341	68.2046341359152	68.78105028441541	70.8686658494455	75.45870179332519	77.62628866964181	78.1303949551997	79.8720572456017	80.80897043507832	81.1241719426627	81.39827208592715	81.67590070452488	81.98696476133775	82.58714737038434	82.91876136306375	83.08420566079687	83.31175351253451	83.52378592387902	83.70626511542712	83.92960387222405	84.16128469697261	84.41174674216052	84.69781743202938	84.90514968735678	85.05785774142711	85.25459860040726	85.53304963436398	85.88441502894065	86.28021622687893	86.58213818918406	86.86484906603467	88.86618266254092	89.12331657098588	89.30814061648852	89.54667838526461	89.78464747844764	89.98455859191506	90.07975727433102	90.3560380869956	90.49025746765088	90.57045565213986	90.64228191694005
DC_3047_R1 - polyg	0	0	0.0001044810800883898	0.00014328833840693457	0.00014925868584055686	0.00015821420699099027	0.00016716972814142367	0.00018209559672547937	0.00019702146530953504	0.00022090285504402417	0.000228365789336052	0.0002373213104864854	0.0002656804607961912	0.00027762115566343573	0.0002985173716811137	0.00036717636716776986	0.0004940462501322432	0.0005940495696454163	0.0006686789125656947	0.0007880858612381403	0.0008388338144239295	0.0008627152041584187	0.0008955521150433412	0.0009283890259282636	0.0011373511861050433	0.055801852288350585	3.222074117803552	3.2242323984008063	3.224583156312532	3.226787707102397	3.2415001357657003	3.2553513418117044	3.268572676203461	3.2725414646599615	3.273545975615668	3.2743460021717734	3.478037838151523	3.629157779804512	4.093546329060236	9.625068748550698	11.28145656655827	11.385630173753828	11.49639056675553	12.04366694201909	13.058599139171426	14.233736654183865	16.0738066887474	17.49619270944158	18.71424209663318	20.13492059796134	21.422351392679065	22.73842791438331	24.774240267318724	27.69610740511745	30.084313544974986	33.31609246253189	35.83524175489049	39.27978146617882	41.541092349095294	42.827858942661024	45.1931479038946	48.692808847863844	53.03167227521105	56.345056886664416	58.493817764935955	60.752619609343455	61.80501275146805	62.849030988730135	65.85456508287677	70.59808522599317	72.2831605634193	76.38939089560226	80.16756406958942	81.58344091899409
DC_3047_R2 - illumina_small_rna_5'_adapter	10.831601335542839	10.848407863568486	10.854584187988568	10.860166462839006	10.866811459532627	10.880119363962171	10.919066925445406	11.0804424314025	11.748109370078195	12.528053170003734	13.519212936262242	15.561922533070351	16.850145891409888	18.248211701833206	19.35240507087877	20.741355653357807	22.14529031530838	24.255357371862615	27.45386354317194	30.234131950887445	32.826753831351056	35.67711859569786	38.748265315553155	39.82547122161189	41.153585456329175	45.20884096212387	47.39301943395853	52.67948148010167	54.117694891842376	55.87574130818909	58.14937200303484	58.742697668053935	60.09291860673106	67.25335330533957	67.95674978823178	69.96958973682948	74.46234483962573	76.66695981072566	77.2591929021644	78.98767565060666	79.89863275461562	80.20423095835301	80.46872033483618	80.73817704038414	81.03818102857623	81.61563751011676	81.9379273126917	82.09908490096745	82.32052359469364	82.52571548046609	82.70111831771848	82.91437315770004	83.13536706054242	83.37716911677785	83.65353799206707	83.85268042330242	83.99897035388159	84.18926920798089	84.45993043112357	84.7987446628079	85.17777216963142	85.46381748552369	85.72966063828746	87.58274005990886	87.82981542551502	88.00951542033276	88.24288286823133	88.47335917538516	88.66690589848832	88.75886118966099	89.02838804679129	89.15948493573876	89.23592030875771	89.30328224626442
DC_3047_R2 - polyg	0.21417725866004866	0.22379250320189734	0.22569704403322283	0.2261418349170277	0.22689708386738092	0.22782547289330918	0.23000763488029813	0.2307001951825983	0.23227636690507458	0.23438688472286007	0.2354645324346289	0.2363541142022386	0.2368630863209549	0.23753624299409581	0.23773624963312215	0.23788998607953793	0.23806760391568818	0.23841537665369666	0.23853926136294434	0.2386377720955991	0.23868404228820966	0.23872732730710344	0.23877509008657244	0.2389228561855546	0.23902285950506774	0.23908554815312077	0.23923629942581975	0.23933481015847452	0.23937660259050986	0.23940048398024436	0.2394392912385629	0.23949003919174872	0.23956914629524417	0.23988706729608458	0.401679004986673	11.246485256465828	11.27378019234549	11.305609607100987	11.551804346460695	12.625492225294165	13.579429860477756	15.417481917608727	17.028398076974973	18.424113063096303	19.639051899274985	20.916994319333824	22.391950741767907	23.88859445125462	27.209089746501434	30.059356000115585	32.98183659111311	35.568107514494216	39.10192033837063	40.796249714318876	41.93526513477104	45.15899602398743	47.86521421248371	52.234910006564995	55.4552452606785	57.064883765693956	59.7066804127946	60.78083845648847	61.887378172075444	66.86677480159939	70.19440167685566	71.31213430129382	75.44690438679636	79.15207065977832	80.00802593805503	81.42839696649035	82.75468875265352	83.15359303867042	83.43984433154915	83.7323824002755
DC_3049_R1 - illumina_small_rna_3'_adapter	13.444068461640901	13.47447204327574	13.484509431515981	13.493903503172211	13.504655687616903	13.524326329320248	13.569091816232275	13.772926950797059	14.630627411818617	15.802266365836434	17.150605690811492	19.470519385218083	20.9564817224961	22.319039993507452	23.38479701052433	24.858761768432203	26.482041955018204	28.84808887138188	31.722831503510037	34.6743872354553	37.057021547586565	39.63478285206105	42.528075820302874	43.653206284356266	45.1454478313688	49.23084904262946	51.641815402010735	56.54496546489631	57.90667422811082	59.7456689123364	62.37449140875445	63.08946631225971	64.41953297195437	67.71618543836966	68.31028417987747	71.06963671087736	76.63521865780848	78.74101102534657	79.28616272214629	81.07928535995103	82.14878268556852	82.4887988685546	82.78250313053246	83.03124946046633	83.35793194502315	84.24557274475475	84.63811682651159	84.79081516568812	85.08596139154766	85.27395829175143	85.42503321877899	85.63663901285105	85.89743790647847	86.15745464810527	86.4420507569087	86.67330657356281	86.81937930176727	86.94836565146912	87.10812397777269	87.31442378463476	87.60054158458883	87.82988119757175	88.0570901680222	90.27894894386662	90.48385764734616	90.66495126574463	90.88989763128635	91.12744090532348	91.26012495077528	91.32988768572193	91.53274409932985	91.65387593843118	91.73383689076408	91.78969821414216
DC_3049_R1 - illumina_universal_adapter	0	0	0	0	0	0	0	0	0	0	0	0	0	0	0.0000013746080854887462	0.000005498432341954986	0.000027492161709774925	0.00003986363447917364	0.000056358931505038595	0.00006460658001797108	0.00006873040427443732	0.00007697805278736979	0.00008660030938579101	0.00009622256598421224	0.0001099686468390997	0.00012371472769398716	0.00013746080854887464	0.0001608291460021833	0.00018144826728451452	0.00021856268559271067	0.00025842632007188433	0.00029279152220910293	0.0003560234941415853	0.00041100781756113513	0.0005141034239727911	0.0006845548265733956	0.0009347334981323475	0.001429592408908296	0.0020825312495154507	0.0032825641081471258	0.005234507589541146	0.008125308393323979	0.0120924273280445	0.017090502326881585	0.022285146281943554	0.02780557235326636	0.033555557974865785	0.039973603126012745	0.04568647432930398	0.05117665902274603	0.05849919629414457	0.06489249849975273	0.0706988430528572	0.07573678168617345	0.07945097273316405	0.08243937071101659	0.08454664490607083	0.08626765422910274	0.08832956635733585	0.09027601140638793	0.09184443923193059	0.09365342347243377	0.09556687792743411	0.09777587312081452	0.10008246548826465	0.10253064248852009	0.10429426466220215	0.10608675360567948	0.10803319865473154	0.1097129697351988	0.11144360131482914	0.11344503068730075	0.11496947105410776	0.11628084716766403
DC_3049_R1 - polyg	0	0	0.0001154670791810547	0.00016220375408767206	0.000189695915797447	0.000189695915797447	0.00019794356431037947	0.00020344199665233445	0.00021168964516526693	0.00022268650984917692	0.00023368337453308688	0.00024605484730248555	0.00025430249581541805	0.00025980092815737303	0.0002694231847557943	0.00031615985966241167	0.0004522460601257976	0.0006460658001797108	0.0007670313117027204	0.00094298114664528	0.0011093087249894181	0.0011368008866991931	0.0011697914807509231	0.0012137789394865632	0.001235772668854383	0.013840928812786186	2.1178394327993146	2.120027808871413	2.1204580612021706	2.122502103425292	2.135760198409831	2.147360516043271	2.154705047044037	2.156874178602939	2.157781419939361	2.159682502921592	2.1925947443124487	2.2518224828919027	3.0432118498694836	11.581624338084968	13.60719045392968	13.67839377814991	13.885097719789112	14.969126027478307	16.334488498984054	18.077771971433222	20.131760858661586	21.59058843233206	22.70597842349168	24.09692647529263	25.60934589439205	27.095397581195627	29.87423380719923	32.53689778007392	34.88758070186609	37.55802908032891	40.1210971989776	42.915026621759864	44.464192064200574	46.437006220156576	49.37406945905653	52.53165007624676	56.711566590249454	58.99418029425631	61.45581195845253	63.61152596783131	64.64708834364234	65.87819559265458	68.47712586164559	70.40222874556235	73.06370918087543	78.70569459441418	81.4237731430392	82.64412408378247
DC_3049_R2 - illumina_small_rna_5'_adapter	13.0413082925927	13.073166209581986	13.083437281196758	13.092831352852988	13.103429581192106	13.12276206930642	13.166535089180723	13.365001004563588	14.201639720499289	15.329636242410926	16.624015326990122	18.85207495990818	20.27886041910591	21.586536087696036	22.604231307611887	24.022719632405604	25.58970137024233	27.864867447642006	30.63830696230198	33.50429196631748	35.82413005727937	38.322687818476076	41.11626671619655	42.166799948666636	43.61857303364238	47.61441028048493	49.95576511180897	54.724233823694526	56.067099459273166	57.85019570570235	60.413023267936076	61.086963370873335	62.389198340661096	66.29160897436532	67.0205347753302	69.67062520804693	75.10382277408888	77.24434324029876	77.88605703127982	79.66638619163291	80.70667034621759	81.03535013632263	81.31717228600954	81.55796513356077	81.87539100726991	82.73639740073708	83.11825527923733	83.2672834148256	83.55489128994432	83.73751897096619	83.88316144683989	84.08621168018786	84.3341469913513	84.58241220845525	84.85609667827606	85.07737421483762	85.21813408279165	85.34283990291527	85.49855413223136	85.69701454918189	85.97088734031041	86.1876987752022	86.40155755192637	88.47470847586644	88.67072346503289	88.8478334691996	89.06819414216812	89.29908843689576	89.42702733523646	89.4948848633766	89.6928655421053	89.81077255063809	89.88799528366468	89.94053143008396
DC_3049_R2 - illumina_universal_adapter	0	0	0	0	0	0	0	0	0	0	0	0	0.0000027492161709774924	0.000005498432341954985	0.000012371472769398717	0.000021993729367819943	0.000043987458735639885	0.00005773353959052734	0.00007285422853090356	0.00008110187704383603	0.00008522570130030227	0.0000948479578987235	0.00011546707918105468	0.00013883541663436337	0.00017320061877158202	0.00019381974005391325	0.00020894042899428943	0.00023918180687504186	0.0002735470090122605	0.0003147852515769229	0.00036014731839805153	0.0004123824256466239	0.000465992140980685	0.000541595585682566	0.000677681786145952	0.0008879968232257302	0.0012247758041704728	0.0017677459979385276	0.0025306534853847817	0.003780172235094052	0.005774728567138223	0.008688897708374365	0.01269450566948857	0.017688456844069188	0.022889973839558604	0.02842002216747983	0.03418375386993415	0.040618294318106964	0.04633803856182564	0.05186533767357589	0.05920711945817128	0.06560866931229237	0.07144388063519211	0.07650243838979069	0.08025786767934595	0.08325863712996787	0.08539202887864641	0.08715152722807201	0.08921069014013415	0.09114888754067328	0.09273793448749827	0.09457441088971123	0.09648649073662607	0.09873947338874214	0.10111617076855217	0.1035918399305174	0.10537745583356728	0.10718644007407048	0.10916725032525976	0.11082502767635918	0.11253641474279269	0.11451859960206745	0.11606228448207132	0.11735579069051623
DC_3049_R2 - polyg	0.19926593728861963	0.21865066051018195	0.22306590168077178	0.2238219361277906	0.22492987024469455	0.22582336550026222	0.22773681995526254	0.22842412399800693	0.22959254087067235	0.23105924769788885	0.23206408620838115	0.2329864482337441	0.2334978024415459	0.23387994348931176	0.2341177506881013	0.23434593563029243	0.23450676477629462	0.23467171774655327	0.23479680708233275	0.23487241052703464	0.23491502337768477	0.2349878776062157	0.2350469857538917	0.23513908449561943	0.23520644029180843	0.23525042775054406	0.23532740580333142	0.23538651395100743	0.2354140061127172	0.23543187601782856	0.23546486661188026	0.23550610485444495	0.2355638383940355	0.23586350295667202	0.42934096559729856	13.3907845284231	13.42043894865135	13.460954147363045	13.76942857321949	15.203432099474119	16.462261069746404	18.627189077122225	20.36081730237892	21.76110719072885	22.87531776815112	24.092612955120366	25.746173008613514	27.434073521298345	30.504475119098792	33.224425883936235	36.09374843638331	38.29982533679822	41.40432958659157	43.0682638073059	44.158989205587595	47.497486116733256	50.41533920763851	54.30849323049505	57.28372521210478	58.85372696390532	61.79532503487931	62.95649497371804	64.04738532497	66.96873404423664	69.05349215885059	70.35440750487629	75.8312007663495	79.6076835533421	80.4593357387875	81.94955386269821	83.3683954617699	83.81306468212847	84.11382618201725	84.38728933993629
DC_3051_R1 - illumina_small_rna_3'_adapter	13.851662228596835	13.86725377244061	13.873615926739184	13.880371145168272	13.88895152184681	13.907059894929388	13.953474979426597	14.149577416448581	14.880554818856547	15.866254536386649	16.958419787128655	18.958496145168272	20.288497188464074	21.718679309396684	23.124107531133117	24.79792237879243	26.52280661683548	28.525460744289173	31.048912656640628	33.539325852967444	35.525829310469234	37.726590806711414	39.863860257840315	40.90655732130391	42.15733766024829	44.765549738883536	46.52432433190067	50.00889726558996	52.84229395639218	54.81308551320403	57.79097593009333	58.50133422419744	59.62469779767082	61.961614880518255	63.125768760311075	65.76140239431511	71.74857351237719	73.96158703085815	74.80653779607175	77.40911747900734	78.69435644006022	79.01190807588952	79.34628224710315	79.74960717963017	80.1797412187645	80.84157589830693	81.23258939192431	81.42527156160907	81.72532879662168	82.14547474102864	82.38506408712593	82.75630097036259	83.14759935929936	83.49465365748307	83.98159612800751	84.25820053656605	84.54631045021625	84.86270574621976	85.23072651170637	85.68032788983186	86.33297583795178	86.88417362928482	87.4763384534456	89.55439538326982	89.93742114341319	90.15620551367206	90.42950696473076	90.67031054382038	90.83704743388235	90.9305296627522	91.26293394280009	91.43046000813186	91.53887410344814	91.66559615092103
DC_3051_R1 - polyg	0	0	0.00010969231549265013	0.00015539744694792102	0.00017063249076634465	0.00018282052582108355	0.00018586753458476826	0.000188914543348453	0.0002620427536768864	0.0002879423281682066	0.00030165386760478785	0.0003153654070413691	0.00035040600782374344	0.0003717350691695365	0.0003915406261334873	0.0004738098627529749	0.0006048312395914181	0.0007632756953030238	0.0008912500633777823	0.001061882554144127	0.0012081389748009937	0.0012599381237836341	0.0013102137683844322	0.001372677448039969	0.0018114467100105694	0.08439909574530323	4.241768323004379	4.2443857035323855	4.244818378776828	4.247248368265867	4.264506625903377	4.280264231724773	4.2943414122129955	4.298729104832702	4.300365348538801	4.302009209766808	4.587669328371016	4.8112085558055995	5.348259085448851	11.882848180472623	13.876731493200051	14.007146515294522	14.16559401801489	14.863974520668958	16.05258064579035	17.365105570322036	19.12889096925105	20.45932773480006	21.67122671841544	23.240934417645935	24.734032699035488	26.320558363137142	28.360047779535023	30.752309206061646	32.77105306329198	35.2975199908151	37.189499142449854	39.48570057069255	41.249943020936115	42.3510040137637	43.9752668814036	46.44116689222657	49.320600838439304	52.794469630341766	55.55311405514452	58.2319375148694	59.48306368930846	60.374976477092346	61.80477315141634	64.22809730878436	66.14752086835361	71.61606367175769	75.88428307783963	77.83458654772446
DC_3051_R2 - illumina_small_rna_5'_adapter	13.360006035514958	13.37545436994684	13.38172206697374	13.38838587513992	13.39675600821376	13.414367718867858	13.459579234903412	13.650062987765162	14.361981350356281	15.31017086650104	16.35709108411109	18.276432374443736	19.550654875311526	20.926767825732547	22.28252675761216	23.902269387751122	25.57604767130527	27.51165846493161	29.951079969598165	32.36715986363051	34.30040160794309	36.42730970577108	38.4781141892129	39.457246079352885	40.67258056534932	43.22368865274436	44.92645160716306	48.3151336515548	51.11809377181658	53.04349099206705	55.946566679277225	56.61318059206549	57.714317760112166	60.482733942020054	61.85601012728209	64.39400998297575	70.24821877961693	72.507990171081	73.48867603569047	76.0743707195621	77.32462697299911	77.63261709532799	77.95502718663099	78.34601630417825	78.76295374835705	79.40180788780377	79.78121837204904	79.96909388540908	80.2612380386624	80.66127372522904	80.89229792969161	81.24687376900846	81.62212965680443	81.9567354006841	82.42870334663942	82.6967121434756	82.97245424855402	83.27608562484643	83.63448241315294	84.06606073444124	84.69332100554215	85.21985935495067	85.78491798914973	87.73286764476461	88.10469869471021	88.31809747697923	88.58525920537912	88.82011349985764	88.98234234045376	89.07326812897087	89.39785530803553	89.56096168715555	89.66590066897686	89.78738947889812
DC_3051_R2 - polyg	0.17783866649245902	0.18905165874281882	0.19175130850744349	0.19235156923388938	0.19311027441604686	0.19379585138787592	0.19549608227801202	0.19606282590805738	0.19715974906298386	0.19828714230554723	0.19915249279443367	0.19983502275749904	0.20017628773903173	0.20046727707596362	0.20068818521133078	0.20082834761446028	0.2009944095920811	0.20132805705170456	0.20141032628832406	0.20147888398550695	0.2015124010819075	0.20153220663887145	0.2015550592045991	0.2016129523711091	0.201652563485037	0.20168455707705568	0.20173026220851095	0.2017866318706391	0.20180339041883938	0.2018399545240036	0.20188108914231334	0.20192527076938677	0.20200296949286073	0.2024402152504495	0.4120668006700494	13.741387934430321	13.76743528884668	13.806433954013082	14.093268694495688	15.330372534604269	16.366513958712787	18.19841371504959	19.732181945912426	21.077922312977037	22.50581308331936	23.935838283300637	25.78094377561925	27.405649983034255	29.894452835229465	32.35869832029376	34.65431319934945	36.64172161845405	38.979778282579105	40.397380827830844	41.42730635406144	43.65021655700686	45.65461662048214	48.40495946990823	51.82649283928564	54.11295298051084	57.18667639353117	58.50272670720244	59.42259732389752	61.5959890639199	63.76782378246405	65.1639372984099	70.83977420202497	74.85233890830307	76.07224543094942	78.21480144228332	80.02552905822566	80.45207219753198	80.7956163416199	81.19983861822784
DC_3059_R1 - illumina_small_rna_3'_adapter	14.824627018078619	14.846237996839674	14.854569406845929	14.862475142330304	14.87265688320623	14.895190566855751	14.947718310746337	15.193482603199005	16.023373222070706	17.145358991254724	18.328424133235636	20.4757958514204	21.75709584664694	23.02797542799974	24.041282554873874	25.309407554566306	26.609923186663444	28.5579488196513	31.075248921173447	33.47213357420442	35.269823514851126	37.53587599633674	39.90326361949324	40.913549195425944	42.196343972571796	45.53017269590747	47.89827018669149	52.59061946223283	54.07597871922656	55.962098235837466	58.90161456131656	59.68142198911553	61.16162763173888	64.39559631095204	65.12942473902214	67.83799541255735	73.96475095087814	76.38907069592616	77.04989471322085	79.08082107448124	80.34730858056494	80.74938277194327	81.05282227129098	81.35193120902883	81.69321145098911	82.52261734222608	82.8970054658577	83.05611546655157	83.33248772556443	83.56716233553092	83.7464635797308	83.98286057215577	84.35970924215664	84.63585144008397	85.0011441540617	85.26992931834499	85.42123323568245	85.57780641306964	85.90427662643346	86.26319283449529	86.74140002135755	87.1440253751226	87.53627583512174	89.84254963783218	90.12814279436378	90.3675822523743	90.59767163418172	90.82582579626971	90.9582880797847	91.03745615921505	91.28133321260253	91.44227878088785	91.55258261407462	91.64776023845647
DC_3059_R1 - polyg	0	0	0.00012302731846211914	0.00016239606036999729	0.00018208043132393633	0.0001870015240624211	0.00019684370953939063	0.00019684370953939063	0.00020668589501636017	0.00022513999278567806	0.00023744272463188995	0.00024482436373961713	0.0002558968224012078	0.0002608179151396926	0.0002755811933551469	0.00034324621850931244	0.0005487018403410515	0.0007984472968191533	0.0009534617180814235	0.0010801798560974062	0.0012032071745595252	0.0012425759164674034	0.0012942473902214935	0.0015968945936383067	0.0019339894462245132	0.038538307508258825	3.6114128014353843	3.61381306441858	3.6143125553315363	3.617149565295273	3.6356959335534373	3.651792827901021	3.6631125714727206	3.6658363963034724	3.6666779031617525	3.6677470105591885	3.7365549595018672	3.807808691535573	4.45616758092368	12.856759539169191	15.014737442478577	15.097564354360014	15.281604610867053	16.240382339379224	17.587063972729275	19.100062547088704	21.01361223462392	22.30064776343717	23.332303184586742	24.582907863856985	25.791555306438905	26.964989869930598	29.095033190309977	31.47458944553556	33.40144945865519	35.60263086538892	37.58253779768305	40.04340157740707	41.60034797046754	42.91297441179408	45.175593200821424	48.161905427423974	52.02044197318103	54.85575662046909	57.14384329469127	59.87171080312726	61.013811538879835	62.204404722477435	64.40440383668074	67.04865828867031	68.92039345120662	74.80640913276075	78.8750849503634	80.35447984295809
DC_3059_R2 - illumina_small_rna_5'_adapter	14.324257690068595	14.345701351676542	14.353951563652613	14.361645692149233	14.371618286583773	14.39364263713486	14.444775251234088	14.683630329481922	15.493743076637653	16.57526762132585	17.709193191766616	19.769507088588036	20.995591193015592	22.213342657163707	23.182903730139085	24.4053831341357	25.66128290919255	27.53841651046298	29.96863664570445	32.29317631438696	34.04314149765584	36.238188762291045	38.52460103470896	39.45476137867365	40.7021981044935	43.969642517060194	46.262529717248775	50.833501470668566	52.30045461054718	54.13537138748734	57.00643285242775	57.74111509008799	59.19454506712124	63.06147207599742	63.94633130075799	66.55311532236357	72.55116829202157	75.01969298286623	75.78915012236297	77.79872386223106	79.03120538721865	79.42053640895068	79.7124310247339	80.00265000843967	80.33462692457786	81.13773695676673	81.50146599352679	81.65669079150364	81.92530002672154	82.15152389018286	82.32451260267244	82.55168992785187	82.90996393331132	83.17511733115361	83.5291407427602	83.78862135094822	83.93477780528121	84.08695275603338	84.40520966561667	84.75154263954619	85.21118500405252	85.59350838972496	85.96281917592366	88.11993219718426	88.39612729685852	88.629555640089	88.85534644738934	89.0776481999381	89.20581067867283	89.28267199588203	89.51972718446078	89.67552775028801	89.78165234546661	89.87208603644856
DC_3059_R2 - polyg	0.19178728675059753	0.1994887968863262	0.20137111485879663	0.20176726282424465	0.20240946542661692	0.20301968092618902	0.2044861665622575	0.2049561309187828	0.20591082291004884	0.2071743134706548	0.20790263519595054	0.2085559102569844	0.20882164926486257	0.20902833515987893	0.2092411724208184	0.2093629694660959	0.2094687729599733	0.2097406633337746	0.20982432191032885	0.20991536212599082	0.20993996758968322	0.2099904087902527	0.2100371591712683	0.21011466638189943	0.21019217359253056	0.21023892397354615	0.21033119446239276	0.21040132003391615	0.21043084659034705	0.21046898505907033	0.21052311707919366	0.2105809399188709	0.2106867434127483	0.21114932613016585	0.42620230907513473	14.724908455372333	14.75550781002023	14.80178822667931	15.142926987223367	16.5564321388693	17.70625160858219	19.697007089818307	21.21899773088414	22.512223994362397	23.560934692670376	24.674189213063137	26.02428977559325	27.40236921088802	30.008759545074504	32.39223175984674	34.57856622978846	36.42885280962408	39.061447962643	40.49770332601895	41.47433108816679	44.1917966368268	46.89441647896798	50.57184573949014	53.587386796412915	55.253329242264904	58.43841670730669	59.75563452815825	60.95456158230847	63.925806653218956	66.13153637991624	67.52790136555402	73.20114499064746	77.57172861748296	78.60713022047972	80.27840590058705	81.94019740471411	82.45294082041505	82.77492299720137	83.09002302579293
DC_3060_R1 - illumina_small_rna_3'_adapter	19.162205973277143	19.187008525718543	19.195271806922374	19.203430875720986	19.214993369168	19.243771243603486	19.315466836626086	19.58645975844327	20.590464946187637	21.990689511212047	23.854760950086707	27.135519972243916	29.354241476664363	31.54832945608114	33.40121966640592	35.34148435320634	37.25299785411407	39.39771711288428	42.010802505418724	44.86149726537752	47.436987397288824	50.20960037719807	53.18593208782564	54.24893801840112	55.630470436402156	59.15066889748994	61.489628641635775	65.52990673625175	67.2866762533607	68.95891425924361	71.12198761016174	71.77039465364943	72.79757185095846	75.30902600163054	75.9460230576301	78.04844097606355	82.3322393148924	83.89925456358196	84.3930485242189	85.80217308282535	86.62908835115005	86.86121640023664	87.0972702068807	87.35598131547827	87.64900753570069	88.16173892377816	88.43326688733433	88.56245976861032	88.75238052270146	88.96777739721892	89.12049050999899	89.32674338140025	89.56078792203641	89.76210087125384	90.03167802941968	90.21413107505899	90.36031184926819	90.4946899331452	90.66498698298096	90.92537565712593	91.26464295495546	91.51616340759315	91.77476522025356	93.2991550534438	93.45704574352692	93.58277165600501	93.7335149001499	93.88277883649391	93.9888098752692	94.04954028985028	94.21721804984276	94.31590084316733	94.36767915796378	94.42037505027932
DC_3060_R1 - polyg	0	0	0.00010421240521595797	0.00015504772483349843	0.0001626730227761295	0.00019063244856577677	0.0002033412784701619	0.00020588304445103893	0.0002262171722980551	0.0002554474810781409	0.00026561454500164896	0.0002783233749060341	0.0002846777898582267	0.00028849043882954223	0.00031644986461918946	0.00035584723732278334	0.00048293553636663447	0.0006201908993339938	0.0007015274107220585	0.000812094230890209	0.0009163066361061671	0.0009595166577810765	0.0009938304985229163	0.0010256025732838792	0.0011361693934520294	0.04416318391773828	3.769386843438018	3.7723467299227496	3.7729720043540453	3.776238173639472	3.798218094959106	3.819788791955819	3.836531404471856	3.840375825517932	3.8412895903880577	3.842756189359024	3.927513917757349	4.015802159103113	4.985687951203177	16.571616480556443	19.38579241778499	19.48646541387258	19.76029621740741	21.079047015680793	22.834516419490516	25.298823352983305	28.21333677318996	30.40574464529338	32.18633940582407	34.37829230181691	36.1896589521951	37.871743759487934	40.3111185104743	42.800308062036876	45.27264824691223	48.15056023699426	50.88435409596056	53.67683478965934	55.20800859625255	56.89278259195315	59.4054758535409	62.33797608071124	65.977406242196	68.39444649550838	70.54110639260499	72.38713891831335	73.29057659325835	74.20701667207851	76.1552332737501	77.90078851935142	79.86286028738478	84.21846605693938	86.35764934940323	87.35933136304106
DC_3060_R2 - illumina_small_rna_5'_adapter	18.54754849848352	18.572073998433	18.58030423667908	18.58827267302913	18.599634366963652	18.627781883435883	18.69755844314292	18.96092098348551	19.940609096090828	21.287877237786656	23.079099121883395	26.23895523251122	28.378456245722685	30.49611459297748	32.283119687311945	34.157794102975835	36.009887469665614	38.07871595066178	40.61169504654291	43.38497651090513	45.892401962497516	48.57937522121307	51.451392855985446	52.44960790082538	53.791538333961356	57.234000695172995	59.50756461327984	63.439629563025946	65.17105386065657	66.7995213854658	68.91112778792012	69.52393358619668	70.53262197776081	73.5180023752803	74.28804054625093	76.3139640174899	80.502958297881	82.10055607485246	82.67831854555067	84.07429327785505	84.8799479446327	85.10443671606377	85.33185487278779	85.58205487799842	85.86545161780228	86.36093839458248	86.62502660911261	86.75132823158538	86.93678310284811	87.14456230472089	87.29156152757594	87.4880959567493	87.71113083803931	87.90433428289475	88.16508007516002	88.34100586576045	88.4809478753696	88.6102348019869	88.77604182221745	89.02608296705426	89.35020006875476	89.58937516402334	89.83406462058741	91.26360464355227	91.41617923008639	91.53833396136133	91.68582628681668	91.8313423892219	91.93422290906388	91.99311054330883	92.15672401949789	92.2529552795339	92.30227824839281	92.35188843680757
DC_3060_R2 - polyg	0.15727177006676585	0.16549438301490302	0.1678836430369274	0.1684148721269307	0.16905539715411172	0.1695993350740194	0.17079142331905073	0.17134298653690105	0.17212585045901116	0.17312476448949582	0.17378562364452388	0.17433337421340286	0.1746155102372802	0.17484299829256872	0.17495737776170817	0.17507556987981895	0.1751696152211114	0.17529161998819348	0.17537041473360068	0.17545175124498874	0.17548479420274016	0.17551656627750112	0.17553690040534814	0.17564111281056408	0.17568813548121032	0.17570974049204777	0.17577709729054103	0.17583174525912987	0.175849537620996	0.17587749704678565	0.17591816530247967	0.17595375002621197	0.1760401700695618	0.17656377386162245	0.457140424309704	18.89606274095147	18.928733329986677	18.98601202636574	19.385460717324484	21.087645809994097	22.741983428956686	25.81356527795164	28.264708405429467	30.52926684666606	32.39666926985866	34.25322724849384	36.16105010519734	38.05156480645405	40.64370985995505	43.15687461913225	46.249821282079466	48.53891539032947	51.96745649926384	53.47548879748416	54.56643000707246	57.43648412762461	60.000025417659806	63.55444113238216	66.35215532223556	68.06049275946188	70.4112996748446	71.44508292193791	72.32813563371627	74.55074604008746	76.32290467932762	77.41086821006934	81.54858490356222	84.42278591531218	85.15453873619583	86.3242492735315	87.42512370457308	87.73683190475495	87.97929858696875	88.24459286945681
DC_3079_R1 - illumina_small_rna_3'_adapter	23.987687258614685	24.005144020113235	24.01312906652098	24.021817168069482	24.03365192960563	24.060780581617013	24.12792967105075	24.370959721531577	25.260224386883433	26.373929641268553	27.767369062693234	30.438586790814487	31.90103302723582	33.426147597150376	34.613021850612014	36.03761174121614	37.539783034254164	39.8430673514619	42.71033859672635	45.32933373075478	47.897953011016725	50.749570294162666	53.8904825619134	54.94667277934053	56.24784963994057	59.614526828022704	62.06763146337754	67.51614036398239	68.88380964098539	70.46014226613713	72.87956372499119	73.51514266038507	74.6485188117294	77.44121616821766	77.98417613288913	80.17958664751819	84.2055891907225	85.80495663638891	86.18428661995745	87.61649660299867	88.37606346244405	88.59440846576035	88.81054665710707	89.02778825443859	89.30418290955953	89.79701968090572	90.046611579367	90.15134726603094	90.31780899700641	90.47026821309504	90.60026017922536	90.74691430807535	90.90669823579542	91.07869652600436	91.26379410053737	91.41165904657423	91.52732870537523	91.62501919364945	91.77949603152226	91.97473297941343	92.23352928554218	92.43675005925925	92.62781505841582	93.85152769243876	93.9946677661668	94.10648770983937	94.25406948088897	94.4210170034374	94.527966825562	94.57565129636777	94.74339952060427	94.83877822687052	94.8885462308799	94.9291635328228
DC_3079_R1 - polyg	0	0	0.00009764654732793885	0.00012938167520951897	0.0001440286573087098	0.00015867563940790064	0.00017576378519028993	0.00018308727623988534	0.0001952930946558777	0.00025876335041903793	0.0003075866240830074	0.0003527481522221791	0.0003698362980045684	0.00039546851667815236	0.000440630044817324	0.0005077620461052821	0.0005651293926604461	0.0005993056842252247	0.0006261584847404079	0.0006835258312955719	0.0006981728133947627	0.0007091580499691559	0.0007323491049595414	0.0007653048146827207	0.0009300833632986175	0.05944355626772437	5.733652686366369	5.737851487901471	5.738513043259617	5.741782982013262	5.761798083051806	5.780027472856091	5.794465735460368	5.79829103895194	5.79932121002625	5.800651644233593	5.971995702575452	6.113134022083255	7.319731657523288	20.687850352760357	24.142364271909507	24.280224108590772	24.53965877902269	25.638402141193488	27.080496395987996	28.943468019657224	31.16477683980132	32.65839429529341	33.879706044833924	35.38098021021837	36.73428445952758	38.096840719196116	40.72582143327067	43.345299917708374	45.55151136105373	48.415960621100396	51.100347206710666	54.21581034306405	55.8366478233242	57.31394487901227	59.72863048032092	62.880205751039874	67.51927237698793	69.98102971701786	72.05188473703907	74.11072679057526	75.02959422733142	76.01577675265179	78.10896964095609	79.9633141921689	81.80109422720935	86.04035194745053	88.25180456922371	89.16145173074844
DC_3079_R2 - illumina_small_rna_5'_adapter	23.178353615741795	23.195534525744147	23.20335357302143	23.211841499147912	23.223275909840012	23.249838211876895	23.315193046003486	23.551380514680304	24.41752735995227	25.48783116521381	26.823743343862073	29.388056411386856	30.788932837972396	32.25489312951569	33.39614203373834	34.772471338907486	36.22753671693267	38.444628426814035	41.21325835054964	43.75700949637084	46.260581529130285	49.031236398141104	52.07001159796866	53.049923994368726	54.312482866082405	57.601489549256215	59.980067898526684	65.2789493329154	66.6260444823964	68.15897077609719	70.51626095746835	71.1150662031385	72.2230371640318	75.51410540993606	76.17578892917624	78.28980006137085	82.21987585706205	83.84276025307057	84.28607069561204	85.7026071872253	86.44290472113732	86.6539567479501	86.86161555724321	87.07153854585249	87.33806113503857	87.8122400923541	88.05511146719553	88.1570019775867	88.31893534992983	88.46616193166352	88.59150592214104	88.73220849393138	88.8850717226096	89.05001871151964	89.22823220446601	89.3702212695174	89.48120389404667	89.57525948959662	89.72580117161209	89.91397705354962	90.16166118259245	90.35427998243338	90.5347918309875	91.67502154937242	91.81214659578504	91.92093827590861	92.0655210773734	92.22730797989556	92.32988933960908	92.3760175685668	92.5394290655201	92.6320773302067	92.67956284617227	92.7181417764397
DC_3079_R2 - polyg	0.14344766035210857	0.153624871747363	0.15614659383210702	0.15672514962502504	0.15734764636424067	0.15788714353822753	0.1589026676304381	0.15932254778394822	0.15990110357686627	0.160635893845509	0.16118881741975344	0.16160381524589718	0.16181985823186024	0.16200416608994175	0.16211035671016089	0.16220312093012243	0.16230076747745037	0.16239475227925348	0.16247286951711587	0.1625534279186614	0.16259004537390936	0.16262910399284056	0.16266694202993012	0.1627255299583269	0.16274139752226768	0.16275848566805007	0.16281097068723882	0.16284148523327882	0.1628695586156356	0.1628951908343092	0.16291716130745798	0.16294035236244836	0.16303433716425147	0.16358604015665434	0.5248318831600474	23.593389279922626	23.633116777702995	23.690266860690357	24.04561485223514	25.487966649798224	26.79276375614044	29.210672914092765	31.003533096198694	32.55123087134652	33.77001357531124	35.092806940326	36.55124966830688	38.164691643188775	41.33199411093673	43.74174856160533	46.663720182101045	49.03313928523215	52.62431565027596	54.174061561753994	55.23227550387449	57.918287904497774	60.48460150566093	64.94119602861727	68.06430122788092	69.54052050980286	72.1069830219507	73.2083701643904	74.14582462143044	76.6064968642032	78.41861538660586	79.5039299073554	83.55410363276891	86.36578713980325	86.98224566064846	88.14195464464348	89.21001746164383	89.50541413487478	89.73170024365254	89.96257451957288
DC_3083_R1 - illumina_small_rna_3'_adapter	20.507198907090203	20.54246491502475	20.555267831897776	20.56565952851162	20.577455646227804	20.60445060792445	20.675477102366777	21.007555148315916	22.400654220640977	23.91359552779305	25.805480744430866	29.126133760991028	30.982574549590556	33.44154385182547	35.53211387270598	37.565880030271266	39.6582011170271	42.72903412761121	46.225155669628876	49.23542652485531	51.819605958181334	54.772043211208086	58.25834400094389	59.547756778836074	61.018597313650844	64.82092471214528	67.02794953474026	72.92585036359596	74.50472299679912	76.25951275457777	78.27557071684635	78.90059290784676	79.7729486932346	81.52870829172002	82.16890511254397	83.92922716796802	87.6105615219663	89.00220009829928	89.38546559758359	90.30127305037995	90.87175349009476	91.06025815298948	91.23217611838245	91.51172856021833	91.81542506537886	92.23652582209166	92.4213320911216	92.51076516812387	92.6283096069005	92.7790567525548	92.8704371575465	92.97779253396997	93.13299635892997	93.24519201788218	93.39900671489158	93.50872105997243	93.60253052723371	93.69421424640178	93.79749782117193	93.95807973783053	94.18037207065731	94.32902787780986	94.46735316095555	95.31770592426366	95.41771166684217	95.50234269419505	95.5845344638439	95.66442588858374	95.71955515178237	95.7506078964099	95.81355833229914	95.87295565926522	95.90911249328917	95.94053737127595
DC_3083_R1 - polyg	0	0	0.00011469863812189698	0.00019626211411969037	0.00021665298311913874	0.0002217507003690008	0.0002268484176188629	0.00023194613486872498	0.00025233700386817335	0.00027017901424269063	0.00028419773667981137	0.0003033141763667942	0.00034154705574075987	0.0003479192023030875	0.00037468221786486345	0.00041801281448869117	0.000493204143924157	0.0005454557457352433	0.0005849630544216746	0.0006920151166687784	0.0007799507392288994	0.0008028904668532788	0.0008156347599779341	0.0008411233462272444	0.0008768073669762791	0.0064358680279508855	3.548805175365679	3.5532937154041826	3.5539220090552277	3.5563166617333506	3.5742695474580524	3.58998708416869	3.599965865685295	3.603192720704458	3.6046493934086055	3.6067980812294227	3.644584910344025	3.7083943115898617	4.718159065447731	17.611243086762613	20.697221415296063	20.801400913872868	21.089327630720955	22.670515901984864	24.5917346581077	27.131604733097923	29.93459858165703	31.94305329864745	34.07336002549063	36.55172104414402	38.44155188073013	40.43883622479679	43.92625468903963	46.96631278058632	49.377940857151074	52.3862376213725	55.26625670314772	58.69715167852408	60.51116671531163	62.2525660443042	64.95730139287222	67.84541947292814	72.73732148654432	75.69946479321479	77.85077793841535	79.70739077497205	80.52896819883401	81.25673105771745	82.63350214169121	84.11888518939051	85.63294926876688	89.37827654183198	91.42542165831954	92.18219307721331
DC_3083_R2 - illumina_small_rna_5'_adapter	19.890938417613	19.926979278569526	19.939766902290806	19.9501025240149	19.961664146737586	19.988215607033492	20.05730242006225	20.380512986855255	21.738032541634905	23.19213089857182	25.005842621183	28.19226127269048	29.968695937912045	32.33580310087513	34.34690863083547	36.30528337356324	38.32297133092247	41.27952499062849	44.65659954171012	47.57477631152986	50.087326445348765	52.95016621999194	56.31945400797441	57.53263679654147	58.96643094567217	62.69088051774048	64.83979391254564	70.58498624903515	72.14100326694856	73.85438936522382	75.81955426732841	76.40819659917518	77.262394315719	79.37284543387398	80.15565981576799	81.85054884700213	85.45219313609195	86.87042395445883	87.32163310367862	88.23013935094386	88.7833538223334	88.96569661950232	89.13181465709428	89.40126214891161	89.69384945375538	90.10126793736956	90.28062984437663	90.36824685960863	90.48273521689399	90.62710766712732	90.71497829379251	90.8181242301969	90.96676474419769	91.07482742888959	91.22299512961546	91.3285178766876	91.41818289982473	91.50618096942117	91.60652825905538	91.76098017072101	91.97427248374319	92.11656379090928	92.24807979823848	93.05043882806845	93.14733878641245	93.23004032778627	93.31055112517197	93.38818935888737	93.44129737719643	93.4714427281535	93.53276189452278	93.59030237798059	93.62506243747809	93.65486751580872
DC_3083_R2 - polyg	0.1447420347339592	0.15284485630261496	0.1549986418406817	0.155467631827669	0.15601053871477932	0.15643364924651787	0.1572161488443717	0.15755514704148754	0.1580598210492239	0.15854920190521066	0.1590169174628855	0.15942473484287445	0.15960315494661964	0.15974589102961578	0.15984529651598808	0.15994597643167285	0.160069596074982	0.16017282484929174	0.16024419289078978	0.16029389563397595	0.16031301207366294	0.1603588915289117	0.16039330112034828	0.1604430038635344	0.16047486459634608	0.16049780432397043	0.1605424093499067	0.160587014375843	0.16062142396727958	0.16066602899321586	0.16074886689852613	0.1608533701021483	0.16095532444714555	0.16156959937575394	0.45382045488103495	20.178754259110903	20.218879666013876	20.27705991298655	20.769507045899104	22.869433926791736	24.578789005151677	27.734663409327297	29.929266369413675	32.16517358351706	34.425921973779026	36.35149163157462	38.33987918461095	40.74543078221387	44.58565333631448	47.35461737337213	50.5093511633131	52.9234580048906	56.78850134428078	58.643670252426475	59.8077059489876	62.96883100193058	65.50127880060501	70.04808192398656	73.56767208179329	75.32514833656262	77.56460993401846	78.55156877532977	79.32301269889795	80.94236757921158	82.41013928824194	83.30329885772646	86.8691125666963	89.41191637796382	89.98768060160812	90.77288198960437	91.52665977404317	91.77976653321608	91.96330219622149	92.2247832304066
DC_3099_R1 - illumina_small_rna_3'_adapter	16.713990184649653	16.84593715787557	16.882717381280607	16.9011573707346	16.917084999373387	16.938672829142913	16.990209477689053	17.214001711952218	17.89017406818015	18.657016787299398	19.60032144917701	21.35245481297395	22.46771025208733	23.77939351314349	24.839794509575345	26.03364804839812	27.258030465773963	28.659883464882515	30.618331529359743	32.6967965478389	34.36953376790279	36.32627859953323	38.583797356523505	39.38620291244689	40.407653079622335	43.29137592247977	45.42555438936036	49.481498605491964	51.06160729908798	52.936524908431835	55.45402497936908	56.12420092147484	57.16918599805159	62.489889595042904	63.203728890257715	65.29692816598843	71.45394125863956	74.21923215159762	74.79052637505941	76.81254455745798	78.30111834047041	78.63966450229246	78.9651648611167	79.302452995207	79.74644257097863	80.63568529222599	81.11104612635341	81.41634599582889	81.77367944404116	82.10990167210913	82.35931813936332	82.63413346606481	82.94526718513913	83.34324730615806	83.7766849665058	84.05268812262213	84.29434767585934	84.52227422152284	84.96123353369164	85.62665076884153	86.52238868172586	86.90629404020723	87.39168584435421	89.30869658129762	89.6917946591347	89.94158613318704	90.30133403403569	90.68566058241845	91.03278202284652	91.22899555519035	91.51371808119478	91.70775916036311	91.83332178139977	91.95765408456666
DC_3099_R1 - polyg	0	0	0.00015517522682184583	0.0001921217093984758	0.0002069003024291278	0.00021798424720211677	0.00022167889545977976	0.00022167889545977976	0.00024015213674809474	0.00024569410913458925	0.00024754143326342074	0.0002512360815210837	0.0002844879158400507	0.00029372453648420817	0.00031219777777252315	0.00033990763970499565	0.0003934800394411091	0.00041195328072942403	0.00042118990137358155	0.00043227384614657056	0.00043596849440423355	0.000452594411563717	0.000471067652852032	0.0004803042734961895	0.0005615865351647753	0.033528932938291685	3.9069353572517964	3.910969913149165	3.911525957711943	3.914045707823669	3.9291826817353144	3.942317156291306	3.952196645732297	3.9549085175534215	3.955651141853212	3.9565914298347873	4.046269779668912	4.1305410117779475	4.866991554329655	14.480421984989679	16.984305429773308	17.085477830337023	17.24343327997276	17.969930440118326	18.98649443497301	20.126624093481105	21.720792771021664	22.878828542310522	23.960194820280485	25.24884010212599	26.410847620291836	27.478593577459925	29.020514386664743	30.84544525240655	32.46133846170216	34.5404814481366	36.25717759317016	38.57461615560321	39.920951522668	41.02348259318198	42.997494363444616	45.5736303495551	49.14479607315049	51.67039111842027	53.90900805492434	56.2376469435505	57.17532465613169	58.1294380114871	61.523836983842855	65.1920075447673	66.84456644337197	72.51143641421677	76.77622616508516	78.1203798423538
DC_3099_R2 - illumina_small_rna_5'_adapter	16.526198603009156	16.66342153394702	16.70129906788458	16.720027239902674	16.736054624044417	16.757494667883634	16.807893364766414	17.02589608520982	17.6854314403335	18.424856174732625	19.33015398998366	21.008544021881775	22.064049609372226	23.288491141120193	24.251715499078998	25.36522891153889	26.519621759645695	27.866544575783443	29.766443549321487	31.78826591536241	33.41806578069987	35.32010765022736	37.50945645221549	38.267853205417715	39.262083051554825	42.08670260623444	44.168690471827276	48.12056014118877	49.67913273009087	51.50490043366303	53.96244559999906	54.59016264432774	55.608718054593304	61.902490399825965	62.79287661470907	64.80913668779809	70.85809794482974	73.66856514935837	74.34196467206894	76.34681197669002	77.79484807901936	78.12274441723869	78.43883450695067	78.76647221979196	79.19640181161904	80.0589192946946	80.52091289142581	80.8208702995207	81.17022515482054	81.49373779288216	81.73415963895306	81.99662375652919	82.29169868695156	82.67149929121868	83.08800622592567	83.35173206588178	83.58236124674576	83.80155733857639	84.22885079887163	84.87175284753931	85.73111140635456	86.09643453142402	86.55702600914145	88.34633307638286	88.71578497088026	88.95918285612271	89.3122822374317	89.68531794073903	90.02232158691349	90.21351224495103	90.49132947336187	90.67946650461447	90.80000809866897	90.917416631001
DC_3099_R2 - polyg	0.14039293914293619	0.1488093478738925	0.1508340151190918	0.15123303713091943	0.15180570761085718	0.15241901922162923	0.15372323005658428	0.15414811460621552	0.1547170904378956	0.1557940804050044	0.15647204836028555	0.15698006249571422	0.15718881012227215	0.15736245859038234	0.1574899239552717	0.15761000002364575	0.1577522439815658	0.15784276286387852	0.15792404512554709	0.15799978541482917	0.15803488457327697	0.1580773730282401	0.1581401820486204	0.15822700628267547	0.1582639527652521	0.15831013586847287	0.15838587615775496	0.15845607447465057	0.1584911736330984	0.15852257814328852	0.15856691392238048	0.1585983184325706	0.15865373815643555	0.1590158136856865	0.3971839243194162	16.636493090121043	16.691462066898552	16.739496188896428	17.029383833165056	18.09778189575062	19.010140183822053	20.565895603427688	21.869973431045448	23.134287606790114	24.244069424509764	25.329948715326466	26.588240614411138	27.716046773655798	29.639307008127044	31.514182129015936	33.6411578791182	35.15843723176854	37.682691119720786	38.889115699240264	39.70224681905563	41.95382273432346	44.150010330236526	47.668595667152985	50.361026249145795	52.09996602401462	54.8152941885843	55.965711595165864	56.871177516912624	61.16196281292193	64.31378041730018	65.34859412722359	70.49405316805743	75.47970204583018	76.42353504240864	78.04252067229592	79.96852972507088	80.44931799748883	80.78332343660219	81.13938777313797
DC_3112_R1 - illumina_small_rna_3'_adapter	39.728806115739765	39.75727701499466	39.7681113945878	39.7809159147088	39.79712847141478	39.83648112280733	39.936180822674395	40.2740501700326	41.44101149857053	42.784358923378115	44.252233441310224	47.01686169989688	48.53521584394258	50.094413481222986	51.5202114264528	53.03407911187068	54.539326387496544	56.3453517014337	58.55495208197456	60.621654575289114	62.63582091673398	64.99585838563007	67.23334168854976	68.06587096582726	69.00192179266625	71.13308995920806	72.95429260042248	76.81771866922719	78.07711079866905	79.24134959920738	80.68519091065775	81.0885555874314	81.85978339879337	84.2114275674491	84.6804491976136	86.13349332249152	89.19788807623301	90.3613076104132	90.67144451288692	91.55033897145567	92.12442733211901	92.2486214241218	92.37850440139704	92.53700178887088	92.74526960760068	93.06443794635561	93.2378660452132	93.34040113120062	93.43936377000742	93.54789984273708	93.63409976072685	93.73939220746722	93.8572606714668	93.98717012163458	94.11514287071768	94.20269987277685	94.2708369182042	94.33253129757719	94.42831579597092	94.55506800537762	94.74379325618389	94.86545013043472	94.99309405832648	95.58908664758854	95.67091714500165	95.72558227475434	95.79639029570639	95.86599449670364	95.92690444247182	95.95663489408685	96.04586386830545	96.09242689963554	96.12753274174315	96.15538361798892
DC_3112_R1 - polyg	0	0	0.00008081198770598872	0.0001086781903632262	0.00012818453222329245	0.0001309711524890162	0.00013933101328618744	0.00014490425381763494	0.00017834369700631993	0.00019924334899924806	0.00021317645032786677	0.00021456976046072866	0.00021456976046072866	0.0002271095516564855	0.00022989617192220927	0.0002786620265723749	0.0003803736662712917	0.0005113448187603079	0.0005712571544733685	0.000753780781878274	0.0008373793898499865	0.0008582790418429145	0.0008903251748987377	0.0009056515863602183	0.0009711371626047264	0.026059079414915635	7.440702462383065	7.447543615135416	7.448578844564133	7.4531656215215145	7.478348308862859	7.498505326554973	7.514216291613123	7.519678067333942	7.521724839919116	7.525337693093626	7.676575934775251	7.870651496491714	10.072512039244529	34.19277393139035	40.02046633254161	40.20778434011369	40.61389244453894	42.18444416609204	43.8889919164326	45.98081579144265	48.24260260300986	49.7064420947972	51.02307558442742	52.737079730639714	54.22894844236984	55.53206125047076	57.66696348816863	59.68880278851517	61.5130121929963	63.7566985126275	66.05816122353808	68.11946185346753	69.26438519563398	70.37630102075293	71.99899876733852	74.25398622545737	77.5944430890633	79.43954517898672	80.93559939435595	82.12459452933496	82.72005069419586	83.48962603974027	85.35291082689751	86.71513203076485	88.22640537271533	91.35528112609555	92.79732088754412	93.42141375556575
DC_3112_R2 - illumina_small_rna_5'_adapter	38.55699328131921	38.585090773458504	38.59588335374765	38.60818628222082	38.62389167403844	38.66224950199613	38.75936879149713	39.087641018660186	40.226159314145875	41.52036051063702	42.929858120622484	45.58726001800436	47.04045322706649	48.53520887739191	49.904187635403616	51.36457171806147	52.81902169286345	54.556259285541216	56.692085287857175	58.6956290328491	60.65330640157734	62.93815528246367	65.08919901805075	65.86852614121506	66.77494126152808	68.85952828370804	70.63282892255467	74.39583216353336	75.63739688982525	76.76889150893119	78.17538235564993	78.55403807052741	79.31004396868786	82.08764394461147	82.66915864828296	84.0660077888823	87.06230450988016	88.24998157347349	88.61232023338502	89.48592290006914	90.0452435666343	90.16570916072152	90.2905692549678	90.44396016080472	90.64578392017002	90.95437842832666	91.12309992555544	91.2238042020283	91.32031322169111	91.42451888652784	91.50741387288247	91.60819338810249	91.72104036238323	91.84545459738702	91.96878344379729	92.05316369875354	92.1186813211311	92.17815755077257	92.27150514974392	92.39286803555672	92.57309548786267	92.68862737076944	92.80943571914936	93.36382406784418	93.44240536602744	93.49578447052752	93.56484110064255	93.63206274131261	93.69072527783649	93.71941632009239	93.80657204883329	93.85178078271426	93.88552536082204	93.91188957515605
DC_3112_R2 - polyg	0.13505076455803575	0.14082185512834963	0.1426220118200072	0.14303164499906856	0.14354159650769602	0.14384812473692563	0.1444444614737905	0.1448763876149777	0.14531946023722778	0.14579736561279938	0.14622929175398658	0.14650098722989463	0.14667933092690097	0.14685488800364155	0.14693291337108183	0.14702347852971784	0.14708617748569663	0.14715723630247257	0.14721854194831852	0.1472505880813743	0.14727566766376582	0.1472993539360245	0.14733836661974464	0.14743311170877924	0.1474637645317022	0.14748745080396086	0.1475292501079467	0.14758219589299545	0.14762678181724703	0.14765325470977142	0.14769784063402297	0.14776053959000177	0.1478942973627565	0.1487762626768581	0.7290258407477171	38.924104028435785	38.98457368820199	39.06841612544696	39.558207829762026	41.41267017715799	42.91776418866924	45.40128098146995	47.31287322424365	48.8522510248841	50.27858957444546	51.69553164047081	53.254917374619154	54.707216078576	56.98199550713215	58.970233740314576	61.21191787328485	63.2405035812947	65.84635439707083	67.05023844412959	67.8546493296158	69.55708900172533	71.40136625205008	74.5321633801035	76.97280662680592	78.18842095187327	79.76073521074443	80.44491039831532	81.07705659890487	83.10182185053043	84.64370900272016	85.33602530139737	88.34560444789182	90.43567135882432	90.91669217585303	91.6412566375553	92.40996952412746	92.59222145605646	92.73024275781776	92.89756955160354
DC_3117_R1 - illumina_small_rna_3'_adapter	13.187767315911177	13.200046523201218	13.205395880832523	13.211558641869885	13.219944512572207	13.240427226099863	13.310811225453309	13.615976447079396	14.572133598238464	15.893718742586017	17.475242721313172	20.5611722202532	22.338665631685615	25.403304803040008	29.169562305600927	32.18866825426029	34.70917238837587	37.948875656497606	41.03292940665782	44.15115188922059	46.88872907715128	49.63581671664997	53.20356181535893	55.377158080812585	57.412970756497586	60.1845458910623	62.13760273053445	68.37871246288015	72.90192433298895	75.68283913335311	78.73306716998488	79.57852040704674	80.7202131383234	82.05038822789328	83.92653502538224	85.98119347642364	90.18527187531227	91.83060315396736	92.43837615270263	93.43573898886257	93.99034695678866	94.10423645967006	94.22768562357821	94.44216794412492	94.72525693416273	94.86685280964589	94.95482050647301	95.01166466799073	95.06735819657638	95.14281655952706	95.17830960530425	95.218091110676	95.2783321721831	95.36437780544571	95.42200063428098	95.45698711210065	95.50051866769502	95.58937937146437	95.6559843738548	95.70728957659139	95.83285329988789	95.94031083704596	96.02882273259314	96.0902694258391	96.1180409286068	96.13380098143344	96.15680640338951	96.17132174637769	96.1861887922621	96.19675724719278	96.21922136510281	96.23533891017375	96.25001924958238	96.26899383793369
DC_3117_R1 - polya	0.060151326611745826	0.06176944940173456	0.06436018267014228	0.06625908884229365	0.06785405423993907	0.06982532726316328	0.07113950927864607	0.07296315392568167	0.07409786615050383	0.07526586712681949	0.07895802386855585	0.08067456557600367	0.0824837368528247	0.08951779477710489	0.09642014503243251	0.09719012832784754	0.09827707843096162	0.09876048899612819	0.09912666526255678	0.09950876223622138	0.09982572904392042	0.10023387808397125	0.10054216086954156	0.10109504361173807	0.10193015707311864	0.10234554279827676	0.10294474032515989	0.10331091659158848	0.10346578165288435	0.1036220940512017	0.10383340525633439	0.10432260516958679	0.10482917312709669	0.10507522042074435	0.10528074227779122	0.10538350320631465	0.1054587647314304	0.10552968424548179	0.10559336707442589	0.10569612800294934	0.10580323094253713	0.10589586051191037	0.10603046285490586	0.10614335514257948	0.10622440601578106	0.10635756102175509	0.10642413852474211	0.10649071602772912	0.1065486095085874	0.10660939766348859	0.10668176451456143	0.10677584142095611	0.10685689229415771	0.10692925914523055	0.10701175735545358	0.10710728159886973	0.10723175258271503	0.10740109101422547	0.10747779987636269	0.1075646400976501	0.1076616116780877	0.10775713592150385	0.10782805543555524	0.1079163429938641	0.10801331457430172	0.10816094295049031	0.10828686127135706	0.10839396421094485	0.10861974878629213	0.1087847452067382	0.10883250732844627	0.10887158542802561	0.10889040080930455	0.10893671559399117
DC_3117_R1 - polyg	0	0	0.00018236446470356048	0.0002576259898193156	0.0002663100119480566	0.00028657273024845217	0.0002923620783342795	0.00030394077450593415	0.0003097301225917615	0.00033144017791361387	0.0003459135481281822	0.00035893958132129363	0.00036038691834275045	0.0003676236034500346	0.00039222833281480073	0.000584724156668559	0.0011072128214144744	0.0016325961602033034	0.001968378349181288	0.0031913781323123086	0.004495428788644912	0.005045416856798507	0.005369620349604837	0.005515801388771976	0.005677903135175141	0.013719307626389284	2.322421589358993	2.3239977393753595	2.324442071840947	2.327383060668547	2.3466167223466865	2.3639225311122463	2.3756141195715745	2.3790949651081776	2.380002445420631	2.3814975445637963	2.419157253862103	2.4617147516410194	3.0473695460143757	11.345628596415398	13.352365718676356	13.415101989208424	13.619619394362402	14.774885252226266	16.382170382598332	18.424658176626295	21.174339444067428	23.091351802357213	26.12440718522938	30.233352121697653	32.87422548653971	35.20128723838949	38.46488459339845	41.656255489025654	44.263838655037176	47.301979980202745	49.967201895756766	53.42212996831721	56.29072734011528	58.36693374473213	60.45364202677666	62.953934099387595	68.23394257730894	73.6523208164926	77.23333365367726	80.10813720662334	81.19070622057347	82.1022607867423	83.3288007562278	85.68387861080193	87.75268043921699	92.06322929141506	94.43987680961996	95.42313679384281
DC_3117_R2 - illumina_small_rna_5'_adapter	12.727722559618996	12.739822297118375	12.744969027566675	12.751036264360623	12.759196350487596	12.779276704323289	12.847921004576943	13.144367467985774	14.076770923948692	15.351048410412908	16.869310735269206	19.841486781007838	21.552884652681378	24.52299824316443	28.179644571079358	31.110483224148158	33.55304536498424	36.700146563136144	39.68000362644764	42.69505558410991	45.35446644152278	48.00809374019791	51.4476047788058	53.53365596984259	55.508273788923375	58.216336880312525	60.1219558015694	66.19288330492114	70.65873431419556	73.38463293970011	76.35709266349495	77.13798164336666	78.25923942323735	79.86042113338993	82.1126150357938	84.08236401313441	88.1774695130035	89.85414432219528	90.56231909010901	91.56733254976436	92.10874225139179	92.21980944708136	92.33891804726215	92.54465555752522	92.81743950797025	92.9535774755455	93.03843918712458	93.09407048021832	93.14823272623528	93.22045050159491	93.25406490391825	93.29144817184545	93.35031281584511	93.43462309201902	93.49044398626256	93.52438114474168	93.5662772095018	93.6531782189441	93.71811154707476	93.76768862940773	93.88923743980669	93.99387701178398	94.07962883563127	94.13850650566413	94.1658105185739	94.1814113643282	94.20390298164163	94.21809701581105	94.23261959548435	94.24296081850267	94.26503415541691	94.2808115762878	94.29518363291086	94.31345626280677
DC_3117_R2 - polyg	0.15692317454039234	0.161325973759664	0.16252147413938736	0.16281673089176454	0.16321909058372955	0.1636561863642095	0.1645216939030407	0.16481405598137497	0.1654335162265585	0.16595889956534732	0.16639310067178437	0.16667533139096846	0.1669054579773801	0.1672180827740148	0.1673280803876455	0.16742939397914747	0.1675061028412847	0.16765807322853765	0.16776228149408254	0.16782017497494078	0.1678607004115416	0.16789977851112092	0.16794898796985047	0.16802569683198768	0.1680589855834812	0.1680922743349747	0.1681559571639188	0.16822832401499163	0.16825437608137786	0.1682934541809572	0.16834845298777257	0.16838897842437334	0.1684613452754462	0.16872765528739425	0.3470323396457683	13.027681709978902	13.052630905554775	13.097744400513584	13.489046437634652	15.108251835715437	16.59787715026519	19.314900705154177	21.47677788274509	23.841296716710175	27.574948610851713	30.83445579143804	33.39453735640535	36.228501400616985	39.21164247163017	42.425889976218514	45.44771836581525	47.99676832800501	51.56869623070598	54.14957313399759	56.221091614001935	58.702895403500776	60.829534266630276	65.19892460543566	70.92826609835338	74.53019006082405	77.7368014152872	79.24915860509594	80.17359591809276	81.65577178899309	84.0782752860488	85.32521402351472	89.49089601856112	92.39138256695294	93.23452151211751	94.13190520150926	94.90096075389354	95.07584972288127	95.20969366127753	95.41138152255454
GB22_32_R1 - illumina_small_rna_3'_adapter	5.6500781184256175	5.660481314928056	5.665997752675675	5.671435480549193	5.680008110265427	5.703769496829364	5.788090260525635	6.131238325357924	7.585275064698392	8.788121609544064	9.824636199588632	11.735863740344492	12.895350139975392	14.824068139182984	16.857869442447587	18.638870372078667	20.615754316528204	23.012146147954503	25.854782486162467	28.10225523579207	31.01853927876838	34.49707831196196	37.79433838526289	39.24500184428479	40.839796575904586	43.96386456666323	46.0143602342244	50.35844251779664	55.136124004663046	58.24340542812977	61.96821866196722	62.94354082260634	64.16965175738235	65.8308787471691	68.00070645485285	70.7959414580244	77.59152597801403	80.67969776847612	81.8394045557545	84.4355047018805	85.66737045287998	85.94411661906818	86.31149158314838	86.86242247133623	87.39091429884502	88.1753728857797	88.52287473107647	88.801985566768	89.0130550895806	89.45059878199393	89.61660240417737	89.89570424445469	90.23778522827955	90.45557544991351	90.7017124704911	90.90065167727818	91.13302683858282	91.36663437163051	91.56438393489191	91.80757383289786	92.2964948334164	92.79086817935651	93.11566110154874	93.39731539060045	93.5994783289453	93.71365937002146	93.8535268162967	93.95240216014076	94.0595802712756	94.10640814865786	94.20267482238893	94.2476417734621	94.28491876983574	94.33350075298364
GB22_32_R1 - polyg	0	0	0.00019340140493077332	0.00024512503648202666	0.00025187159711914664	0.00026311586484768	0.0002676135719390933	0.00028335554675903995	0.00029684866803327995	0.00031483949639893327	0.00032383491058175995	0.00032720819090031997	0.0003283326176731733	0.0003283326176731733	0.00033395475153743994	0.00036768755472303997	0.00043515316109423997	0.0005048676210111466	0.0005847019218837333	0.0010097352420222932	0.0012795976675070932	0.0013639296754710932	0.0013987869054295466	0.001428022001523733	0.0015843173229503466	0.016207487503907946	1.5822090227512464	1.5830073657599724	1.5834346479336565	1.5874072477221475	1.6167862704432594	1.633686404839245	1.6457357621371411	1.6494384995001474	1.6508001803220727	1.6521270039140397	1.7635070978990266	1.8507659887527637	2.081796335637074	4.871381094275044	5.705086200580375	5.772031197355744	5.93399025643722	6.9878221432105025	8.610898457021104	9.895372763442062	11.60883275010816	12.891997099338742	14.4950608654461	16.677452917889724	18.34910446828759	20.090695363956932	22.41762010935635	25.130482980428994	27.18494337679123	29.945236817996367	33.13127534148728	36.72392682572388	39.25352275036948	40.70658011399079	42.648606828481874	45.546226511455586	49.068413543117785	54.21845682680198	58.51346237944627	62.08681420255361	63.749941473586475	64.77637445318564	65.93457225973485	68.54334244673737	70.96696114804153	76.88351379408535	82.42190260116344	84.89449795941277
GB22_32_R2 - illumina_small_rna_5'_adapter	5.410098458856168	5.420373470706501	5.425858424504479	5.431138732629799	5.439459490748914	5.462692396729609	5.5443797529238585	5.876085650915591	7.285057614053644	8.436441394359363	9.427402082555323	11.26121958656087	12.3684280122415	14.232151895124625	16.200679099798318	17.92152881921561	19.820622670665607	22.117320575557187	24.840274052489413	26.997258557573645	29.826768337635315	33.17202119445517	36.320039475475596	37.66137154609266	39.20863113589008	42.25898058299369	44.25516306414571	48.456862558751865	53.16008450471992	56.19397234386896	59.809721802873504	60.72274622258945	61.917007769024394	63.93043670801843	66.47850134240815	69.14517388607875	75.76417955008625	78.91844851953698	80.26803500709356	82.84805472594098	84.04360374103084	84.3103076517107	84.66414226859219	85.19391369376848	85.70161374582045	86.46585626380599	86.80151677075786	87.07447024544123	87.27828833999571	87.68443466363065	87.84032069371194	88.10162848030888	88.42629883998288	88.63685787304061	88.87432443877273	89.0667824496411	89.28901303260105	89.51325971276472	89.705836912871	89.93994031812552	90.40897133345905	90.88450715767355	91.19342879596695	91.45983023584492	91.65587067041157	91.76662108540377	91.90243609758963	91.99913680005503	92.10428981857194	92.14950301910838	92.24336117069198	92.28742295821303	92.32335289131277	92.36990978184276
GB22_32_R2 - polyg	0.08804036746087028	0.09488362880045567	0.0964106003579905	0.09669845361184096	0.09718195712416788	0.09760699044430644	0.09852902039804617	0.0988393621873537	0.09925540009330944	0.0998682126845145	0.10034609406297718	0.10070478620351737	0.1009307959848609	0.10114893477879444	0.10125575532221551	0.10137719341368367	0.10145927656810197	0.10153011545479172	0.1015908345005258	0.10162906501080282	0.10166392224076128	0.10171452144553968	0.10175387638258954	0.10179885345350367	0.10183258625668927	0.1018753144740577	0.10193153581270037	0.10198775715134303	0.10202036552775579	0.10203610750257572	0.1020585960380328	0.10209120441444554	0.10212943492472255	0.1022969745138777	0.18352444015802966	5.6266270736509885	5.64313928081034	5.692630925217479	6.1998519714642075	8.190749646783818	9.323532034986224	10.996825248472454	12.34537051683737	13.896625194958736	16.093730371725144	17.73868803053547	19.663108470617225	21.559350775771264	24.545311048154204	27.04919920349206	29.379596178766043	32.92061511001999	36.48994485856083	38.428635398816866	39.872400499587314	42.556482542981996	44.89324827149743	48.23555737902596	53.29148614182233	57.302410892439084	61.026269487946394	62.82523201084703	63.87816772948236	65.6124644686762	68.4645223788139	70.12143156979288	76.28413697838911	81.58369753891316	83.21790905105532	85.40284568128591	87.19317260657104	87.57776366897039	87.9477585474313	88.47076879442244
GB22_33_R1 - illumina_small_rna_3'_adapter	13.445408661467393	13.4693082023954	13.479914552043333	13.490137335775971	13.507049960325372	13.56741082590729	13.816918573581537	14.828304802986068	18.50660603918517	21.575228312910518	24.200356257526305	28.61564743613825	31.276000457421155	35.51659992431718	39.18952183657677	43.13344246911758	47.121867089070506	51.59971053558925	55.998421889490075	58.7848703252011	61.68619487231786	64.72819691943172	68.28245312664697	69.48520584384482	70.69671758955445	72.87740169139784	74.1960025963652	79.02516703825555	80.39048965611097	81.9437576922358	83.65364377654336	84.17777437833084	84.73410571475233	85.4031123591293	86.2810571347378	87.5025115106439	89.94838819773696	90.95780489137545	91.38934474945832	92.07908839618719	92.46969763461293	92.5972615048246	92.7531114810642	93.0379204545211	93.30950768525078	93.99026197589619	94.16403331743791	94.26605244978097	94.34392573171121	94.4827427489966	94.55367518006258	94.66456239397175	94.7735581014555	94.82727519173501	94.89386806332794	94.96539088506745	95.04468091659167	95.11916509282426	95.1801906179702	95.28703910841833	95.43990046690126	95.55537354976829	95.62663690044747	95.75086807171374	95.80159654423656	95.84258169042087	95.89852590730167	95.9364895317905	95.96855865066927	95.98448979772951	96.00738623858003	96.02463354319278	96.03842499411772	96.05559614961493
GB22_33_R1 - polyg	0	0	0.00013537620539819388	0.0001861422824225166	0.00019742363287236607	0.00020306430809729082	0.00020494453317226573	0.0002162258836221152	0.0002387885845218142	0.0002613512854215132	0.0002782733110962874	0.00029707556184603654	0.00030365634960844877	0.00030929702483337347	0.00031681792513327316	0.00042869131709428066	0.0007144855284904677	0.0009701961386870562	0.0011431768455847481	0.0025552258768909092	0.0037190851983003818	0.00381591678966159	0.0038751438795233	0.003913688493560286	0.003984196933871845	0.010625151898683245	3.20165289834251	3.2035237222921102	3.2042692315343375	3.2124265880221166	3.2709288511174233	3.3150972183536593	3.3323971692685035	3.3363334204629633	3.3373872866174867	3.3383123573543747	3.443732816858068	3.5265539110731003	4.187212356117186	11.727362400334439	13.731139885323568	13.872861850349803	14.525734283358418	18.054485237431628	22.042269640746525	25.26671368733534	29.1804567074228	32.15881877642398	35.93433611001212	40.09396462416689	43.83253647514431	47.42247935428257	52.32534109821164	56.4731702599084	58.92332727938464	62.025163729059415	65.01836077390215	68.6229891509885	70.64677411100044	71.87197107491828	73.45545808844813	75.40695685534011	79.05524969934261	81.86162288017314	83.72968759947565	85.38632852999754	86.09918578357309	86.58060425244489	87.15135785530397	88.29489476399058	89.40535193282061	91.92853971454649	93.57638119171749	94.33838000785258
GB22_33_R2 - illumina_small_rna_5'_adapter	12.942386406484129	12.966267145161385	12.976803926481544	12.986834927256536	13.00334518363989	13.062498944723677	13.306792828265017	14.291825823018701	17.885877934058325	20.845486638161702	23.37001972092872	27.633312564367156	30.20610350390848	34.3353588622021	37.90680314694023	41.742847746029426	45.60433649094572	49.91151472774661	54.14086010745637	56.814746988828944	59.636064198555374	62.568969946143966	65.97619819317138	67.09576223215207	68.27457404347027	70.41627261849658	71.7018671123853	76.40030326526279	77.74941458252178	79.2766885069851	80.94883283336267	81.4405737378961	81.98950920898517	82.81872983200077	83.86983675622668	85.04324010011672	87.43144652371015	88.46329994316832	88.97852673911325	89.6858194665794	90.06679161138335	90.19076049125167	90.34208100528565	90.61738450087601	90.879537702292	91.55074138966908	91.71983379111174	91.82013251751118	91.8956705598983	92.02582726048837	92.09215408023319	92.19620761610737	92.300209445792	92.35248628366406	92.41682852584225	92.48613832266851	92.56191421352761	92.63341729290383	92.69291231483872	92.79578788970343	92.94267483301064	93.05414021613038	93.12213573562923	93.23803844992591	93.28747614793475	93.32747605617976	93.38213043865915	93.41923856073885	93.45062233757778	93.4660984701699	93.48853425587706	93.50552961032975	93.51898262074118	93.5356169719795
GB22_33_R2 - polyg	0.14089278576817027	0.15367267560277478	0.15642720533761303	0.1569386265580062	0.15758730420887254	0.15816265308181487	0.1592701056509751	0.15969503651791944	0.16047532992403402	0.16138911931047184	0.16207728168791263	0.16264040909786764	0.16311422581676133	0.16370555660284092	0.16386255539660133	0.16401955419036174	0.16411450555664797	0.16420475636024676	0.1642837258133957	0.16435047380355733	0.1643955992053567	0.16445106584506847	0.16451311327254264	0.16459678328837904	0.1646522499280908	0.16468421375436537	0.16476130298243935	0.1648007877090138	0.16483745209797582	0.16485719446126307	0.16487787693708778	0.16489573907530003	0.16496060684038666	0.16530092757895715	0.3603291537058052	13.369413724387057	13.42099957954407	13.559028782523052	14.983312438392076	20.128652708552593	22.934906495090864	27.025518527531062	30.11369514203615	33.69184995006686	37.982064796241325	41.17007760177743	45.358364506524964	49.083434461238994	54.35333400194137	57.40478135971936	60.13942771438975	63.28079025559065	66.95769166422144	68.85753970819133	69.93918994864768	71.92767650321457	73.49682774066025	76.84050532026606	79.85668341608768	81.56773429982918	83.35751396791005	84.25214292072133	84.75157958648661	85.50660558793115	86.70345251816852	87.43348562780395	89.86181417427227	91.61960839349018	92.19091760285895	92.85896063188498	93.39705754552936	93.56146536619771	93.72369400600417	93.98911597871299
GB23_01_R1 - illumina_small_rna_3'_adapter	9.3869281969766	9.396170247401367	9.400217157404912	9.405468504909514	9.414533904500793	9.442554473830905	9.54519396114308	9.927163917172278	11.397768723322212	12.606970443826388	13.835325397125125	16.074088323114932	17.315301315869384	18.801446042310715	20.223267114876222	22.16438944560518	24.279275974611423	26.954030555080546	30.370836403422217	32.87635413235414	35.50159161062709	38.484536320602416	42.232286799373014	43.711708088030676	45.66758611641146	50.2810983153158	52.170116679749086	58.22177944720548	60.303954791946936	62.35490576360548	65.14969324716591	66.13282472524973	67.47540317809302	70.68302633604304	71.85019318776038	74.44510560628453	80.5393626368338	83.51737450611037	84.27153973871575	86.65469732365155	87.82770302072123	88.14249748252487	88.38204002752647	88.6766146602152	88.99364134618749	89.58023586579878	89.83330558220113	89.98014658753816	90.16691737256295	90.40642779923118	90.54969430171786	90.76496609280929	91.14946269106292	91.29288577042473	91.46140798904466	91.61332101452501	91.76183886451628	91.90453125179411	92.05026283636627	92.28063827372094	92.59532299788563	92.77954171367207	92.95944854320474	93.89650225728985	94.05729198715298	94.17826970455067	94.33843714170493	94.47651385682593	94.5929321091502	94.64600631676615	94.7353836089278	94.79443985613236	94.83064926220575	94.86350631723454
GB23_01_R1 - polyg	0	0	0.00016326819458753087	0.00022215180575024693	0.00023285791687074076	0.000246240555771358	0.0002596231946719753	0.0002730058335725926	0.00027835888913283955	0.0002863884724732099	0.0002917415280334568	0.00029843284748376546	0.0003037859030440124	0.0003051241669340741	0.0003185068058346914	0.00040549395868870377	0.0006276457644389506	0.0008738863202103087	0.0010706111120493828	0.0015644304874821607	0.0019257617377988275	0.0019859836128516047	0.00202077847399321	0.0020609263906950616	0.0021024125712869757	0.005916464657962902	1.8879758568629343	1.889093307211136	1.8896018474893594	1.8937250385346396	1.9205398320998064	1.9366498528083695	1.945311096704849	1.9474884520539795	1.9481040534434078	1.9489257474719057	1.9812929979169387	2.023053522606315	2.511527872062186	8.103614760504696	9.512592514517287	9.587736031944251	9.953938562820742	11.612538665454878	13.105936782180342	14.771863879612564	16.57980084973869	17.87672576823641	19.162353062974226	20.98782798137961	22.98320888326723	24.74360804349058	28.077682418148633	31.01603082225155	33.05964543126477	35.945976856224874	38.903311210136096	42.378480084987245	44.460085329311546	46.84630218550002	50.12996282115556	53.03821500863488	58.124198597397736	61.28381956787513	63.9145077949723	66.27341336169239	67.58111531929679	68.8062156148149	71.39591281895947	73.76198211228308	76.40481106939089	82.68777936760554	86.30300960292666	87.89301698987569
GB23_01_R2 - illumina_small_rna_5'_adapter	9.025021493187205	9.034135070278527	9.038155215004272	9.043237941258727	9.05197412793305	9.079341624484812	9.179119903600034	9.549200723229925	10.97932304670549	12.141528954182368	13.320572897924002	15.475810759743384	16.670560568498786	18.105756250381575	19.48025363526672	21.36157029101271	23.408491750098275	25.982512531034672	29.2697570373878	31.685229680476915	34.236283176532076	37.11250937085832	40.697589859000246	42.09320237154279	43.99554850605721	48.5071853663306	50.347905786971566	56.227122546082384	58.278758708852635	60.27894665463336	63.003476622229435	63.94295259395555	65.2613272060832	69.05229959371111	70.45503969973213	72.94120613281376	78.89204945184845	81.92421684596414	82.80414944242975	85.16779112505677	86.30862763473715	86.61282706132319	86.84281172562197	87.12685020670423	87.43280409725014	88.00380248948667	88.24998683817464	88.39347549246706	88.57483835311211	88.80109595247708	88.93469216009416	89.13556021693685	89.4969878222536	89.63505650779129	89.79775192543386	89.94270865521368	90.0836104454066	90.22058041629055	90.361852905581	90.58196252063502	90.8826155479124	91.05807265001062	91.22887660856308	92.09355968800143	92.24814924126193	92.365896389629	92.52268471046085	92.65804341162115	92.77192833040151	92.82369773072466	92.91105959746788	92.96877490425459	93.00349482261834	93.03485436035416
GB23_01_R2 - polyg	0.09971136592071926	0.10573355342599705	0.1069834918993147	0.10723776203842643	0.10776771453889088	0.10817722328924977	0.10893735717880482	0.10928530579022087	0.10989020106852877	0.11061152530527205	0.11110935947237502	0.1114492785004507	0.111672768570091	0.11188019947305056	0.11196718662590457	0.11203409982040766	0.11209833648713063	0.11215588183440328	0.11223483940391693	0.11230175259842001	0.11233520919567155	0.11237268058459328	0.11240479891795477	0.11246100600133735	0.11250784523748952	0.11251721308471994	0.11255602273753174	0.11259349412645347	0.11260955329313421	0.11262427419592488	0.11263498030704538	0.11265103947372612	0.11269654044598822	0.11291333919617821	0.25125770709519946	9.27875365021513	9.29803803287092	9.357062161742093	9.911340284936188	11.932906996360645	13.144419898602957	15.178862046913697	16.676170570725922	18.078066232232306	19.486833878814156	21.100806895506402	23.284961963462237	25.18698022332359	28.941645511614137	31.6053527236708	34.00264639007732	36.97762173858733	40.6589903136192	42.88352347966598	44.39441404369843	48.3199448506804	50.97426280328439	55.29919980651916	59.29605472578585	61.43997756641476	64.3665117768962	65.85163674625332	67.05911612113098	69.88346853055066	72.45792290898743	73.73504152191224	79.47251873763494	84.34735774114331	85.5357521346848	87.47652250201068	89.18407362121549	89.58261529899531	89.83965698262337	90.13369898628383
GB23_03_R1 - illumina_small_rna_3'_adapter	6.7778433621352345	6.7907883836702885	6.796139028877772	6.801639437691573	6.810252206542094	6.828790218029398	6.881790196817425	7.116573240952243	7.9550479361989614	8.717036996212588	9.561886175139062	11.233787170612306	12.172054802696932	13.240447947847846	14.266207478742485	15.430597734054853	16.724476326363	18.811940015155535	21.322686030429296	23.091301639886986	24.83339003020405	26.853647981405786	29.751101327523667	30.940591963254654	32.215528182338446	35.32125913724781	37.14851264452767	43.16739353298419	44.925136304623315	47.16046296341931	50.1981086599226	51.048910261456484	52.292593538876716	56.782988422755864	57.97323196098043	60.894835369360486	68.77267472055405	72.59454801112162	73.37589605948261	76.26120902307756	77.6995060224439	78.09056058233318	78.4034194789027	78.86524415021312	79.44584361471837	80.16197914293991	80.54809286530809	80.76755100805475	81.08380136956367	81.40505519701088	81.5844542980426	81.88385625384092	82.42863770966463	82.67169178933008	83.02164032374753	83.3059161553079	83.5417951967435	83.76300829665871	84.02347443778947	84.46804770313956	85.02808462449758	85.36796496010857	85.74450470357112	88.35364540819472	88.84052416935454	89.10256010537694	89.40507305972466	89.68014932139522	89.93177804826598	90.0458734095071	90.25728924659458	90.41799921104533	90.51287173267207	90.5856473149305
GB23_03_R1 - polyg	0	0	0.00012525683437367757	0.00017427037825902967	0.00019333120088111104	0.0001987771502017057	0.00020966904884289506	0.00021511499816348974	0.00021783797282378707	0.00023689879544586844	0.00025595961806794984	0.00026004408005839586	0.0002641285420488418	0.00027365895335988255	0.00028182787734077453	0.00034717926918791065	0.0005622942673514004	0.0007597099302229575	0.0009176424605202031	0.0012648217297081138	0.0016610145427813764	0.001786271377155054	0.0018584302056529334	0.0019074437495382856	0.0019414809327920023	0.0034513703819268765	1.0347752999948836	1.0355173105898146	1.035879466219634	1.0378617917723307	1.050264941349985	1.0576278648314288	1.0620635905530533	1.063573480002188	1.0641357742695394	1.0651065147359355	1.0781454788967695	1.1055045667961068	1.5053339125281968	5.878075868772553	6.890980236295929	6.934747969498218	7.157496827121851	8.176548309940848	9.088573273736857	10.27288617315129	11.67969060908396	12.61774584914508	13.6131033679575	14.856905094775449	16.07547573839108	17.24390824958666	19.90946898917163	21.99655554597371	23.440318916970593	25.39504575999761	27.487280100394987	30.12659953317867	31.621351966176952	33.42334443753323	35.689258270688356	38.34474400403022	43.44279382863934	46.00280934741652	49.013859750412685	51.38103556523494	52.51344176018746	54.026405447713806	57.81133614106511	60.2515761734598	63.86530528099424	71.80919855149729	75.83145963177813	77.58415400839706
GB23_03_R2 - illumina_small_rna_5'_adapter	6.556893029274728	6.569769976443274	6.575185973042605	6.580572016920674	6.5889669477983706	6.6070937901119695	6.6589582884666525	6.887059152785101	7.704400841693252	8.4399457332934	9.254676089502325	10.868811900532023	11.772085223769837	12.802867281425394	13.794479348592574	14.92130616846614	16.171106608460722	18.183959430073777	20.60640754603808	22.316848163365844	24.01366029251882	25.974387210209805	28.773019721443504	29.89699422536041	31.14072651632452	34.192424123562276	35.96995202908311	41.83045926534743	43.56625758419921	45.750149974636855	48.722451086729656	49.52474017171568	50.745325816579935	56.04359596796071	57.47879830662562	60.28213747955965	67.9962838475621	71.89683204498965	72.80903400213857	75.66544667417645	77.06467987906615	77.44462878680342	77.7465522171372	78.19214932095956	78.75328223961834	79.44799340321268	79.8240443727237	80.03900007686957	80.3478439473025	80.65378921120951	80.8255013547752	81.11055595708842	81.6250211745317	81.8597987727172	82.19880775643689	82.47220666571671	82.6969174265831	82.90918963920123	83.16264275909438	83.5873383094243	84.122428698432	84.44754098097286	84.8059075915526	87.2292719884901	87.69143294717105	87.94745791663084	88.24380197188566	88.51284956765834	88.75895746340532	88.87053679606034	89.0773276606873	89.23419823086702	89.32559759831457	89.39454740117529
GB23_03_R2 - polyg	0.12478848273210642	0.13398124518527024	0.13572939491718114	0.13606704377505802	0.13664431440304103	0.13728965939753152	0.13887443064982455	0.13937818096197957	0.14024136392929382	0.14158923638614102	0.14238570647427798	0.14302015957012726	0.1433537239660137	0.14362738291937355	0.1438438594048672	0.1439663932645806	0.14408348117497338	0.14421146098400733	0.14427953535051477	0.1443394407930413	0.14437756243828548	0.14441840705818995	0.14444019085547233	0.14450554224731946	0.14453957943057316	0.14456408620251587	0.14462943759436298	0.14467572816358804	0.14470023493553072	0.1447274646821337	0.14475197145407637	0.14477103227669844	0.14481868433325365	0.14500929255947448	0.24284849507861817	6.780402958315914	6.797623050067635	6.834795738642684	7.157317110794272	8.356128488787459	9.170277489906411	10.639587809166203	11.805673116204606	12.798744697789704	13.850376572419158	14.877464914948023	16.16226374825141	17.51480338366634	20.383670941800418	22.289994187265993	23.99176485327537	25.928540485854377	28.613958518149566	30.457888883736416	31.468380695710767	34.09172307467516	36.18223241062523	40.485364242653745	44.27362649550193	46.26468871239596	49.627757110551386	51.01305549261702	52.075545228704414	55.86130234486512	59.03178427570903	60.477068428053684	67.49203386955693	73.76600574716477	75.20198821806986	77.50021423003139	79.61873344482461	80.10547469576409	80.43613640066263	80.87621267336124
GB23_05_R1 - illumina_small_rna_3'_adapter	31.65607313843705	31.69052318588311	31.705814182278836	31.722162803449557	31.745790022088613	31.792670131496923	31.903310754727872	32.30626579399947	33.42664693344816	34.46655352260202	35.49770648422917	37.19551361512161	38.256902464803446	39.296388677817816	40.2124684988986	41.35611886882515	42.584659966653334	44.09607855609025	45.799138160584334	47.02811448883257	48.221361816079586	49.70753258486971	51.49186589995208	52.281982907417046	53.19184621208864	55.27694157255911	56.762385967030454	59.47959483820881	60.556472246217666	61.92841211216847	63.87050531380693	64.4263108999136	65.37482801342625	67.55836120565777	68.29190865651321	70.59908442373903	76.70632531807249	79.14056014481854	79.68361481650314	81.82451176727882	82.91469118351807	83.17009865411009	83.38457069836895	83.63400229189665	83.89970080805207	84.41047712810668	84.67116381000531	84.81544937867665	84.98963512866229	85.27902176600699	85.42255719351067	85.66734682436723	86.38434066498039	86.55599821641682	86.88998037482162	87.12339905391899	87.32406255898078	87.49972482445285	87.71792677855723	88.16974942997442	88.68699627463556	88.96822939738769	89.31022246929183	91.08049769326392	91.37944157471298	91.54229202321272	91.72753678506608	91.90423587932038	92.06610148901981	92.15401357758485	92.32773884487352	92.4368970109058	92.51202104934737	92.57033598392125
GB23_05_R1 - polyg	0	0	0.00008318397106671351	0.00013963023714769768	0.00014854280547627413	0.00016636794213342702	0.00018122222268105443	0.00018419307879057994	0.00018419307879057994	0.00019904735933820735	0.00020350364350249557	0.0002079599276667838	0.00021835792405012298	0.0002302413484882249	0.00024361020098108958	0.00025400819736442874	0.0002896584706787345	0.0003253087439930403	0.0003520464489787697	0.0003832404381287873	0.00041146357116927934	0.00042334699560738127	0.00043820127615500873	0.0004471138444835851	0.000464938981140738	0.009004664867971739	5.524996174280045	5.5279269238320925	5.528956325474042	5.53331902767088	5.5543081260846785	5.567212039596402	5.577709559659411	5.581736555115873	5.583495301932711	5.586684515966287	5.674244558082331	5.805908444572337	7.5806785738381475	27.300325715751278	31.92734646608199	32.091631838082634	32.546551606994	34.041219024257366	35.3171838981619	36.75378741819265	38.18511766862899	39.21553831422513	40.07115675719291	41.24375217819457	42.44509805919615	43.480701363275365	45.382910821643435	46.777259855228394	47.84990527870923	49.20586639507496	50.67936349170185	52.342255636167096	53.34349801848354	54.55586280479535	56.10381252638306	57.884842249471646	60.31712968003791	61.82732279132965	63.66302220854572	65.23250320978721	66.00116023814502	66.8894833505945	68.725736832475	70.19277380249173	72.739229747919	78.86134126250867	81.71471486718298	82.97930433304414
GB23_05_R2 - illumina_small_rna_5'_adapter	30.443348878535982	30.477997973341378	30.493235494327134	30.50922761276471	30.532278485318518	30.577934602009705	30.685446913757325	31.075882765383383	32.16385186467715	33.16271162039375	34.148484754947894	35.77144116616084	36.77786769238841	37.75714505005907	38.62171765334096	39.71330228452002	40.889164161814094	42.33880676930955	43.97273752299108	45.15660882835644	46.3146708212703	47.75002658173504	49.458375795532135	50.19416327189415	51.07890947358777	53.11730743230065	54.550793038844446	57.18780364934617	58.247858584634834	59.58071683846484	61.46829334506544	61.98895370339644	62.91606876949606	65.4914771931387	66.35923455417	68.56973866359186	74.53271181439065	77.0118704417969	77.63868691606152	79.74738869917827	80.80282840950079	81.049642678796	81.2557235399735	81.49688278466425	81.75409356491474	82.2486267291905	82.50150451580527	82.64217306716324	82.81078400565937	83.08300503640324	83.22064628538561	83.45277561293143	84.12491695343104	84.28971182725445	84.61314001933017	84.83809324394343	85.02880586646637	85.19625520022367	85.4080490176998	85.83630238217205	86.32681300727555	86.59460300613205	86.91956564538833	88.56692912496909	88.85549580602758	89.01367161243898	89.19420608193067	89.36644443573653	89.5239324889586	89.60941887351018	89.77876064260924	89.88485882684873	89.95716946455458	90.01271110495021
GB23_05_R2 - polyg	0.13658808049154358	0.14101762695084608	0.14224161966797058	0.14251493843004692	0.14287738287540905	0.14326656502575688	0.14438657777904798	0.14475793479273866	0.14558383279118675	0.14644983734711342	0.1469964748712661	0.14742576357909254	0.14763817979092364	0.14780157687694753	0.1479218965493833	0.1480021096643405	0.14807935192318816	0.14814768161370723	0.14819224445535012	0.14823532186893823	0.1482694867141978	0.14830662241556686	0.14834672897304546	0.14841951494772881	0.14845516522104313	0.14848190292602886	0.14851012605906935	0.14854280547627413	0.14856657232515036	0.1486037080265194	0.14867352314509324	0.14876264882837903	0.14893792933884104	0.14995693298440826	0.6115640989983135	30.983471315240482	31.051208319965717	31.149163387608994	31.684735958181754	33.360965761150716	34.45134571017736	36.07819245746573	37.32247315096218	38.39119258809428	39.31801353943905	40.30762204923059	41.59636011897803	42.69973904891191	44.711868697904364	45.9893769315578	47.2669029903479	48.6205171303871	50.399954474600975	51.5864965796088	52.29408023349503	54.10261859872976	55.6760909451544	57.92526965941006	59.820895700639426	61.05619401068873	63.185449661799225	64.09608687448736	64.87605692291024	66.84062613644531	68.54017418901793	69.6281462591678	75.16491742163795	79.51137646269729	80.44685597417327	82.13692402490041	83.71529976933382	84.05782462448155	84.28728018152881	84.54671910386145
GB23_06_R1 - illumina_small_rna_3'_adapter	44.00491208600356	44.06654800616496	44.08799537300504	44.10730455697834	44.135139164847075	44.17416168485533	44.24838366482905	44.51101696674047	45.36682807262066	46.09045687752118	46.90607669932288	48.34177501400878	49.23572797070881	50.202807873756	51.12267298527466	52.112874209309254	53.299184759753444	54.661588186526004	56.15602918414807	57.25357374191286	58.333853087448674	59.410647986831194	61.05938632240193	61.76871688274238	62.511779121067576	64.05499144180702	65.1234875701395	68.08613108508274	68.7664814849202	69.80971401326275	71.24901692741756	71.66573593359672	72.28846053018196	75.307911986604	75.90297401302243	77.71454603346598	82.10216281429649	84.21715199503657	84.63911951650306	86.21872736884993	87.10100087711919	87.32966902130755	87.48434456912474	87.68654484940967	87.94457136396952	88.50091125366878	88.72644585400062	88.82791669442938	88.98627193753777	89.181840574027	89.26555466593555	89.41713216973949	89.81345788134752	89.93098284319883	90.09621549824848	90.23570394004568	90.3835020759216	90.50983372965723	90.64550457292597	90.93777751319774	91.27258199644565	91.4385970134255	91.6281893878407	93.08970701160135	93.31292456447153	93.44344246895402	93.60197794203586	93.74156605646988	93.84633701694271	93.8979756350922	93.98991340222852	94.06698356193411	94.11846379616755	94.15550242108931
GB23_06_R1 - polyg	0	0	0.00004642287194824232	0.00006826892933565047	0.00008465347237620658	0.00008465347237620658	0.00009011498672305862	0.00009011498672305862	0.00010649952976361474	0.00011878793704403182	0.00012698020856430987	0.00013653785867130094	0.00013926861584472698	0.000143364751604866	0.00014882626595171802	0.0001897876235531083	0.0002621526886488978	0.00033861388950482633	0.00041234433318732884	0.0005352284059914998	0.0006021319567404372	0.0006267087713012714	0.0006403625571684015	0.0006744970218362267	0.0010745529477431384	0.10735289138031037	11.61876554483521	11.62397856027928	11.62515415124244	11.62900451885697	11.648641393691078	11.661908777418168	11.67344759185448	11.677267921140102	11.678763010692553	11.680819270844143	12.121850208138312	12.41526870104435	14.541262833193336	38.17183180283496	44.40163785353748	44.62330160557599	44.921935844683276	45.92769282695629	46.9709267206774	48.05084014475197	49.32280225931926	50.227786109621334	51.070346216317475	52.13713289065939	53.13488875441427	54.13971045235539	55.71011292227064	57.09307348904475	58.0446713642972	59.243542032360565	60.308351638508924	61.83443938101381	62.87470084555165	63.677856126235255	64.79724810676605	66.22677764099718	68.64574788339011	70.02470652552657	71.3336990727441	72.58071708591072	73.14393165679408	73.77761887805204	75.88088901438235	77.9474700627091	79.57019930158154	83.98628422594504	86.74860212540293	87.80354960201944
GB23_06_R2 - illumina_small_rna_5'_adapter	42.580677489931695	42.64140679871152	42.6626493587636	42.68151069856045	42.70888380846688	42.74695056346444	42.81889509195552	43.07375938970854	43.90847266566684	44.60595993214615	45.389262608178946	46.764908841864035	47.613071096901464	48.52666502457135	49.39560834169855	50.34223760427396	51.47939179483931	52.79230570935787	54.23032107150543	55.288864955319355	56.33918106776974	57.38138819679365	58.96965528013745	59.62823198765261	60.35157542842849	61.86214700867397	62.90006957969278	65.78830951931027	66.46030926371141	67.47684044841218	68.88287727868033	69.2757240056494	69.88725795933794	73.5175756993196	74.24060100688479	75.97678228328438	80.25852351236541	82.4139374569223	82.9040947157664	84.45500504097774	85.30946578743567	85.53040179268747	85.67886486793512	85.87297528009375	86.12273988882541	86.6644429200751	86.8847317358768	86.9839264902015	87.13779646465254	87.32177440231918	87.40101687935623	87.54404574782878	87.91626433510979	88.02882204966264	88.18798423151577	88.3212438162004	88.46116235225239	88.58141670589853	88.71256541528808	88.98923207831375	89.30569270024915	89.46363013751001	89.64241554041138	91.00009748803109	91.21171751518574	91.33820072594449	91.49296092723407	91.6292898829816	91.73174106523561	91.78195695889774	91.87171694718825	91.94687557687246	91.99640878124123	92.03168606778613
GB23_06_R2 - polyg	0.12140400241617395	0.12668255603240644	0.1280124347758649	0.12835924093689002	0.128839854199413	0.12917300657457098	0.13033357837327703	0.1307213458919035	0.13141495821395374	0.13236116557454586	0.13296193215269958	0.13343298776511556	0.13362004463149524	0.13373200567560573	0.13384806285547632	0.1339409085993728	0.134025562071749	0.13407335032228396	0.13413479235868603	0.13416483068759372	0.134192138259328	0.13422081120964896	0.13425904181007692	0.13433686838951958	0.1343723682327741	0.13439421429016152	0.1344338102691762	0.13445156019080345	0.13446794473384402	0.1344952523055783	0.1345184637415524	0.13456488661350063	0.13471644363662577	0.13572272765503327	0.7889307665672307	43.653529175955796	43.736389906247645	43.824048576893205	44.21126038643491	45.47218068437144	46.38976697902888	47.784387878933515	48.855269323656984	49.80959932146146	50.75431705401547	51.66873157421597	52.834132716983234	53.891001281271265	55.692853171555996	56.856325034380234	57.95531552806836	59.07238909575892	60.55830330410695	61.66598306712092	62.27458828374097	63.64525907785607	64.79524646175793	66.9821883632606	68.75017886459486	69.6338737319729	71.25457538364407	71.92852625404561	72.4696858646178	75.0071231800869	76.9790247810752	77.82267992139788	82.01756532244235	85.3622922849556	86.17032606332953	87.41263488575058	88.67968436816287	88.97317112999824	89.14479512221232	89.35754704821534
GB23_08_R1 - illumina_small_rna_3'_adapter	6.984838141602337	6.996470761237195	7.001384437156954	7.006614931597088	7.015124198837695	7.035980421810982	7.098417581156352	7.420206565675284	8.518478888528898	9.49732109019046	10.59795460767705	12.610426198620106	13.726536001941561	14.895582892278117	15.957519717469612	17.250586114262692	18.7686534376005	20.793161143463795	23.599603857295374	25.864372083625742	27.84216699085769	29.768278635313187	32.573485458029914	33.87211411205333	35.189062946460055	38.549734828876154	40.41336298674982	45.10022673446184	46.64750711646129	48.60448465582151	51.46277053611671	52.15723673277613	53.234098400245806	58.25654021024794	59.0655886069669	61.77697082041651	69.27014876123958	73.09594310895807	73.84147537005	77.16090704544612	79.06085276785811	79.49491057946705	79.78023255674937	80.0773052133982	80.42119378414019	81.07034596582426	81.3859136508134	81.54194976095147	81.79129639747454	82.08107326159288	82.24324250006873	82.50272434038982	83.14907746033492	83.37920576585796	83.7131653637256	83.94321147576457	84.17264636716756	84.3627329961109	84.65414028006757	85.20275339205037	85.7912647156225	86.07409847197829	86.40040959254748	87.98845345935936	88.42047885027156	88.65323435843055	88.93976383271504	89.20062204028736	89.43529788711936	89.56729464481057	89.79150501948135	89.92332991806953	90.01534477626038	90.09945561013868
GB23_08_R1 - polyg	0	0	0.00011357645070004938	0.00017036467605007407	0.00019726436174219103	0.00019726436174219103	0.00020324206967377257	0.00020623092363956333	0.00022117519346851722	0.00023462503631457567	0.0002495693061435295	0.00026451357597248343	0.0002675024299382742	0.0002734801378698557	0.0002779634188185419	0.00034222377908304353	0.0005320160059107575	0.000835384683438521	0.0010431100340609798	0.0014062557909045588	0.001724568738261276	0.0018142343572349992	0.0018740114365508147	0.0019427550777640025	0.0020204652808745623	0.027192593380764452	1.835667429023685	1.8367195056196433	1.8370706959606236	1.8403928071436	1.861949916371866	1.8768090038627947	1.887691421152239	1.8903694343055877	1.890775918444935	1.8912003357080773	1.9583733341622422	2.027505526390983	2.305403190422277	5.9825872356806995	7.046897210921033	7.1092835597489845	7.243879125963457	8.096482597098898	9.464150788878115	10.71753865484834	12.529529877182012	13.732001121418008	14.710375567433925	15.97586679753862	17.170096276963946	18.479971988460633	20.396744958700015	23.025583992176376	24.97689167556349	27.352047245412408	29.153298021020014	31.701006108021964	33.97751156387599	35.19166623826426	37.22933386813894	39.97927528660121	43.40858022263376	46.70313566647259	48.943897417749724	51.72435354077574	52.88570413215038	53.74661811173771	55.970691596896856	60.3158067933064	61.98806610388539	67.92793364983305	74.49535741313494	76.97853016530755
GB23_08_R2 - illumina_small_rna_5'_adapter	6.731712099239516	6.743299886064887	6.74820459542275	6.75327369174873	6.761651449414842	6.78213107678844	6.843115653106436	7.155504691902956	8.224680521399597	9.165913973609616	10.221442695898457	12.155370193474495	13.226950555986615	14.349726998078765	15.370335445058288	16.61820588660766	18.07781421522857	20.027888996354793	22.731506167201275	24.91839382574503	26.83838579170557	28.702936011027674	31.395449589391244	32.61024985623612	33.89464110439349	37.18500169169134	39.00171380886398	43.55542411240004	45.082438570084435	46.99236706474217	49.78060466906811	50.43262166727838	51.48828638242267	57.41469063568141	58.38565272386217	60.97855975496179	68.29504262703526	72.20276445081004	73.05963749983562	76.31955660949188	78.16438338149374	78.58380626965919	78.85787222290634	79.14558080008035	79.47843003869968	80.10712949269583	80.4150412282516	80.56755646841796	80.80995999717852	81.08517964805647	81.24112758700255	81.487383748525	82.09127720903209	82.31321306583489	82.63606309351167	82.85663304405213	83.07384202830804	83.25472448146374	83.53714876482621	84.05628430457139	84.61397157719432	84.88239009087312	85.19113422225836	86.65321732196293	87.06615140816865	87.29353445132412	87.57320600018411	87.82788475218217	88.05735252097877	88.1860451006108	88.40496968704308	88.53357260105614	88.62219959327675	88.70272380239611
GB23_08_R2 - polyg	0.126524166079855	0.13456717210179797	0.13605263252279598	0.136366462189204	0.13687157850942266	0.13749923784223872	0.1390295310727236	0.1394180820882764	0.1401921952654162	0.1413937145596641	0.14202884602739463	0.14253994005554488	0.14277008181091078	0.1429195245092003	0.14306298949955826	0.1431720826693096	0.14325577058035177	0.14338728015484653	0.14342613525640183	0.14345602379605973	0.14347694577382025	0.14350235103252948	0.1435307451452045	0.1435979943594348	0.14363535503400718	0.14365029930383613	0.14371007638315195	0.14376537018151908	0.14377583117039935	0.14379077544022828	0.14381468627195465	0.1438490580925612	0.14390435189092834	0.1441105828145679	0.24092105719351392	6.978323934383896	6.995822179926618	7.037700507268296	7.459125927590828	9.015117324473572	10.097881978525681	11.87070576406465	13.279262972522869	14.411316817324833	15.456520543588848	16.62506829531312	18.113111086137575	19.488882061018053	22.438946680040793	24.809831177572597	26.97681456313117	28.82169364007742	31.374919151500222	33.34812168461374	34.384375287677194	37.19203446507285	39.436451584750145	42.95069676163651	46.022720072306356	47.79992701218616	50.83875162743098	52.099538401393524	53.008175412252626	57.11850417423345	60.170844387111586	61.40399322845246	68.07922495430043	74.13742272318072	75.62793281295393	78.08650580256108	80.89253007683746	81.4147007977849	81.72721237959402	82.04038599255657
GB23_11_R1 - illumina_small_rna_3'_adapter	15.176431122553625	15.208705203211457	15.222189887088408	15.23508707833105	15.25230406835539	15.281713258461199	15.359545664990343	15.723286545765522	17.014616091015466	18.10355096790621	19.148218274801614	21.051722056681776	22.257910095863938	23.82236496680511	25.404693437185443	26.94018492125508	28.616952832600923	31.097419307281903	34.45989884137121	36.84644770677952	38.466460373811884	40.24562652339864	42.93551338717738	44.06857241674391	45.17212549271193	47.49161207391362	49.05805232437487	53.22885779025428	54.770219016908484	56.825893758592294	59.41838989487787	60.14581809092333	61.22345410212067	65.14219239740987	66.27718669683061	69.37029049057122	76.5376315123861	79.65222198526686	80.2601749145276	82.4012641735622	83.37204218625638	83.67431924204604	83.88784171206689	84.27810270152267	84.74725012841034	85.46475315477497	85.73396301485046	85.87315384327488	86.06470927253102	86.25950800671248	86.36051872558471	86.55459173357085	86.83138370446798	87.00939742850326	87.18677355023837	87.34343191701646	87.49340323528047	87.64039734822413	87.80485899952147	88.05669981265551	88.43347611823435	88.69509349997114	88.93793358036362	90.61459436069967	90.8933060501754	91.03205453120455	91.2192072215424	91.37500854024219	91.48979077763047	91.54140891723276	91.7046558411127	91.79320307653995	91.85056827644141	91.90225034906567
GB23_11_R1 - polyg	0	0	0.00014860107809045402	0.000183159468344048	0.00019698282444548557	0.00020043866347084496	0.00022117369762300135	0.00022117369762300135	0.0002591879269019547	0.00031793719033306443	0.00036804685620077566	0.0004164286025558072	0.0004319798781699245	0.0004371636367079636	0.00044580323427136206	0.00048554538306299516	0.0005391108879560658	0.0006013159904125348	0.0006479698172548868	0.0007879312977819423	0.0008276734465735753	0.0008449526417003724	0.0008587759978018099	0.0008846947904920053	0.0009348044563597166	0.024000802031121003	4.092333729130577	4.094954983031312	4.09563059956077	4.099354266110595	4.1244021873664	4.140788048105142	4.150965494034825	4.153686967267295	4.154473170645565	4.1554217984580255	4.352052127322924	4.474518422784098	5.217408042629018	13.119736908357336	15.281521459395291	15.406662574262093	15.706822928648709	17.030381628649153	18.46138063602851	19.805821243339693	21.486454510635397	22.712195687023048	24.15211248700734	25.87116086090894	27.345425244966286	28.84238757974219	31.579628077765918	34.70195099046593	36.75012656146471	38.67397313976764	40.41782752619328	42.923789453283845	44.60469400394304	45.719468189226404	47.369166513486604	49.54484526532602	52.985412938032354	55.5115673325481	57.96310325082829	60.26822736504059	61.2937769704477	62.28447271136456	64.9155982162756	67.9911100614576	70.54157973935578	77.72234151202565	82.13756810465165	83.77277955171755
GB23_11_R2 - illumina_small_rna_5'_adapter	14.634479534918713	14.666933319205864	14.680469840668197	14.69320115163762	14.710152042057008	14.738818226772365	14.814383602900874	15.166267499980043	16.42036037973174	17.464082514653708	18.464046815836575	20.28713322359662	21.437944898236427	22.934625582131765	24.449022624790608	25.921400120740103	27.529132463795854	29.911287229883413	33.134323659299476	35.424881412019886	36.99315844092311	38.71246945859063	41.30045572494811	42.34379080589924	43.41526505611436	45.67867719329057	47.19639184141376	51.24166395469699	52.76064862366199	54.76474496789232	57.289076407322185	57.97171347375997	59.02895139511012	63.66817337792333	65.01731911006755	67.97638645929007	74.9448836873443	78.10136238505144	78.81297666171687	80.9303173949692	81.86901485399096	82.16100560492164	82.3660526297328	82.7408884816989	83.19354982851608	83.89111093578488	84.15124576257978	84.28666108686897	84.47255066804306	84.65576715773102	84.75167878612133	84.93596140214862	85.19740771985366	85.36874649081146	85.54005070337902	85.69036414970654	85.83229718639755	85.97257314827593	86.13195644412549	86.37173465114152	86.73131297381065	86.98112693735632	87.21155709980874	88.75488124302936	89.0175837582201	89.15242368531158	89.3348297807481	89.48642879919305	89.59813706776828	89.64799618530665	89.80727926182449	89.8932709042925	89.94832760372503	89.99738842244852
GB23_11_R2 - polyg	0.13416258264250247	0.14013081663929816	0.14144749130796008	0.14172050259096347	0.14233218609845208	0.14299225135229574	0.14428127930875478	0.14464068656739215	0.14586059774334403	0.14715135361931575	0.1478563447804891	0.14842655821967338	0.14865118775632175	0.14881879594905167	0.14892765487835047	0.14902614629057323	0.14910217474913112	0.14919548240281583	0.14924904790770893	0.14929915757357665	0.14932162052724146	0.14934926723944436	0.1493786418711599	0.1494201119394642	0.14944084697361637	0.14945985408825585	0.1495047799955855	0.1495376104663264	0.14956871301755464	0.14959117597121951	0.14961882268342236	0.1496499252346506	0.14969657906149297	0.1500680817567191	0.37786662279133443	15.000210978972499	15.03968184440064	15.102559107547542	15.607213552501262	17.418356580589666	18.503083973467035	20.20804461958176	21.636862992536113	22.99322624448478	24.666158174512475	26.065278794802403	27.72965061156428	29.395145576009398	32.877599745622604	35.80297266434787	37.51743686778233	39.24390147223235	41.691570306643165	43.43497370607598	44.371703064772824	46.37944877501393	48.09952007726703	51.20370847468147	54.0524758097316	55.897209593146485	58.804119691878775	59.99661396892296	60.91516561434641	64.24586006899997	67.11342716834805	68.59470517770737	75.50787787880462	80.60276433254806	81.75240966151681	83.50306513914435	84.96147758959236	85.3324066155403	85.5655997212935	85.92978813322246
GB23_12_R1 - illumina_small_rna_3'_adapter	53.50235309767656	53.5734293953322	53.599459916216986	53.6205527602901	53.64309174441238	53.685445818728724	53.78912960297215	54.20544707469145	55.65778026813219	57.10028887142735	58.38419751261931	60.796882845124046	62.17230317910118	63.73058346501297	65.2627775140278	66.52180709858644	67.94808129406951	70.06165831058553	72.5253275086246	74.24039884344454	75.66708657555125	77.03026672072193	78.26143829919667	78.8411832159401	79.49791404202978	80.77735549717949	81.64660948008193	83.89427265148095	84.7303137004634	85.56553510500018	86.4571609239884	86.75259941197568	87.22224082174036	88.32311617229313	88.79639150418474	90.03770215874042	92.06538613276497	92.80139836790218	93.02902304027965	93.58654964950418	93.92233148283535	94.02814238060999	94.11242584941661	94.2909114753293	94.49521961568135	94.67806471001276	94.77241296688409	94.8217971638024	94.89789780762197	94.96271533991076	95.00931497435428	95.08101652947981	95.16234581150792	95.23122566015056	95.29232879162817	95.34820947556523	95.39074184112052	95.43040916551678	95.48329728053363	95.56401863896232	95.6729310614143	95.74794338579619	95.81328093419854	96.15603965038673	96.215437871892	96.26915801269058	96.31802095536172	96.36441505962702	96.39955081503363	96.41635600243704	96.45413764935482	96.48437782449228	96.50517846903492	96.52467907329364
GB23_12_R1 - polyg	0	0	0.00010152695550573746	0.00016095736848470573	0.00018324377335181884	0.00019067257497418986	0.00021048271263384596	0.00021543524704876	0.00023029285029350205	0.00025257925516061514	0.00025753178957552917	0.0002624843239904432	0.00026867499200908577	0.00027115125921654273	0.00027610379363145676	0.00039372648598566475	0.0006921166844842347	0.0009979356846051756	0.0011787031907495374	0.0017544353164832926	0.0022484506243709663	0.0024007410576295726	0.0024787434746644686	0.002514649349172595	0.0028613267582165763	0.07723105979977299	14.501409540819829	14.51270379555304	14.513935738488751	14.519085136146657	14.548851106113894	14.571954679159468	14.586635229298876	14.591326517523404	14.593215909402694	14.595331879731464	15.516935389533176	16.07106703641628	18.62477826265291	45.86474890997194	53.5235524212396	53.93325206884697	54.36385141168527	55.912589401913124	57.85209102441293	59.54232663727569	61.653008897426176	63.087350771471144	64.49219163614006	66.16597369154289	67.43003257479987	68.74805303490814	70.94337039380869	73.30876273705182	74.83546442540052	76.49531623962778	77.82075931069042	79.17699352634418	80.11341130471449	80.73566753874195	81.61247289849355	82.8456774923456	84.64209791933133	86.10700435951794	87.12723759219267	87.9963479515971	88.41487425366543	88.79593958541938	89.5115944278441	90.59286517091543	91.48512119990795	93.7027435356797	94.96718128781941	95.47808845246274
GB23_12_R2 - illumina_small_rna_5'_adapter	51.623893938107784	51.69503214244361	51.72077541633233	51.74139034083441	51.763498454462585	51.804864498163155	51.90636421472961	52.310726268371305	53.727378927619796	55.11835393406057	56.34762745372079	58.64915067501558	59.946398967654105	61.42344778409248	62.8812844814018	64.08296866997014	65.45101715647067	67.48236848222946	69.84747976914454	71.49716774461879	72.88487036394491	74.20493250636574	75.3885560400565	75.93406284825602	76.57233929298212	77.82159381273932	78.66587835525539	80.85646852005692	81.68025699889688	82.49525349101674	83.36584589634484	83.64382546238595	84.1077132652941	85.42770854850032	85.9965430319277	87.18352933648617	89.14836812505268	89.89885909455191	90.16403140659605	90.72088942367456	91.04733944403444	91.14989157416406	91.23071941208266	91.4026132146891	91.59963989131762	91.77635498617698	91.86755343116042	91.91545929655588	91.98940558790497	92.05106835577145	92.09550868521008	92.16370013156903	92.24114662661586	92.30723819838288	92.36629345687993	92.42025131933042	92.46074819324116	92.49848774361641	92.54979847642213	92.62622970191389	92.72998777417354	92.80184285786592	92.86387458954633	93.17607616839449	93.2330340285668	93.28539469866848	93.3329798874606	93.37809004717883	93.4118514742853	93.42818369465209	93.46514322085699	93.49458108541923	93.51490133412364	93.53345352804189
GB23_12_R2 - polyg	0.172548775282812	0.17763998066134362	0.17941794051629775	0.17979928566624612	0.180297015374945	0.1805793098365951	0.18134200013649185	0.181765441828967	0.182226027529554	0.18260118201148373	0.18314967519793546	0.18343320779318928	0.18358426009284418	0.1837204547892543	0.1838244580119675	0.1839334137690956	0.18400151111730068	0.18408322793514675	0.1841587540849742	0.18421818449795319	0.1842540903724613	0.1842800911781396	0.18433085465589247	0.1844546680162653	0.1844831450891511	0.18450047895960325	0.18453267043330018	0.18454628990294122	0.18455248057095985	0.18462305418637237	0.18475553448197135	0.1849709697290201	0.18518640497606886	0.18652482740169937	0.9687120171563716	52.5278317576515	52.62057291710517	52.72010028684089	53.32589677274038	55.537194722064264	56.979759041371594	59.16211314144111	60.886040845928534	62.328398396924044	63.95058247252507	65.19862857388503	66.54097216863855	68.12994331031956	70.7665054847833	72.81206315551127	74.2777062851921	75.68907459021987	77.03065797094071	77.84699164735261	78.4038050916214	79.51718435343821	80.49476016906368	82.18744481019462	83.73182828453815	84.56636252492487	85.61226102907128	86.06592556281343	86.457693321438	87.47939745683396	88.45271285472899	89.0437396448696	91.3441027349777	92.55543569871989	92.905737124822	93.37879206893214	93.85299104849214	93.98711434738325	94.08323065904068	94.25566428789836
GB23_14_R1 - illumina_small_rna_3'_adapter	34.15635647003612	34.183927850562355	34.19695637500522	34.20854965282556	34.22240124727032	34.248285480746404	34.309286391278576	34.563582802043115	35.67607467898659	36.78523326887611	37.99304309600388	40.28041321277496	41.6317725992908	43.17094572266337	44.76626188611207	46.21706336004591	47.7888531951841	50.82979515750133	54.65659469168472	57.44299127188451	59.522769074618	61.5331175542554	63.601160019043675	64.44911104631998	65.49549809999709	67.88654428172262	69.11882799283923	73.68876015019592	75.08869091858537	76.52454532412175	78.23993597745596	78.71630311869718	79.40137122876502	81.3200162364471	81.97172950791486	83.85430149563828	87.27984854574662	88.74218325146862	89.20493312424426	90.31790244037035	90.96895374094689	91.1385354520854	91.29245979420205	91.72523058701529	92.18479509101132	92.62946085634312	92.81851212727744	92.90916845501324	93.0543114310598	93.17953376980063	93.25742958343227	93.38400222562814	93.51831641236147	93.63074308810124	93.74995496547587	93.86029321092613	93.94562448078489	94.02426135032572	94.1110967000634	94.24721519683646	94.42943586547744	94.54494685691827	94.66211131104976	95.31887284283165	95.44473518440313	95.52704511366773	95.61337959162489	95.68398347369167	95.74387719397217	95.76980536356936	95.82839271651588	95.87728190299876	95.90792734746448	95.93558806477029
GB23_14_R1 - polyg	0	0	0.00007322686849631906	0.00011423391485425774	0.00012595021381366878	0.00014645373699263812	0.0001552409612121964	0.0001640281854317547	0.00017574448439116574	0.0001933189328302823	0.00020064161967991423	0.00020503523178969337	0.00020503523178969337	0.00020503523178969337	0.00020649976915961975	0.0002709394134363805	0.00041007046357938675	0.00048769094418548494	0.00053016252791335	0.0006605063538367979	0.0007615594323617182	0.0008040310160895833	0.0008303926887482582	0.0008465025998174484	0.000864077048256565	0.010641328529885086	5.297400088821263	5.303073706592357	5.304031514032289	5.306770198914052	5.324064920715512	5.337403927080802	5.349361874706251	5.354049858827384	5.35592446666089	5.360539223913529	5.472210198370416	5.684603265906619	7.921862772028296	29.408367323781153	34.431190088339136	34.58628752488908	34.98154858658377	36.46433702121418	37.844484818810656	39.60613434951138	41.46874762195745	42.80894869825181	44.277684896817775	46.06889464979309	47.47869493551847	49.23801878087575	53.0753044026278	56.441118831566314	58.50908221133661	60.79529534358545	62.71186070820224	64.5803130911422	65.71208413802339	67.15909099563176	68.84310247127793	70.87712080388809	74.64724420639268	76.60908720833811	78.51698397626231	79.78377804596386	80.42384678080333	81.23998366279272	82.86822409085474	84.04575167878454	86.44149463185543	89.79577289993102	91.32158065526565	92.18885185952604
GB23_14_R2 - illumina_small_rna_5'_adapter	32.895205262820895	32.922310920463495	32.93504360835763	32.94626196461127	32.959671268770315	32.9849755454479	33.04411356444553	33.29097305444558	34.374988466768215	35.44156856170187	36.599299998002365	38.78535195498458	40.064888964341854	41.541076729046	43.079486828448836	44.475918817061526	45.98914619638849	48.91423153644557	52.589824909870906	55.27056244151736	57.290912246853985	59.2367976496167	61.219524954457285	62.02088026077201	63.03754452852647	65.37893557072465	66.57148052484567	71.01905644309448	72.39910172307509	73.79547513019298	75.4669150170557	75.91490528221723	76.58590504630955	78.86235264337571	79.6427943560479	81.44921918775937	84.78476602287361	86.27914773532436	86.82080541705426	87.93904413863731	88.57331477002926	88.73850579813273	88.88710508237233	89.30438253434912	89.74772289336113	90.1804629308896	90.3639826441777	90.45227374406107	90.59397359275094	90.71361457957497	90.78809509205993	90.90819301454337	91.03555650691902	91.1434050388404	91.25850010166818	91.36521068805314	91.44634166473494	91.52164085360971	91.60602163871539	91.7354076571989	91.90895533553518	92.0195044743667	92.13120327503361	92.73888962408665	92.85835486642628	92.93892638983279	93.02309921063193	93.09222537449246	93.15068677722519	93.17601009288857	93.23317391551154	93.28077430910889	93.31028620165029	93.33619093864954
GB23_14_R2 - polyg	0.12906089118739242	0.13469057283738942	0.13612874853465715	0.13645680490552065	0.13708948504932883	0.13739703789701338	0.13813223565671642	0.1384368594296611	0.13893773121017594	0.13939466686959295	0.13986038975322956	0.1401576908393246	0.14032904171160598	0.1405135734202167	0.14060291019978222	0.14074643486203503	0.1408020872820922	0.1408562751647795	0.14090021128587726	0.14097490269174354	0.14101444520073153	0.14104666502286994	0.14106570400867896	0.14113014365295573	0.14115504078824448	0.14117700884879336	0.14120483505882198	0.14123559034359043	0.14124437756781	0.1412780619273183	0.14139083130480262	0.14154607226601482	0.14171302952618642	0.14270891493773635	0.6621261321679365	33.50287257288812	33.557428054455244	33.61915976913501	34.02814940413539	35.683719564057604	36.898446401183534	38.97355672331908	40.599595951714086	42.050025433155966	43.66711340914598	45.08920262794243	46.537391367208315	48.6016201766853	52.5514218109567	55.90817075357536	58.114175567685436	60.15623713953122	62.30256644942891	63.56678293335939	64.42234369680983	66.47109381082407	67.98849658619268	71.18446422272872	74.11516752813684	75.52002207116398	77.47174804895796	78.2430027187086	78.8351019965335	80.52530992979183	82.04000770463819	82.93308112828194	86.61273273475933	88.88618974651612	89.6069706003496	90.57221056743384	91.4734443933028	91.68724927486362	91.85362511369937	92.23299008678086
GB23_16_R1 - illumina_small_rna_3'_adapter	60.19106461028917	60.26055910366294	60.28534441035933	60.304489330903664	60.32663440214966	60.376305277648136	60.50071512589604	60.91284893847881	62.07259099852985	63.15305015578417	64.246331293865	65.98824012908001	67.23979142808355	68.38396458269395	69.19603236625306	70.17241045989817	71.10874541101629	72.11681147171248	73.42815497724487	74.37522825696695	75.2266514878408	76.34514083303824	77.18226128890896	77.5613060357839	78.11220131725898	79.38615219900763	80.4162604980209	82.36195463391658	83.15525026629872	83.84857558140581	84.68768842527463	84.9676536451214	85.67246668380207	86.79044572058967	87.13339225317385	88.37833525108175	90.79355297178681	91.72335160485954	92.04614416878421	92.66092440735969	93.06177616222675	93.14716477017895	93.23583503397575	93.34533410752817	93.46836470911676	93.80125932289761	93.93897446673799	93.99961247410732	94.10443522021646	94.1807166868999	94.23730950392726	94.32894135607737	94.47144851440609	94.58297339665853	94.6893592032875	94.765451714464	94.81617148583763	94.85398186839514	94.91400030736763	95.00792790465619	95.13227990938157	95.21814026339524	95.32215834183548	95.78053098091354	95.85137001483314	95.93358494151607	96.01132406496717	96.09105043476991	96.15466288460865	96.18311547063315	96.25085023551054	96.30118438340065	96.33465136012231	96.35296719017711
GB23_16_R1 - polyg	0	0	0.0000462748180204219	0.00008483716637077348	0.00010283292893427089	0.0001105453986043412	0.00013111198439119537	0.00013625363083790893	0.00015167857017804956	0.00017095974435322537	0.00018124303724665242	0.00018252844885833082	0.00018895550691672277	0.00019024091852840115	0.00019281174175175792	0.00019795338819847148	0.00023008867849043114	0.0002609385571707124	0.00027250726167581785	0.00029950090552106396	0.0003226383145312749	0.0003303507842013452	0.00034063407709477233	0.00034963195837652103	0.0006337079245574443	0.1832084316009087	14.905386249993123	14.91535461704169	14.916643884888202	14.922902554025464	14.951203461479787	14.970278969797095	14.985719334076574	14.99044065092627	14.992561580085539	14.995339354578377	15.37125669500211	15.680997189421802	18.477725076472993	51.9908249375817	60.720885568390756	61.00160146861876	61.39918827799217	62.791124520753556	64.26690944835636	65.6325564528357	67.2454742328188	68.5236798270021	69.4455834619559	70.45633474750892	71.4359559346503	72.23846796828818	73.4242177614783	74.6467496079366	75.4752269561304	76.45142123591503	77.45218101701047	78.40300641322703	78.97810213911517	79.58579076182902	80.51719744482796	81.7582687829615	83.46725565597819	84.64188535331569	85.52867025762683	86.29243484364227	86.72105020390998	87.26829748723111	88.14810903354888	89.08404293624415	90.07128532883117	92.570459708953	93.96515315962144	94.53019953752947
GB23_16_R2 - illumina_small_rna_5'_adapter	58.14007469681125	58.2086745437033	58.23288655682087	58.25176154092676	58.273449005638994	58.32213011419648	58.443820031474075	58.84536976484628	59.978138747637864	61.022560104947175	62.07499857447853	63.74125836552304	64.9207263521669	66.00278199064292	66.77182961838237	67.71000270810518	68.6186897408677	69.5901678454491	70.8562867142478	71.77505651569233	72.60620494921518	73.69330325744383	74.49964967391935	74.85637581898072	75.39117389084274	76.63642153130263	77.63364385964272	79.535906508003	80.3237699909142	81.00053534822803	81.82191593891375	82.08925841673384	82.78620473635102	84.14046942100896	84.57139852217769	85.76975177622032	88.13163134209879	89.08727317562429	89.46030990862627	90.07675604065048	90.46656610977323	90.54963840600116	90.63473779634072	90.74057601762308	90.86011544127436	91.18452762382974	91.3191577798021	91.37866205412992	91.48129188802955	91.55480329268983	91.60924047444439	91.69664846403853	91.82986338182644	91.93614507011483	92.03752291310468	92.11041217854492	92.15900073746636	92.19528276561758	92.25359032173492	92.34216675048407	92.45937700829498	92.54063815956205	92.6391096868979	93.05586198340143	93.12387054095211	93.2045712527565	93.28106609776748	93.35917541976272	93.42133663989188	93.4490321184771	93.51543905315964	93.56439009815557	93.59654595503332	93.61359436923901
GB23_16_R2 - polyg	0.1717541287292426	0.17549210569600335	0.17714514502862175	0.1774973478102216	0.17801151245489297	0.17826859477722864	0.17890615893662112	0.179366336293602	0.1798959258776135	0.18035224699975932	0.1808946906998876	0.18116205631511673	0.18134072852914	0.18155025062184357	0.18162223367209757	0.18169036048751652	0.18176105812615884	0.1818574639970347	0.18196286774919235	0.1820425632691164	0.18208755267552515	0.18212225878904045	0.18215953572577914	0.1822623686547134	0.18228679147533527	0.18229836017984039	0.18231764135401557	0.18233692252819075	0.1823574891139776	0.182399907697163	0.1824808886286987	0.18258372155763297	0.18274568342070446	0.18400924303498434	1.069335205166861	59.20475671194383	59.296475972083535	59.40401350751655	59.969535487720904	61.73727852550742	62.90342064997301	64.63484181184833	65.98469239303176	67.2587049745378	68.11687533096136	68.95484930014223	70.02279111912202	70.7769716761608	72.19538097106471	73.2488477698854	74.13573293630225	75.11518187828767	76.19150972262206	76.69374831836026	77.11081554070864	78.1945126498128	79.23800851076169	80.85910150859506	82.21575320261589	82.91007599713363	83.89363311462998	84.32383210200328	84.87623388588722	85.96535671740426	86.8478843384575	87.42819883548907	89.89981913230295	91.54841351156816	92.00287978475833	92.53197834153417	93.07291039760712	93.20092325460256	93.29635992512323	93.42517102272953
GB23_17_R1 - illumina_small_rna_3'_adapter	26.269474464157184	26.301073773629582	26.314110632097364	26.325358172060977	26.338873472725393	26.368763664986698	26.448422907945123	26.748417227481124	27.524256881091183	28.35738099967206	29.524974931564792	31.74724490582128	33.19846794511953	34.707622590856865	35.87454587400576	37.066750540625854	38.27184963927947	39.68533797018492	41.877403860912366	44.23467473591235	46.156824557569564	48.215189361613746	50.36030845749185	51.287475506110255	52.319252696519584	56.22254868757774	57.72664235516573	62.64531575497985	63.85956056660609	65.34281296024135	67.30447159820545	67.76084184587093	69.17569083319685	75.4984510364745	76.02888164717305	77.59444269200009	81.37550361572319	83.47514166452197	84.05383547750108	85.63551006833205	86.5146766430438	86.74641827939021	86.93011657562161	87.138594305852	87.38542484754424	87.83998780055364	88.04140643421235	88.1310064891696	88.31161150449384	88.40329679307109	88.46364688333074	88.58619722471445	88.71724613760253	88.91718796124385	89.07223918525663	89.18469799152177	89.27529641429975	89.35346640221258	89.48960533164922	89.65517675286425	89.88452617822752	90.05092311964887	90.22462390986392	91.19098864908334	91.36636813532934	91.47521511784419	91.61538900199115	91.74827839627724	91.8820417081017	91.94371235413527	92.11835620093444	92.20909843292758	92.27655325152912	92.32302160418183
GB23_17_R1 - polyg	0	0	0.00007190460758641177	0.00010509134954937106	0.0001244502823610973	0.0001272158441913439	0.00014104365334257694	0.00014657477700307016	0.0001576370243240566	0.0001673164907299197	0.00017837873805090615	0.00019082376628701587	0.0002074171372684955	0.00021433104184411203	0.00022262772733485183	0.0003249535150539763	0.0005669401752005544	0.0008766831001881743	0.0010052817252946414	0.00108410023745667	0.0011255836649103688	0.001139411474061602	0.001153239283212835	0.0011961054915816576	0.0015099967593146474	0.10235759168017229	7.050747340538949	7.055140435506296	7.056299205913169	7.060381175174614	7.078272977435394	7.094009024249496	7.1079516042166855	7.111845515273672	7.112911639359233	7.113851930381516	7.393522136027035	7.638364238763343	8.73548612409773	22.488550435744685	26.412054387096465	26.60812995529912	26.82895453632065	27.588298996394204	28.778100389783816	30.091964886878287	32.126563835334245	33.66227755410836	34.91127994681714	36.328384249815635	37.44639165809204	38.54015753414542	39.98467961712898	41.97742455284599	43.86761415921195	46.24658086677022	48.07612446776071	50.392547994527945	51.96516122202212	53.012273452780164	55.28239317782358	58.03539382623721	61.68015541793751	64.60629406473373	66.37870115831132	68.31697282265796	69.11980021138848	70.1459812874343	73.41088328228383	78.2486612330014	79.60713562519868	83.02194904739946	86.2871538712694	87.67713354383685
GB23_17_R2 - illumina_small_rna_5'_adapter	25.18059533585785	25.211522613805496	25.22435758625967	25.235381115715033	25.24857284564531	25.277760585201733	25.355013789367842	25.64591217604416	26.401803832172654	27.204378171995714	28.324517828443238	30.45483425462495	31.839754331823947	33.28369288126132	34.4028867155629	35.5473536366502	36.705980234308356	38.066719621644594	40.17858975041855	42.45490709952355	44.321196720552535	46.32113211702818	48.382297052425486	49.260535781143176	50.255941685142005	54.08305197890053	55.53937056587101	60.3337098369209	61.533189313935466	62.97758418107483	64.8895899219387	65.31901530069207	66.71348762845274	74.19331880085903	74.84142406743457	76.35245514687374	80.04695398531011	82.18568463336034	82.85408220986533	84.4286064405842	85.27919093378034	85.50402834501756	85.68065648242991	85.88304721107194	86.1215852156162	86.55993091405304	86.75613922922354	86.84336643213044	87.01998765563822	87.10918808691099	87.16772811695273	87.2857291091257	87.41025959277988	87.60374106398575	87.75285877509174	87.86110286512759	87.94776865898294	88.02347729686686	88.15570019075186	88.31407423730369	88.53297675285319	88.69018234953172	88.85351228288334	89.74151759320455	89.90783986445649	90.01370971966108	90.15028560786689	90.27936544073182	90.40960404400363	90.46965960192836	90.64019935497143	90.72822857080908	90.793412863148	90.83749591872213
GB23_17_R2 - polyg	0.26516206828404465	0.27270098983329694	0.2743658580551054	0.27471984996937693	0.2752646656499355	0.2758620270052688	0.27704845303044456	0.27751583297975624	0.2785944020935524	0.28004355649260165	0.28075983700663554	0.2812216858322867	0.2815314287572743	0.2819739186501138	0.28208454112332365	0.2821702735400613	0.2822739821086956	0.2824219396666138	0.282503523740606	0.28259063893825875	0.2826459501748637	0.2826901991641476	0.2827302998106862	0.2828049699801029	0.28284921896938686	0.2828824057113498	0.2829390997288699	0.28296952090900257	0.2829805831563236	0.2830248321456075	0.28310918178143	0.28319491419816767	0.28330277110954727	0.28392917086409813	0.6614311262545902	25.97898538063174	26.027982839578222	26.091553426589186	26.471335587708715	27.692591098574635	28.783899772941844	30.74417701277175	32.44546491832273	33.95691498037917	35.1808959524288	36.333147930068236	37.52085855871418	38.68052085927776	40.62617242536841	43.018958645392416	45.19740137854407	47.035996663404966	49.388366962841744	50.66940147544936	51.54846572437337	54.49742440461188	56.725309852164685	60.311393135731734	63.22509505097733	64.53222402223423	66.76303681698437	67.61267133969181	68.67823954732398	73.91317844970237	77.2646950755134	78.11123078619005	81.51289811023076	84.73033615016868	85.71898578661622	87.03654645709682	88.2590423224436	88.56626167226112	88.76154628978031	88.98316735260897
GB23_18_R1 - illumina_small_rna_3'_adapter	43.2200518451034	43.2717003989717	43.29144541489817	43.30792696696344	43.3249912804325	43.36218205365596	43.45906613703544	43.80626743466496	44.83211557832752	45.9395887277945	47.34799191943038	49.81906847761715	51.504471409050055	53.072016144398106	54.280210331305426	55.43551494744591	56.64701895423519	58.101113288843386	60.10762834942448	62.00764641237908	63.55784075138712	65.14365505674388	66.64384184501836	67.28096826548935	68.03501649042593	70.6747110874251	71.67413894817236	74.7680324854517	75.8910998003009	76.9820238503581	78.50369201865081	78.90656424829248	79.71226102709737	82.15090823762117	82.55698830389916	83.8426129389614	86.85270141300305	88.37702909242938	88.86557387071635	90.06010495162033	90.80027021056944	90.97842169616467	91.11926585625571	91.30405022619222	91.47958193438589	91.8600509614252	92.01702834119695	92.0876206140615	92.23715719027311	92.32741103822678	92.39182471575349	92.52390891237941	92.64193266568125	92.80309665635612	92.93008963744532	93.0259764041497	93.09699912577842	93.16464580463841	93.25626914189098	93.37689677910157	93.5438923571875	93.65604346488846	93.78937927407478	94.5497531091579	94.70088830585671	94.7892561259945	94.89894374230673	95.0028673185524	95.1087590389936	95.1558779474052	95.25665593652818	95.32603897947989	95.37575514951155	95.40903479904095
GB23_18_R1 - polyg	0	0	0.00008476529509620318	0.00013774360453133017	0.0001615838437771373	0.0001827751675511881	0.0001986686603817262	0.0001986686603817262	0.0002145621532122643	0.0002397268501939496	0.00025297142755273134	0.00025826925849624404	0.00026091817396800044	0.00026489154717563494	0.00026886492038326944	0.00030992311019549285	0.00038806611661230516	0.0004874004468031683	0.0005258097211436354	0.0005827614037863969	0.0006039527275604477	0.0006118994739757167	0.0006171973049192294	0.0006304418822780111	0.0007244783815253615	0.055684176589526097	8.450669472327297	8.456008361460622	8.457097065719513	8.46159359973282	8.4843954641137	8.502870325071463	8.518864476689927	8.523685502848524	8.52530001682856	8.528457524070895	8.785068561481818	9.010444912107527	11.189233514852031	37.16008156434564	43.545350585154694	43.747534356367446	44.113332365066434	45.4544385346846	46.94412502202904	48.820378339828785	51.072437268979805	52.69112593979879	53.918349935455204	55.33962685628381	56.457368526577056	57.51874657346228	59.24959959655958	61.156510137571686	62.76459784867271	64.53409325067199	66.03696736369257	67.49682838728279	68.40470310703745	69.43692189240957	71.24085584445717	72.84598339251849	75.44226491385105	77.11507357667348	78.56766200283599	79.87832021356405	80.46598343543093	81.19857147167306	83.01677645582473	84.51178858772516	85.74132243767295	88.7941299715276	90.7296567463811	91.6343064115489
GB23_18_R2 - illumina_small_rna_5'_adapter	41.649366820463584	41.70010679632507	41.719438581437956	41.73531618077566	41.75187984922055	41.78809582155041	41.88238926559852	42.220613388694254	43.220743212041526	44.28772901298045	45.64169434275625	48.01222601638158	49.62298515873586	51.12468050437152	52.28499686858457	53.39611889911391	54.56892489977629	55.97133889353053	57.909098704126706	59.7482910455611	61.257007341654656	62.79751989461343	64.2366663992145	64.8402111937923	65.57088273969063	68.16161345865211	69.1344448836052	72.14967490257753	73.26030820820232	74.32210610818981	75.80942843847572	76.19023652669541	76.98359730614834	79.85797786719868	80.35040595556725	81.59064937076735	84.5341057005747	86.09353151000181	86.65851604205726	87.85132003007367	88.57099990122194	88.74420453717367	88.87982503595438	89.0590718480972	89.2296580311051	89.59919630845022	89.75236322331584	89.82141382737585	89.96768826418398	90.05573291663421	90.11797713238954	90.24406285992967	90.35638614713628	90.51203112242575	90.63414612567371	90.72634957541462	90.7943843203912	90.85968141122774	90.94905449478705	91.06468362850242	91.22410065942367	91.33097115413167	91.45751249513295	92.16342727703224	92.30754152327314	92.393863056209	92.50114545727288	92.60245058057473	92.70605628696379	92.75186265775915	92.85067250268659	92.91830063913827	92.96625925375442	92.99757075908832
GB23_18_R2 - polyg	0.12693602940656426	0.13147097269421112	0.13291463162631834	0.13324044822934436	0.13362983880369256	0.1339000281818117	0.134538416810505	0.13482714859692643	0.13538342084599525	0.13599796923544272	0.13643371583054664	0.13670655412413757	0.13687740917206584	0.1370972691562216	0.13717938553584608	0.137256204084527	0.13730918239396211	0.1373701074498125	0.13744295262528583	0.13749725539245683	0.13752242008943852	0.1375396380400049	0.13756082936377897	0.13762970116604464	0.1376442702011393	0.1376614881517057	0.1376932751373668	0.13771181754566908	0.1377290354962355	0.13778201380567062	0.13790253945963554	0.13812239944379134	0.13829193003398374	0.13933957610306336	0.7631379783779095	42.32946527217514	42.398854937415535	42.481580567598485	42.95135513085258	44.57184771310783	45.931410201275455	48.230490028965626	50.14190902411067	51.8019115050849	53.06273566904281	54.19726086776511	55.383915398513835	56.58257216526509	58.520754477879024	60.47018011221283	62.28541831103613	63.71581412337626	65.42080843363827	66.31676170931232	66.94005681764753	68.97839065087535	70.48226472948653	72.74248761612151	74.8295667918606	75.88572647526645	77.57195321941107	78.26706175064334	78.90424909617018	80.99805386829206	82.50101009769227	83.13830472429572	85.92979807131934	88.34369778904826	89.11077338027494	90.09970358900762	91.10832980873056	91.34409653029422	91.4952052378383	91.68797741237991
GB23_20_R1 - illumina_small_rna_3'_adapter	23.68590536984375	23.711179070095522	23.71989269804508	23.728235422167046	23.737777053731715	23.76287836206362	23.84356561655696	24.199873594930757	25.575704775389394	27.066687228321108	28.65173167552905	31.391084992168054	32.98708677428259	34.53881648297654	35.74724596725019	37.165058498194206	38.811628576802576	41.51417883054911	45.195587383283154	47.745816315834745	49.90766453692122	52.323355942011226	54.449329665773604	55.39962575803796	56.77662972595144	60.33384426641584	62.33450343042942	66.74858417258812	68.98674063220349	70.80279547602855	72.9847325797769	73.56247667321834	74.62135224901061	76.8801448050335	77.51288714490954	79.78518634665397	84.2371293172128	85.8335803631185	86.41228828411191	88.03981819757091	89.11336406454384	89.3605819136271	89.58319604014716	89.86191328858823	90.10238565080705	90.6636401959135	90.90556613545664	91.01976141637411	91.27108010355113	91.4190276327792	91.52569905119405	91.71523482509025	91.95608200913483	92.13318075081226	92.33177232449896	92.48095663515213	92.56812687063191	92.65298287518743	92.76707628815225	92.92632593612666	93.14129213020176	93.29764245952387	93.4785978174086	94.19135351609123	94.33543267511747	94.43449795306798	94.5513195987646	94.65933619655416	94.73708756441222	94.78440522841707	94.8927600800494	94.96658822573113	95.00777161058744	95.03841296834412
GB23_20_R1 - polyg	0	0	0.0001018679526477009	0.00015149592957863209	0.00016194392472198603	0.0001645559235078245	0.00017500391865117845	0.00018806391258037087	0.00019589990893788633	0.0002076539034741595	0.00021157190165291723	0.00021679589922459421	0.00022332589618919042	0.0002311618925467059	0.00024552788586881753	0.00030168585976434495	0.0004505697905571386	0.0006294917073870747	0.0007574796478931605	0.0008815495902204885	0.0010017015343690588	0.0010330455197991206	0.001046105513728313	0.001061777506443344	0.0010748375003725363	0.003172272525400839	2.884704519073951	2.8876808916904144	2.8884083333522703	2.8912018660537244	2.9058264472556345	2.9154621107765926	2.925191806253841	2.9299012400647078	2.9322481209737834	2.9377307064252585	2.963479790456054	3.055373825740031	4.542396488512416	20.39466413574432	23.916467808669104	24.0113643365574	24.362740861223536	26.14736160566043	27.868266557714975	30.03282733954054	32.35403099455223	33.920808428251405	35.190405700091816	36.70093635193675	38.24828443266746	39.75006227658105	43.328356953246555	46.36387828221482	48.45775054089924	50.83318451470251	53.23363098887897	55.23108392438294	56.4785209985243	58.4876077766204	61.05754554601053	63.74587607836696	67.66441363487397	70.34487552088805	72.77547360304885	74.41592507450139	75.29713249288093	76.33700185950806	78.30066467271902	79.60988335414183	82.26189796137936	86.59532540502894	88.50160521691383	89.52637723055881
GB23_20_R2 - illumina_small_rna_5'_adapter	22.904870716899897	22.929922397254874	22.938427065301564	22.94651381354252	22.955888277184894	22.980396661792415	23.05951671701425	23.40672449161819	24.75053517896123	26.191099525329296	27.718110583513475	30.35552411753817	31.885583378305427	33.379859561706084	34.545516259862225	35.91622139270365	37.51547511330655	40.120303962477905	43.67782933079781	46.15241347251212	48.26161555207062	50.612567261254235	52.668019629797755	53.56939167880397	54.91437515360185	58.40340215976254	60.34737311412708	64.6562072832086	66.87069903382425	68.63908881780596	70.7691437896712	71.31820030044777	72.36097812772292	75.06345785750224	75.83474714297614	78.01492114754404	82.36073077143791	83.99977437554487	84.67547625945161	86.29649445993752	87.34438135683777	87.5851123069364	87.79936934334116	88.06945132379624	88.30298752323927	88.84879340152688	89.08449364196397	89.19608998408953	89.44125219012832	89.58359959395956	89.68659331808396	89.86810633770946	90.0963819715978	90.26622458064816	90.45905408501329	90.60342839990234	90.68694706107954	90.76910225889051	90.88046090912655	91.03262812239313	91.23822768882223	91.38712076161079	91.55852665193447	92.21968100860349	92.35954962558695	92.45631634460591	92.57055341750396	92.67622052238565	92.75182352124236	92.79785999984276	92.90382748458484	92.97549942526885	93.01522531480266	93.04420152333336
GB23_20_R2 - polyg	0.10433367950153243	0.10970917300278803	0.11116144432771422	0.11148794417594403	0.11202601592582676	0.1123002757983398	0.1130002914729445	0.11328238734181507	0.11377866711112437	0.11431151486343544	0.11472551667099083	0.11507291250950735	0.1152466104287656	0.11534586638262748	0.11544512233648933	0.11552348230006448	0.11557049827820959	0.11562273825392635	0.11566844823267852	0.11570501621568026	0.11572330020718113	0.1157690101859333	0.11580688416832796	0.11586043014343765	0.11588132613372437	0.11589438612765356	0.11591397611854734	0.11592703611247654	0.11594270810519156	0.11598450008576497	0.11603804606087467	0.11611379402566399	0.11621174398013293	0.11669365775612013	0.4509550603780497	23.28293142116216	23.316709789460624	23.373037543277228	23.886694940508725	25.99308259137549	27.533660371253312	30.108301044457342	32.03925249087387	33.6092661910687	34.87275007975085	36.11556391604127	37.752743859014544	39.49254401028584	43.422580891447495	46.251160086610746	48.623407421895294	50.7851211250443	53.2616237798668	54.58224775398796	55.576523375808875	58.551109385102315	60.92809488618437	64.45808456330397	67.82480864431594	69.69229766223236	72.204851124297	73.1545699648297	74.03645389089478	76.09070343399742	77.75829226683541	78.78988290331083	83.37859796629252	86.2056217161788	87.05109829716747	88.3538157136123	89.82611453922891	90.14224344627956	90.3720679954479	90.66060505332435
GB23_22_R1 - illumina_small_rna_3'_adapter	54.51747010012883	54.57405230992116	54.59786859814766	54.61826296774442	54.64095336289883	54.683719603873215	54.78303929902118	55.125589501243965	56.03796546830649	56.89979569354084	57.90426705953625	59.64884390468035	60.83371364482422	62.02765357070905	62.894052621366626	63.798369273285346	64.68573227598776	65.83939553388964	67.41930775227591	68.78282398579596	69.89156986124485	71.16366866484299	72.3749537587531	72.87609783422413	73.50955867734417	75.34571442626921	76.31695646284301	78.88932462253385	79.79210506082079	80.7333129596088	81.93059185522316	82.18255411652609	82.8765189934401	85.37157435419968	85.71577800449985	86.81079307200167	89.56475185803325	90.84747365078415	91.25227866158787	92.17571337602556	92.72395915498828	92.83681058072281	92.95225001214371	93.09442332110763	93.21898049563892	93.49649765411662	93.60521601265035	93.65099827563614	93.74037848056903	93.79096403786929	93.82276775219275	93.89337717400218	93.96801680637621	94.06404398317875	94.13656233567824	94.19155856249866	94.22780501991701	94.26272208296146	94.32448472806784	94.39702851823004	94.49642673833688	94.5674066652339	94.65853985692443	95.13271116201986	95.20875097182932	95.25840197152061	95.33255828830278	95.40079979550774	95.45628154989069	95.4841601222565	95.53913533535555	95.57897513913073	95.61320649126682	95.63237542911125
GB23_22_R1 - polyg	0	0	0.00004645138411410442	0.00007299503217930695	0.00008405488553980799	0.00009069079755610863	0.00009511473890030905	0.00011944641629341136	0.0001305062696539124	0.00015373196171096463	0.00016147385906331536	0.00018248758044826736	0.000189123492464568	0.00019354743380876842	0.00019907736048901893	0.00026654246598807537	0.0004700437678212947	0.000725526380448869	0.000883682283504034	0.001019718479838197	0.0011170451894106062	0.0011424828521397587	0.0011646025588607609	0.0012165838696551157	0.0016833096814682599	0.15266247389100418	13.796182740275977	13.805375690389226	13.80667964710043	13.812117776997788	13.836139778496797	13.85317969456932	13.86761943911679	13.87194826572209	13.87399544457912	13.87643635421578	14.2436566653445	14.581171316332245	16.845098967549415	46.51056538943646	54.73074057043539	55.08039009253027	55.37750531116278	56.313045035103535	57.63191264060724	58.868722770088034	60.5181904062585	61.79266044241714	62.7917921112101	63.865515855007615	64.73970436038701	65.56441108183151	66.77210614734078	68.24160121371716	69.37876427639051	70.76697826844989	71.86709524630692	73.22884300927461	74.11740711205198	74.74091629911825	75.91074574467717	77.38878897171588	79.37237035396575	81.1184524451522	82.26625729872903	83.4563152160843	83.91211389277728	84.42047784052204	85.77979796567712	87.80188312141621	88.60204360431243	91.06350908443083	93.23735201805604	94.11461073872832
GB23_22_R2 - illumina_small_rna_5'_adapter	52.52500433767449	52.581336594780865	52.60479454375849	52.62483278607704	52.64718474971861	52.68908168621886	52.78598369742223	53.118951642693474	54.00894246655434	54.84129044068561	55.80625932843332	57.46813612007426	58.58313634259851	59.71225336195211	60.53036066889639	61.392021678374334	62.24365250683964	63.35428408728649	64.87843141904378	66.19733994600492	67.27532173334623	68.51155343249627	69.67811358540183	70.15271069485166	70.76900775154155	72.64009604730573	73.58076643722042	76.10040342805905	76.99497634916719	77.91123764271524	79.07957622004118	79.31752675312168	80.00149462858315	82.9880653564781	83.41630177261136	84.46974285133106	87.16474377106847	88.47712587856157	88.94975875805456	89.87650368660303	90.40880558096127	90.51856024775486	90.62945629141528	90.76706962283865	90.8879250644502	91.15701019072586	91.26237188376466	91.30690327733538	91.39380496913017	91.44289081031475	91.47351443828464	91.54092092656089	91.61196831856341	91.7046742214018	91.77411351072571	91.82694974818483	91.86132266644394	91.89480084256618	91.95477179142816	92.02410158820379	92.11866001648006	92.18628327788218	92.27278239101466	92.70767462690027	92.78071832243435	92.82901891403034	92.90127183004915	92.9675247756199	93.02104672398738	93.04829709668232	93.10223268356548	93.14110917411297	93.1742002553676	93.19214265547433
GB23_22_R2 - polyg	0.1976462154641701	0.2020568849843379	0.20354554124666135	0.20385964108209959	0.20425337186173342	0.20445466119289454	0.2051204643651967	0.20545889587802804	0.2060229483994136	0.20646644851916968	0.20700174542181793	0.20726054599045368	0.20742312583485303	0.20755031414849878	0.20767307852080036	0.20777704114238907	0.20784340026255207	0.20794072697212448	0.2080292057990085	0.20805906740308183	0.20808782302181916	0.2081309564499251	0.20816524199534264	0.20831233804503732	0.2083399876784386	0.20835215351713512	0.20836984928251193	0.20837316723852006	0.20839418095990503	0.20852247525888684	0.2087713219594981	0.20905003026418273	0.20927233331672881	0.210512142878441	0.9668125653029042	53.617766513046774	53.70851482184036	53.80320043843028	54.25588244844626	55.664757352568394	56.716487471973224	58.367492427760794	59.70734057508937	60.96363816619137	61.88522256716185	62.7476079970349	63.661950406024914	64.53826682719085	66.14024013507532	67.5770378509767	68.88446514416431	69.97459618042214	71.38122151037074	72.09867087991043	72.61571681254318	74.1232644103917	75.33514010047125	77.32716015083517	79.03642841412585	79.91420031199404	81.29292937381146	81.78203922284092	82.31378701854578	84.43725342609926	85.93809101091395	86.45561583519722	88.96282155085865	91.10573228660522	91.7329664322833	92.51465364211145	93.28355787342555	93.44601937739395	93.56629085874806	93.72104696288022
GB23_26_R1 - illumina_small_rna_3'_adapter	35.38973444112517	35.424079284645195	35.43848164225507	35.4530099680073	35.46954884411015	35.506946562609734	35.607558058902065	36.0220426465393	37.29444685252171	38.75792497075625	40.20767750140065	42.488523375994625	43.77417152666992	45.04536421551845	45.962260389142266	46.9810190956095	48.18552523787787	49.697586304664526	51.52003781415436	53.4800823495736	55.310378463379834	57.447529267030646	59.18980699383525	59.86542971549453	60.77676353114588	63.6448469508065	65.27230595083137	69.15978779752533	70.34714251272408	71.46526167893255	73.27231914043686	73.69815691564978	74.80547740110532	77.18377445359651	77.58127804165085	79.17553208634587	83.63666791342195	85.46302567030673	85.95138810347478	87.20593694276849	88.02324295003854	88.19416689944015	88.3443159852066	88.54670974052613	88.79654285126223	89.37103661926008	89.62501926880334	89.73318391371015	89.9033100648768	90.05728882916736	90.15243306108489	90.30577333979113	90.4932151706052	90.65243272763982	90.92580829619763	91.11554966310067	91.20150439553484	91.27591575319798	91.39916446566153	91.57663134857516	91.82152576714165	91.9836257716691	92.17703997440921	93.30771026052756	93.46696980694296	93.60228429147378	93.78148261885397	93.97628370614181	94.11853014344783	94.1908654967256	94.34070954199046	94.44536560363798	94.5160102668482	94.56380529701966
GB23_26_R1 - polyg	0	0	0.00006174908939235363	0.00011114836090623655	0.00013831796023887216	0.00015313774169303703	0.00015807766884442533	0.00016054763242011945	0.00016548755957150775	0.00017907235923782556	0.00018524726817706092	0.00018524726817706092	0.00018771723175275507	0.00019389214069199043	0.00019759708605553164	0.0002260016671760143	0.00029763061087114453	0.00035690973668780406	0.0003816093724447455	0.00043100864395862837	0.000474233006533276	0.0004779379518968172	0.0004865828244117467	0.0004989326422902174	0.0005125174419565353	0.006862793795066184	4.658429107611793	4.663033119716887	4.664277981359037	4.668068140465939	4.686715130480643	4.700094923170178	4.714016872864578	4.720125092787269	4.722495022838148	4.729196034019006	4.793529940293324	4.9769531403697345	7.321307953403742	30.46730945163425	35.71221412054959	35.87310260794315	36.36055856447891	38.19680111559363	39.89331906221312	41.84023203628219	43.615410912896806	44.939197771144386	45.91303031013332	47.064928698202976	48.17576517680851	49.28550746155001	51.13982520611167	52.8791315667347	54.62921684840206	56.59168441808906	58.62721104038151	60.16699868328712	61.056742547323324	62.577347218118305	64.64073255958101	66.9606804275418	70.19990427903159	71.77398613120391	73.48211537659276	74.77650966828958	75.53537757234048	76.73397556173579	78.71378104074236	79.72687118080339	82.04176673827008	86.3017400868691	88.14013891618542	89.06307044580643
GB23_26_R2 - illumina_small_rna_5'_adapter	34.04329801688848	34.07720320689203	34.091398087561544	34.10569423673766	34.12190460768494	34.1584106693337	34.256658410484086	34.66070987197759	35.901496074227545	37.31228739942895	38.703824123576034	40.888563715439744	42.10981250580596	43.3230820788409	44.198965742272094	45.177897521063045	46.342992924517645	47.79798671786967	49.55486933929734	51.45359208902282	53.237433127897404	55.31583584790033	56.991854331823355	57.632596227866685	58.51587990217067	61.323750549783014	62.90818031435572	66.69125309575972	67.8642857271648	68.94973221519399	70.71283296992348	71.11503936862593	72.20484040243906	75.00958037121922	75.49641142697033	77.03071328077432	81.40123478913068	83.26554353635603	83.83433539343937	85.0905107037477	85.88454471420755	86.05017306170288	86.19483635836771	86.39178507898461	86.63442442080651	87.19219530041512	87.43971158531721	87.54544331610197	87.71163111034718	87.86025375862386	87.95165723070599	88.09792476871323	88.27521628421297	88.42690045234173	88.68872400125602	88.8704342815927	88.95231727907232	89.02407960080053	89.14443475093518	89.31421263723766	89.54798357484103	89.70209695214646	89.885426293607	90.92893403510269	91.08186059490998	91.21396906671957	91.38988481250766	91.58012511205298	91.71838379316604	91.78896794226866	91.93504899802593	92.03649781197042	92.10477501509334	92.14989877965769
GB23_26_R2 - polyg	0.1503121033624429	0.15456538063978825	0.15590657086139018	0.15616838700041374	0.1566524998612498	0.15701064457972544	0.157959110592792	0.15837159450993293	0.15903107478464326	0.15980170342025984	0.16035374027942745	0.16077116412371978	0.16096876120977532	0.16120093778589056	0.16130220629249403	0.16139976985373394	0.16144669916167215	0.16149486345139819	0.16155537755900268	0.16160230686694088	0.16163565137521274	0.16166158599275754	0.1616974004646051	0.16183818838841965	0.1618974675142363	0.16192957704072033	0.16200367594799117	0.16203455049268733	0.16205307521950504	0.16209753456386755	0.1622099179065616	0.1623556457575276	0.16252360328067478	0.16344119474904517	0.6883096895658389	34.72284180572417	34.794379360767	34.88055762490477	35.4442304824775	37.48846002142891	38.98699309771149	41.19766483715641	42.7185535537626	44.05527561125609	45.036371078139354	45.95794165783016	47.127471880884926	48.34004739415508	50.21604647898418	52.03570939959705	54.115347101387826	55.971733440444126	58.06880908507931	59.04630828499636	59.72659306290476	62.01172555928435	63.98111396691044	67.0000281822844	69.4370313290427	70.51516178496067	72.45124396875032	73.23544381923355	74.08709220006003	76.2401211645572	77.70708687136062	78.4798396756523	82.39095907376563	85.64624633336994	86.42662391521978	87.4897616922333	88.57424242450439	88.81481317183164	88.97666000509257	89.18784559575978
GB23_27_R1 - illumina_small_rna_3'_adapter	12.070166264129858	12.090570461645944	12.10146606916477	12.113751479380912	12.132960836501912	12.177746462499544	12.26769092804479	12.525289047627814	13.295462555999787	14.160680186708156	15.228020806488301	17.467080684898114	19.199636857645515	20.666399531176936	21.95137378375901	23.278306708956407	24.58051841423122	25.867844747730896	28.18738088673701	30.769048018852967	32.76324638636677	35.15060712514243	37.9414771630768	38.93447030148998	39.94755012738419	43.54759727483922	46.51487895194505	51.033680378300396	52.6314145487053	54.695270161629594	56.57814783974667	57.18973483372236	58.86698716426691	70.7471362057055	71.35565393600896	72.69188656302266	76.04995764165466	78.08779135758294	78.69864585033741	80.23241845973264	81.25697738746449	81.57627132758772	81.80843243708142	82.03439792312787	82.36442453798878	83.13418444776245	83.63039692904294	83.7714605102325	83.98975562227413	84.10325014134071	84.20263496007743	84.35073111002595	84.47662523151425	84.75881506034764	84.88422873901976	84.9910095919503	85.0749241520052	85.14591828177385	85.36772410784346	85.56399822784837	85.9536373517914	86.15490807708485	86.35637933503205	87.05190177788073	87.22293524268642	87.35751493473902	87.51798701311543	87.6444715918619	87.76165507620422	87.8325740062277	88.15585631801939	88.26022242357806	88.41975032737653	88.50216507029214
GB23_27_R1 - polyg	0	0	0.000047347987684064255	0.00011976255708322136	0.00012811808432158564	0.00013090326006770707	0.00013647361155994992	0.00013925878730607134	0.00014761431454443562	0.0001671105447672856	0.0001782512477517713	0.00018521418711707488	0.00018939195073625702	0.00019774747797462132	0.00021445853245134988	0.0003202952108039641	0.0005653906764626496	0.000753390039325846	0.0009093598811086459	0.0010151965594612602	0.0010430483169224744	0.0010806481894951136	0.0011154628863216313	0.0011502775831481495	0.0012909289583272815	0.04967639460782177	3.262064678075322	3.264876312991032	3.265734147120837	3.2693200608939685	3.286443321381123	3.301334263507761	3.3129985795325174	3.316403456882151	3.3172682539513216	3.317981258942329	3.4745680171528948	3.586944288157402	4.137136260573467	10.508412386601222	12.262520249272114	12.368187031904217	12.585780279657826	13.435107090146698	14.585847012468703	15.933386060423775	18.089440738659803	19.66122264146235	20.9068437533396	22.39095528659361	23.622405424274596	24.7833961859302	26.292209442876562	28.43937384013097	30.525975983373836	32.96543761224432	35.0696100366816	37.834655925097934	39.57819126063655	40.64862760325851	42.81425493053396	46.49676695406802	50.473599639397726	53.460924833760515	55.77578327010103	57.700111326259744	58.629491050631515	60.08817949967492	66.5550108277885	74.81255001305271	76.48211665112586	79.75656979091991	82.65879394035997	84.03506764648779
GB23_27_R2 - illumina_small_rna_5'_adapter	11.61125285644143	11.631414743667603	11.642148810993156	11.654102785295509	11.67284423289116	11.716866720734355	11.804507845937557	12.054922997271335	12.806817397221515	13.64209160348333	14.669676624663339	16.834579806244793	18.513473997891676	19.926865741188045	21.16801107564128	22.449906316436014	23.70324654289364	24.94171532345485	27.183344526490462	29.683432468414644	31.622943910153353	33.94466641212017	36.63992693704169	37.57888070304075	38.564011290322625	42.10650138839618	45.0046438627803	49.40877821107995	50.98435073807296	52.995446766838484	54.83236208220519	55.404632142760754	57.05311778561149	71.2577494381813	72.06151355863938	73.34939274952467	76.64168354738476	78.71232663360236	79.44773418572336	81.0178004202663	82.02028543762228	82.33150793843325	82.5556017863783	82.77509173881502	83.0965748270747	83.8435979546449	84.32560743220806	84.46412814794141	84.67817308179445	84.78854402626175	84.8844849751884	85.02680049287585	85.14739999527077	85.42224113789803	85.54387394049478	85.64751033000795	85.72891126895198	85.79810478260075	86.01514656555662	86.20625696972823	86.57722427546926	86.76667053713257	86.95588841438469	87.58635472215546	87.74710671069435	87.87866309447452	88.03518440105506	88.15838247242112	88.27248833756397	88.34147017785602	88.65854015514599	88.76012526272214	88.91482367177684	88.99203292122294
GB23_27_R2 - polyg	0.21368425359392812	0.22457986111275513	0.22650441755332504	0.22700017883613466	0.22768811724542665	0.22881889859835194	0.23088549900197405	0.23159014846574277	0.23305236573245652	0.23478195987079792	0.23586121547241998	0.23658396857853847	0.2369669302436302	0.23743205459323247	0.23760891325311118	0.23772032028295603	0.23784286801578536	0.23799048233032982	0.23806289689972898	0.23814088182062038	0.23821608156576562	0.2382495036747191	0.23828014060792646	0.23836091070456394	0.2384012957528827	0.23843471786183618	0.23851548795847372	0.23858511735212673	0.23861714687320712	0.23865335415790673	0.23872298355155974	0.23883578316927767	0.238980612308076	0.23943877371831296	0.42037075312572614	12.11095655551968	12.147180551273735	12.224374482253236	12.59221125045562	13.809856664550955	14.855346188014904	16.691158573786144	18.745777151348427	20.210987089401385	21.547520515395657	22.798125699270592	24.158482126009318	25.28285896730641	27.201776819578292	29.888181878215015	32.122357950954	34.2451645937207	37.1903542568083	38.72371605278097	39.607640316388164	42.253692356227205	45.550046725500906	49.316122376945856	52.43400686217171	54.1564263877911	56.626472031529744	57.487106655547876	58.876885678868625	68.58122757567969	74.51442062342426	75.26634426771977	78.28651364706872	81.39335212528545	82.31975171160886	83.77304109746842	85.0658779011818	85.47306223973752	85.72149016817643	85.96595200635286
GB23_28_R1 - illumina_small_rna_3'_adapter	15.673564170496894	15.685527427398116	15.692842163988617	15.702712024513914	15.716890185043395	15.749106965090792	15.813314868859827	16.02331411725068	16.670121522874695	17.522965304645588	18.819303614163786	21.43529053165151	23.29316940037733	24.9406844989553	26.790637623193167	28.290231528597687	29.926758899928885	31.404123921427857	33.8441197346351	36.42335591574548	38.577101472268666	41.051782398563574	44.0880611660565	45.17997741006597	46.26628001901762	49.76018460770429	52.07667177054987	57.22767664420576	59.069316936566096	61.00999952612172	62.74641974541453	63.30291948946819	65.09982601897283	74.60415280543755	75.15112290927244	76.25540164829795	79.51133254747072	81.32414437630588	81.91832872676196	83.36071875358554	84.28918170593752	84.55298610147973	84.76974115310036	85.00545827935663	85.3484263856123	86.05624779008684	86.47494963090436	86.61965261770885	86.83870762803437	86.9710498556407	87.09054876667535	87.25696162783613	87.37714618693752	87.67719098839727	87.80478748989103	87.90107330827622	87.98434743575434	88.0577274012567	88.27356594103114	88.45319705542796	88.88390207695818	89.05218094235124	89.22517776077062	89.94677461602407	90.11076080377396	90.21504700681638	90.35289351295346	90.46526689154766	90.57927888223048	90.65448319233573	90.90146056924759	90.99987450036652	91.10019783116498	91.182998080359
GB23_28_R1 - polyg	0	0	0.00003471635780969638	0.00009026253030521059	0.00015275197436266408	0.00017358178904848193	0.00018052506061042118	0.00018399669639139083	0.00018399669639139083	0.00019093996795333011	0.00020309069318672385	0.0002082981468581783	0.0002082981468581783	0.00021350560052963276	0.000220448872091572	0.0003020323129443585	0.0005381035460502939	0.0007377226034560482	0.0008384000411041676	0.0009477565682047113	0.0010380190985099218	0.001074471274210103	0.0011039801783483448	0.001161262168734344	0.0012636754242729485	0.03360022690611464	4.17689685405573	4.179422469086385	4.180038684437507	4.182651090362687	4.196601858748513	4.211715625120965	4.22444437771189	4.227855259866693	4.228733583719277	4.229353270706181	4.380426709168747	4.523373048268061	5.160272405373189	13.435318999064915	15.75103545876712	15.86166086874561	16.01763104947723	16.69278609707076	17.83368365031393	19.299059377643324	21.721565089786047	23.470941453813445	24.888356532828745	26.912252496236313	28.392552785788098	29.831091032712703	31.518122025567557	33.70377538655362	35.73308710177951	38.38460794730335	40.440694653489956	43.44284376962017	45.51425948359765	46.61577306472361	48.598741913909336	51.7443772085028	55.72234065321952	59.38646128006502	61.574451051931675	63.50273295847768	64.34313613342746	65.61914107217652	70.17341862216678	77.4454662432891	78.78371587577307	81.46670362801561	84.45992716855295	85.74819913233407
GB23_28_R2 - illumina_small_rna_5'_adapter	15.090936895555664	15.102605063415503	15.10971497349493	15.119268915164158	15.133075610665074	15.164341162508485	15.226941698910931	15.430782265426343	16.061391018496355	16.883430975982705	18.13225474238466	20.65693069556132	22.45553485496287	24.044115464523095	25.837477453895374	27.286508719967962	28.86614292412063	30.287138995444	32.64541250236722	35.142666004510005	37.232127281276966	39.634488826800606	42.56446784249813	43.60833838311688	44.66247455073996	48.08981399496231	50.350110996875	55.35185809758178	57.16563504116405	59.054749952829155	60.744612064663386	61.26231454304681	63.01865327263294	74.11137146450781	74.825792448602	75.89091460765394	79.08903062034834	80.93818353253869	81.65331273033217	83.12771123905631	84.03559780613449	84.29172294332919	84.50063209808482	84.72998745177247	85.06406296297519	85.74984642351214	86.1562621453008	86.2980420147777	86.5116830091028	86.64050499802724	86.75616427988814	86.91620668939083	87.03101715630328	87.32210687326602	87.44500798736601	87.5381415604621	87.61814193539877	87.68944065525042	87.90010819352912	88.07461517351322	88.48614114317147	88.64546839570329	88.80861271177629	89.46961737192657	89.62520740854018	89.72620250086227	89.86022673600449	89.96887852104149	90.07989969749902	90.15287174579711	90.39416258329973	90.49000750394075	90.58666999480816	90.66437041103994
GB23_28_R2 - polyg	0.13847660803131692	0.14796806025648793	0.14963444543135335	0.15004062681772679	0.15074189724548268	0.15164799418431574	0.15302970522514164	0.15358863858587776	0.15457805478345413	0.15578965567101252	0.15651696336712567	0.15696654020076123	0.15723038452011492	0.15754803919407365	0.15766433899273613	0.1577250926189031	0.15781361933131782	0.15795942803411855	0.1580305965676284	0.1580913501937954	0.1581260665516051	0.15816251872730527	0.15823195144292465	0.15830832743010598	0.15835519451314908	0.1583968541425207	0.15847323012970205	0.15853051212008806	0.1585478702989929	0.15858952992836453	0.1586259821040647	0.15865549100820295	0.1587301311774938	0.15909465293449562	0.3864329862334019	15.462051288905538	15.4918483388136	15.548189515902955	15.84354240160473	16.922292466914875	18.083172755713314	20.28087616449513	22.497699607340635	24.125211140548654	25.900885145616897	27.4120118250858	29.017945406097198	30.395742177580072	32.49332361043872	35.05115368532364	37.49934082315609	39.638802334258465	42.82878777595381	44.45162648740065	45.44625534610212	48.04909865052309	50.76245453675968	54.723516322676744	58.253168345000056	59.993367439840455	62.21341082487281	63.013812076536375	64.43445404101008	72.15543450733063	76.84791961357917	77.49369247174045	80.18778772266421	83.15099897187505	84.00626248378529	85.3419847654207	86.54008272560901	86.87899248963673	87.10747993437914	87.36004143744468
GB23_32_R1 - illumina_small_rna_3'_adapter	24.257360178995263	24.277906161352725	24.291098987964972	24.304305418935677	24.32551121267823	24.368691446416072	24.449555753075725	24.661290586987935	25.23651687338376	25.952497253450083	26.968894178565776	29.22791660609893	30.883835716216076	32.33455348556928	33.69052029936935	34.9850090173089	36.26913971682936	37.284337757856164	39.31499912489964	41.66447012962436	43.395619641455774	45.38587776443114	47.8168439779389	48.76535855545113	49.63395092812675	52.444958296179266	54.28740676508014	57.51901498186777	58.49712244011039	60.0467762057866	61.53972700542018	62.0947627233232	63.90271053918086	75.22651937046376	75.85690622876231	77.04372155116079	79.7381565726975	81.43432757839494	82.18714686061404	83.71528023175841	84.65880881189668	84.94848641649023	85.1531350801919	85.3739763315453	85.64845446665439	86.09371831672456	86.328344184283	86.41248884187524	86.55874929963062	86.63207849225071	86.69223866588587	86.7752031453821	86.84541013773665	87.07262503102643	87.14664294429335	87.20791867532185	87.26556884482196	87.31489314694727	87.45959930674911	87.57133190274435	87.90412682091787	88.03436814659186	88.15539421995703	88.57208381563618	88.71262704175062	88.78817204425417	88.9129597227323	89.00082687290693	89.08672309165033	89.13721566805802	89.3511493064056	89.42467236113367	89.55592891205741	89.62818336035953
GB23_32_R1 - polyg	0	0	0.0000782250611192809	0.00014624685339691647	0.0001598512118524436	0.0001598512118524436	0.00016665339108020715	0.00018705992876349783	0.00022787300413007916	0.00025168063142725163	0.0002856915275660694	0.0003197024237048872	0.0003792214919478183	0.0004200345673143997	0.00045574600826015833	0.0005237678005377939	0.0007346353565984642	0.0009523050918868979	0.001044134511461706	0.00116657373756145	0.0012107879025419132	0.0012533015227154355	0.001294114598082017	0.0013451309422902436	0.0014539658099344604	0.0652992200417232	5.960751357834011	5.964319100838974	5.9651166563534295	5.968386804017177	5.983108420410863	5.997097101992759	6.008963503655593	6.012703001686056	6.013750537287132	6.01494091865199	6.187888026062685	6.326555551255067	7.446610885622649	20.976951427882852	24.507767102362116	24.652435850178193	24.863017714711297	25.5800711385508	26.58676305445328	27.89899355636364	30.098090485445002	31.588669025072903	32.85485557579052	34.433529138597194	35.679487708836255	36.76514612339385	38.04302391965919	40.01287550495127	41.88759011101905	43.97912077888218	45.8475518718883	48.1903516393354	49.665706901851564	50.713455071028015	52.65525616972961	55.0307131996492	57.84996140783615	59.659159124126916	61.4104685946446	62.855464030722445	63.71577985182269	65.40238529298108	72.686135002443	79.34147898830645	80.6831833328107	83.54775786228186	86.10821716174854	87.54588324970848
GB23_32_R2 - illumina_small_rna_5'_adapter	23.323723667998966	23.343946546843107	23.356826473210877	23.369685993040964	23.390524469105216	23.43282722172268	23.511892351976588	23.716896429542924	24.278593181454728	24.96818620775175	25.94675281309224	28.124985757937242	29.72431413796901	31.120185936208756	32.43005438138227	33.68155842823677	34.9210141151341	35.89839544074414	37.86168292308143	40.13557151331686	41.81694607864911	43.74871736407937	46.09477197428694	46.99946011103469	47.843998277416134	50.614780958605266	52.4202952948442	55.56828432238493	56.53479576558901	58.04848640968804	59.50410004754043	60.01958279377881	61.79156918860409	75.10367711524476	75.91152262632684	77.05722897856232	79.92640688282586	81.89032356674173	82.80509933528424	84.41571423119967	85.34105718517253	85.62411796992225	85.8226548755878	86.03732825092641	86.30521337381899	86.738235001824	86.96630356860689	87.04893814241055	87.19236889360718	87.26417609862507	87.322276912499	87.4023640701819	87.47098275368677	87.69406022146127	87.7657058747225	87.82533547837788	87.88158609950187	87.92998530525222	88.07194168410122	88.18092960077806	88.49900630364752	88.62308655548595	88.73793965120194	89.1216318754472	89.25374890204324	89.32721923988231	89.44872316633824	89.53363987127284	89.61682542159397	89.6660783008374	89.8761925155486	89.9482258930258	90.07610346141814	90.14419157494325
GB23_32_R2 - polyg	0.19602520098569018	0.20506529717938796	0.20676924307594272	0.20709914876848926	0.20765692746516587	0.2085820238401417	0.21036079370820188	0.2109015669568091	0.21187767967599316	0.2131105746610253	0.21386221546569317	0.21437748054219624	0.21467337533860398	0.21504579465132403	0.21514272570531967	0.21521754967682505	0.21528217037948882	0.2155151450180397	0.21558996898954513	0.21567159514027828	0.2157260125741004	0.21576682564946698	0.2158178419936752	0.21590797086844304	0.21593688013016105	0.2159810942951415	0.21607462425952328	0.21615454986544952	0.21617325585832584	0.21621236838888547	0.2163007967188464	0.21636201633189628	0.21646404902031274	0.21705073697870736	0.5729050427343508	23.988835651255265	24.040261826761963	24.11735942667424	24.41707194617354	25.37747163134148	26.370707136186635	28.194706394477013	30.198293387649187	31.628995744624696	33.012926317230104	34.29456911969801	35.593118738636534	36.59850463612729	38.16016084705089	40.640090847184894	42.58822987638196	44.40685881417201	46.89011337940359	48.30516392197602	49.12874457415671	51.24091475434168	53.46696871970266	56.05196177909909	58.16100805847371	59.428568649395345	61.34100814146029	62.11194672859733	63.5268119117858	72.54504760199035	78.27329877327459	78.96326421888433	81.54591392753679	84.40147386898636	85.43634551288466	87.01541700317614	88.21873271183635	88.59692197308637	88.81608818780491	89.05403351882649
GB23_33_R1 - illumina_small_rna_3'_adapter	18.552771090757595	18.570132976216936	18.580734946508116	18.59379731573567	18.61393796833547	18.658586790742483	18.742447448459664	19.0048539405499	19.89022664323353	20.83553138759669	21.972079603054816	24.25701902206746	25.932542970357417	27.34859219589276	28.59014164510495	29.884538670717546	31.136928093635614	32.321631818175774	34.5081800073608	36.75031899412215	38.38912241557269	40.59751437270167	42.84357577937541	43.683465102223856	44.564971022156975	47.944672057104	51.09937022750994	55.21119913013152	56.82238333713984	58.748803066918185	60.54316335654917	61.108542013645504	62.97393395875067	73.86021478355428	74.411492511068	75.81587802380633	79.24303446688177	81.1624516416471	81.73714488692782	83.0789617747043	83.96285236521456	84.22460048422258	84.41338355638118	84.6012347060783	84.94393180466523	85.80998295741003	86.37069736576893	86.51299558917853	86.67418726547584	86.80981984779712	86.92356847977976	87.0741751860298	87.19832951276034	87.45114323085679	87.62023383866403	87.74430161869832	87.81375225148912	87.88202059459002	88.08031916690645	88.27423940367842	88.680753872416	88.87824106945504	89.08272309412351	89.94338207859633	90.11651874445349	90.24841281859192	90.37336461130937	90.48380283216028	90.58508719440555	90.64510114635118	90.90529606125676	90.99616700137057	91.16054390518538	91.2385394787546
GB23_33_R1 - polyg	0	0	0.00005254620844023782	0.00011745623063111984	0.00013291099781942507	0.00014527481157006926	0.00015763862532071346	0.00015763862532071346	0.00016382053219603557	0.00017000243907135766	0.00017154791579018818	0.0001730933925090187	0.00017463886922784922	0.00018082077610317133	0.0001854572062596629	0.0002163667406362734	0.00030136796017195223	0.000380187272832309	0.00042500609767839414	0.000480643259556293	0.0005270075611212087	0.0005362804214341919	0.0005455532817471751	0.0005610080489354802	0.00076655645253994	0.04671357930337142	4.994518657721324	4.998703808675916	4.999533729673929	5.003154781626149	5.021899868748844	5.03782909728983	5.0497926325702975	5.053242136606727	5.0540751485581765	5.054795340709152	5.272281006489859	5.454719896717645	6.253739087736621	15.84524888156168	18.58486600577755	18.732063390385843	18.93170343649421	19.772552500385057	21.044108925570058	22.37644585915323	24.506429600429048	26.098289166545115	27.317325656394097	28.761834835706708	29.950861258629438	31.088846767436074	32.42053923722749	34.370756217522384	36.24723695808515	38.30156034111391	40.10077960954891	42.49768881684082	44.01214318149427	44.86316457314845	46.71111890443504	50.42998716914319	54.13822719045592	57.13967898037606	59.254362502135464	61.152708647316246	62.037767618225956	63.42419005506132	68.87855294665691	76.80692578809345	78.42323634137813	81.62420763022257	84.58345245095144	85.88060506155371
GB23_33_R2 - illumina_small_rna_5'_adapter	17.847412425329907	17.864421942097355	17.874702453231016	17.887344452791048	17.90684836898269	17.95058845107903	18.032189621833282	18.285947626204944	19.146475245156655	20.056892398068932	21.1472123139134	23.345023937425253	24.95751098130755	26.317754588002643	27.513400287712127	28.760366632823818	29.962449243067233	31.09695433830306	33.2103690236763	35.37986442274574	36.969161588461986	39.109895665794	41.27674057229065	42.06435105417121	42.9201077864919	46.234816888981946	49.31089511322425	53.30063908244182	54.88042538443038	56.75246442490323	58.49989013206006	59.02769052273803	60.85666949087083	73.6619285750516	74.39248314742639	75.74000902620223	79.08324144701501	81.02728579329491	81.72345196319898	83.10467387087547	83.96689687778775	84.21986205260265	84.40147256730916	84.5838434565613	84.9163280449902	85.75356069335896	86.29744022381965	86.43659185662972	86.59350874432272	86.72460071604408	86.83279181374583	86.9757855016789	87.09417520024819	87.33612421701127	87.49751216885187	87.61557577183348	87.68174999398036	87.74761202983004	87.94049216077025	88.1285086764763	88.51453785130579	88.69959323361854	88.88968687003472	89.66907387029438	89.83228084823304	89.96042250489816	90.08210715983199	90.18814386298769	90.28570826277073	90.34362191185546	90.59755610057307	90.68529745033123	90.84445373378983	90.91712359458597
GB23_33_R2 - polyg	0.11958898850310597	0.1271092782169353	0.12863620921513985	0.12898857790703322	0.12955731333956283	0.13015077639959377	0.13150152305185164	0.13195280225375014	0.13286772447129783	0.13421074373996156	0.13495102708828138	0.1354548524986201	0.13565421899534927	0.1359045862237998	0.13602358793114977	0.1361116801041231	0.13617659012631397	0.13626159134584964	0.13632650136804053	0.13638522948335607	0.136431593784921	0.13647023070289177	0.1364918673769554	0.1365583228758651	0.13658923241024173	0.13660159622399237	0.13663868766524428	0.13667577910649623	0.13669123387368454	0.13671287054774817	0.13675614389587543	0.13680405367415915	0.1368705091730689	0.13732797028184274	0.4073366623520048	18.25391762120718	18.291352158290692	18.367480795983568	18.7534234241168	20.110317982762183	21.2222189355084	23.133803634262687	25.1544819891225	26.537441012630964	27.843412113390883	29.010111034156672	30.35977585271137	31.362255508287667	33.179762402736586	35.60933371500426	37.40952972472556	39.294029943982345	41.7907352194393	43.03861648676854	43.76036647827614	46.20031721218749	49.57520254167865	53.09012351666304	56.047402491005556	57.63438762355043	59.97448047022798	60.77309474634663	62.2637595878671	71.0747742746251	76.40907217088818	77.16769878238381	80.26066133977933	83.25419101603873	84.10193136061885	85.4252473465942	86.51110856210485	86.85593687308702	87.06018243981751	87.26553611335541
GB23_36_R1 - illumina_small_rna_3'_adapter	31.37367844992236	31.393886076810833	31.405848941979478	31.419588130290336	31.439842584678168	31.491530778466593	31.587733193142206	31.864255820502077	32.71573897227999	33.669267049736426	34.97946145878275	37.72772681211496	39.6039392541191	41.26746743771786	42.72485472548783	44.133708432009286	45.42902106176048	46.720161361319114	49.07092212087363	51.474594832866416	53.0692928360794	54.763388450340685	57.061204478207415	57.81511785232854	58.564253260598775	60.899105157705655	62.87012923765455	65.9968325879436	66.92123708263429	68.27153144029525	69.77668589924096	70.27355844665067	71.47119671732986	78.24412174400592	78.72784044684673	79.97869817054325	82.81078786955482	84.5157287326668	85.1164553081468	86.59399715163931	87.40571283004803	87.62141277941188	87.79457150652806	87.99494169351965	88.31500921253004	88.94118497299303	89.28833751763055	89.38918990299214	89.5530674197361	89.64167285309964	89.72929646989336	89.84792769584354	89.92621859201573	90.12494045102999	90.22598639005558	90.30229648300505	90.36596939479516	90.42414787999422	90.62543120322323	90.7612371950203	91.11981564950054	91.24867244039328	91.37979256042152	91.93288932539056	92.08567809028716	92.17891944608687	92.29500013423883	92.37552782396358	92.4456488824149	92.48871145082208	92.71139338033981	92.78161902020638	92.89523658189225	92.95562688597752
GB23_36_R1 - polyg	0	0	0.00009053316542032675	0.00011550783174317552	0.00012175149832388771	0.0001373606647756682	0.00014048249806602428	0.00014672616464673648	0.00016857899767922912	0.00019823641393761202	0.0002044800805183242	0.0002107237470990364	0.00021228466374421446	0.00021384558038939252	0.00021540649703457056	0.0002450639132929535	0.00033871891200363635	0.00038554641135897776	0.00041520382761736066	0.0004526658271016338	0.00047607957677930446	0.0004776404934244825	0.0004948105765214411	0.0005197852428442899	0.0009037707375580895	0.19071903937443455	8.506419737978288	8.511316333494213	8.512380878646223	8.516676521253753	8.537435151717975	8.55627697654192	8.57240124548661	8.577578805998666	8.578944608063196	8.580280752711468	8.967669045711755	9.240948088282948	10.632842435454535	26.99586294652362	31.498172478791826	31.710063791541458	31.981396371056107	32.94027839260551	34.29990390997132	35.97357492993045	38.52126717710722	40.26224024005649	41.68919745782871	43.3647915270947	44.67610979612556	45.82722338527856	47.310749783188676	49.47770324227362	51.454741534056396	53.532241982039466	55.089829192013354	57.27310515645692	58.610941838372696	59.4171287500242	60.92681923274079	63.33998856160282	66.08261900584594	67.8837919410498	69.43203550398565	70.87114445784059	71.60080899187886	72.66437232732048	76.64754595806878	81.12018870857874	82.31423218822407	85.15663954626027	87.49380940458522	88.73650353422747
GB23_36_R2 - illumina_small_rna_5'_adapter	30.207152369814867	30.226760604711597	30.23845187038398	30.251650981535605	30.271309165764976	30.32183603756939	30.41536616294846	30.68338803825869	31.513205667001536	32.430710910120546	33.68874728946824	36.33144941100371	38.134729583678556	39.72903735773025	41.130990251763365	42.48672752576606	43.72571603929264	44.965018297064915	47.23137873269802	49.54985661419697	51.09157242372268	52.731775829892555	54.957349513587154	55.67320149623226	56.40355907726101	58.69298049540997	60.61984468255014	63.65989686711542	64.56782120386633	65.8811405680363	67.34527257663008	67.80933153432487	68.97862043689432	76.9311426596646	77.55381260134251	78.758958881085	81.52887102645255	83.25621416525613	83.98304251375012	85.5140847752561	86.30621251068447	86.51547367888698	86.68223733050786	86.87621244200415	87.18794934887924	87.79697687907829	88.13455320009766	88.23335922373741	88.39360917019798	88.48007770867426	88.56369133060652	88.67738225537471	88.75307422533268	88.94532140210273	89.0422855441012	89.11552219217631	89.17710971932846	89.23364768113345	89.42958486485271	89.56096253612742	89.8996689607979	90.02125031920745	90.14370735185497	90.64933820256078	90.79172970168386	90.88234091293643	90.99509528771752	91.0722592020719	91.1398874766409	91.18124240223824	91.3993508459856	91.46777518804362	91.57711271628841	91.63326200984876
GB23_36_R2 - polyg	0.15657242684451958	0.16477348289828506	0.1669525225349536	0.16743952852824917	0.16799521485393254	0.16867889634452052	0.16993699516053404	0.1704583413200235	0.1711826066433861	0.1722221771290747	0.17288868853656572	0.17336476811334503	0.17355988269399228	0.1737862156075431	0.17388923610612483	0.17395947735515788	0.17402971860419086	0.17412493451954675	0.17417488385219243	0.17424668601787063	0.17429039168393562	0.1743340973500006	0.17436999843283968	0.17444648334845342	0.17447457984806664	0.17450111543103464	0.1745401383471641	0.17459789226303568	0.17461974509606817	0.17467281626200423	0.17475554484419867	0.17488510092574844	0.17502714434045963	0.17586535657892027	0.6337602544419005	30.801527575465638	30.85509511289486	30.945359800652213	31.345304107146312	32.68917529281235	33.95001663937144	36.22674936611175	38.52274068242027	40.16825120518374	41.68574939295952	43.040261347395735	44.407886562568095	45.54322552810493	47.44526645783684	50.05698438396551	52.02272007832055	53.47434602275317	55.808105278208416	57.03579431614057	57.695802944887774	59.45300017544703	61.593046553402395	64.15413926997802	66.1656691368693	67.25064512684946	69.10268053093642	69.8140604873931	70.79041697078526	76.23261060811438	79.75454897937904	80.41598428593994	83.00682183010608	85.60584794299282	86.42940317415523	87.87332443402724	88.94323445654814	89.23191194182402	89.41440026772842	89.63013924000842
GB23_40_R1 - illumina_small_rna_3'_adapter	12.037986647485004	12.051779362472304	12.06029109526344	12.070291427062887	12.08304812076235	12.117092325555076	12.185199819743202	12.498140955221988	13.510947187097239	14.69249674941505	16.209328701009518	19.19852820634752	21.280433432047076	23.293834476460137	25.218689780410653	26.943055880561793	28.67699699851001	30.385991814395805	33.75894996297996	36.829913358902886	38.77588304933673	41.42372853537698	44.27174696608664	45.33531278832234	46.392215357854155	49.841644146153925	52.89455759750807	57.665742344831884	59.20748106609753	61.387587478025104	63.512614363459114	64.16155492400061	66.49353796716755	74.25388132425223	74.83514379416569	76.31253877752705	79.83781931914153	81.80640562692606	82.50998540491379	83.87287140906501	84.84303309627258	85.1436782948878	85.37231319806875	85.63852704709423	86.03944683769906	87.01472728798008	87.46266881319372	87.60707791204523	87.85672496276662	87.97539574854488	88.09588229794866	88.28264149331235	88.40782694453085	88.66604434503729	88.79731642132182	88.9056556211257	88.9872532030302	89.0720883514592	89.33420991639773	89.54215711028363	90.01122801702553	90.20197316797561	90.38470005943218	90.96478064716597	91.11550674950146	91.21933925670325	91.35235212138855	91.45062691965543	91.52301345439952	91.57767720919203	91.70494151891572	91.78454612302704	91.94042643126954	92.00516140352858
GB23_40_R1 - polyg	0	0	0.00007088566706261765	0.00012268673145453054	0.0001799405394666448	0.0001935723985171482	0.00019902514213734955	0.00020993062937775224	0.0002153833729979536	0.00022628886023835632	0.00023174160385855768	0.0002494630206242121	0.0002671844373898665	0.00027945311053531954	0.00028490585415552095	0.0003067168286363264	0.00037896568160399437	0.0004948364835332731	0.0005766276378362936	0.0006625083498544649	0.0007224885296766798	0.0007320308310120322	0.0007483890618726363	0.0007647472927332403	0.0007920110108342471	0.016003802525290982	2.6605803687652343	2.662959128169547	2.6635398453650985	2.6667733223318777	2.6874542156973966	2.7056582002734384	2.718586655396936	2.721895107588493	2.7227307405482892	2.723464134565206	2.7817171578457227	2.8397534345673354	3.437904414658469	10.43901865555354	12.202013354696092	12.290726767024958	12.562645549063063	13.80225319907697	15.367626837564377	17.391970175237276	20.197495374914702	22.04050908668371	23.84009851144734	25.96146524272629	27.649667384002353	29.098014238912995	31.29091551374537	34.52638682150386	36.993088074923314	39.320662574873325	41.810970118610534	44.63154625386562	46.15251683786782	47.414411214243394	49.87755455245066	53.480400372062505	57.67908929802823	60.32022518304383	62.82931197580901	64.79675729699102	65.89707188485507	67.87627877402585	73.35915425547243	77.78864418702224	79.25336017828073	82.87277961212617	85.48612558928141	86.7781204736264
GB23_40_R2 - illumina_small_rna_5'_adapter	11.567373977484477	11.581000383791359	11.589315817812167	11.599057144289656	11.611494852487336	11.644718419365223	11.711053771876783	12.014215411672737	13.000177786705736	14.136457308302731	15.59237120817231	18.474287982782855	20.49039767758925	22.436655000249054	24.300558172827053	25.97019372207633	27.643379007422357	29.288385876925087	32.551030932514855	35.52630276746096	37.417498285043976	39.99489841306894	42.75892550742482	43.76601862717201	44.79676438555772	48.17894176041773	51.160534688405555	55.79889196432717	57.31684581792149	59.4421685146969	61.506747647543264	62.108197537524624	64.39815083286706	73.53970004948093	74.29407077110491	75.7098183982822	79.1573196417122	81.15586604931794	81.99896926787348	83.40765968162029	84.35312725615788	84.64500444303182	84.86605457983707	85.12489768267393	85.51927418093452	86.47232652184779	86.90681476536449	87.04819486513497	87.2919679477915	87.4069799426006	87.52286982913256	87.70216012892249	87.821875115104	88.07104096120092	88.19757051372179	88.30236543017253	88.38122573477969	88.46352126786758	88.71840567883618	88.92121229867413	89.37098867211597	89.55142132169433	89.7225638593298	90.24982099324288	90.39320633947969	90.49423613646069	90.62360247884996	90.71869696440038	90.78838302786656	90.84114922787924	90.96485153283302	91.04173658106377	91.19255810641263	91.25357430752268
GB23_40_R2 - polyg	0.1493915433344667	0.15733619078910005	0.15901018308050188	0.15935370592857456	0.16004347799653004	0.16093227520662287	0.16218367986745907	0.1627180487422388	0.16328513407873974	0.1642311850968447	0.16484325556821228	0.16529447010278395	0.1655834655146546	0.1657811274708869	0.16592289880501215	0.16601559544655559	0.16609329704314346	0.1661982623578323	0.16628823262756565	0.16635366555100806	0.16637956608320403	0.16641091935902017	0.1664436358207414	0.16650361600056357	0.16655541706495552	0.16657313848172117	0.16670945707222617	0.16683759654730093	0.1668771289385474	0.1669425618619898	0.16704480080486858	0.16714158700412715	0.1672888110818726	0.16776728933454527	0.34630102094717813	11.955579333152901	11.984909641085965	12.044618546913075	12.466759052501825	14.064992287230467	15.487758958632842	18.050492569505373	20.56047770178198	22.443665865358728	24.466408822779098	26.091124670085154	27.90853775055732	29.371439341376185	32.11336237628168	35.671690633792295	37.93489276893402	40.09437281493227	43.314104778231055	44.87698242332631	45.78480834546774	48.288168394245794	51.75281033724592	55.574601534625614	58.74482258585297	60.53131315725497	63.254571450748514	64.23185578430997	66.00123973578948	72.6418349267477	76.6976715121655	77.48925993536918	80.67155472415756	83.82119166821866	84.77074198454186	86.12463777764927	87.33626603696203	87.7222998374837	87.96493329672361	88.24680333586858
GB23_42_R1 - illumina_small_rna_3'_adapter	13.791508551922762	13.808270000633101	13.818393251834394	13.827997452485777	13.841729340843584	13.869306108155092	13.922743598102903	14.107232524512515	14.636907721392449	15.352733159537319	16.339559480032815	18.51317722811541	19.90100717345515	21.27564017028954	22.4048575928321	23.54947881145616	24.657499904399362	25.826472361917634	27.83809160860863	30.86280219290736	33.09425347130944	35.07806643854101	37.556601668002486	38.735298378680284	39.645861343378385	42.37907384503926	44.4652916017162	48.566200536910124	49.93043310248766	51.6320379326379	53.45125008381607	54.133346063607135	56.46902057385734	69.3027625741673	70.0498228501659	71.21467997832417	74.19743750746136	76.95337877367845	77.52724388642312	78.88744939654372	79.77252062352025	80.05386014539559	80.29824997693402	80.5577028672882	80.9923247253684	81.7707257679044	82.26582231148322	82.43386227879928	82.63323948169659	82.79396154245016	82.91065081488641	83.0552187513826	83.17945544252926	83.44190611463087	83.62792041408511	83.77609345678168	83.86529247033141	83.9669239803861	84.1981027395947	84.39230532629549	84.77368566249264	84.95101557536523	85.14862730020164	85.99809060016756	86.20219398783394	86.32576509375164	86.4607535462893	86.58195008421507	86.70277234079192	86.7670887065511	87.03083700502748	87.13929561874374	87.42041975229566	87.53726968323545
GB23_42_R1 - illumina_universal_adapter	0	0	0	0	0	0	0	0	0	0	0.000003530956121832251	0.000003530956121832251	0.000003530956121832251	0.000003530956121832251	0.000003530956121832251	0.000014123824487329004	0.00003177860509649026	0.0000617917321320644	0.00009710129335038691	0.00014300372293420618	0.00018714067445710933	0.00027188362138108336	0.0003407372657568122	0.00041488734431528956	0.0004908029009346829	0.0005596565453104118	0.0006514614044780503	0.000785637737107676	0.000912752157493637	0.0010416320559405142	0.0012128834278493784	0.001361183584966333	0.0015695099961544356	0.0017937257098907837	0.0021115117608556866	0.002443421636307918	0.0028618399367450397	0.003357939271862471	0.0039387815539038765	0.004957462395052481	0.006115616003013459	0.0072437564839388634	0.008576692419930539	0.010358059783394909	0.013089254343632156	0.016743793929728537	0.021205156989663583	0.02657397577290952	0.032647220302461	0.039762096887952986	0.0449208237819499	0.050136045973896134	0.05620929050344761	0.0642563395051033	0.07370164713100458	0.08464761110868456	0.09686471929022415	0.11093557943572567	0.12279429557089928	0.13578468314312014	0.1491617104106816	0.16058964989899172	0.16971717147392806	0.17661489425792737	0.18339962644602803	0.18955055201025983	0.19656126539015778	0.20301761865892803	0.20875542235690545	0.21549425211542228	0.22240609872390893	0.2272964729526466	0.23295836109400458	0.23905279136028706
GB23_42_R1 - polya	0.05585619489126438	0.05767463729400799	0.05973671566915803	0.06213070391976029	0.06345128150932555	0.0649554688172261	0.06637844413432449	0.06801680777485465	0.0697187286255778	0.07062794982694962	0.07457026233697531	0.07691834815799375	0.07799175881903077	0.0799002406028811	0.08212827391575725	0.08351240871551549	0.08425214402303935	0.08458935033267434	0.08510133897034	0.08543677980191407	0.08570866342329515	0.08601409112783365	0.08642368203796619	0.0874882653086986	0.08902776217781747	0.08978338678788957	0.09086915579535298	0.09172188169877547	0.09206791539871503	0.09230978589306055	0.09266464698330468	0.09297890207814775	0.09350324906223985	0.09366390756578322	0.09396227335807804	0.0940999806468295	0.0942323915013982	0.09435774044372325	0.09451663346920569	0.09471789796815014	0.09493858272576466	0.09507982097063794	0.09533404981140987	0.09554061074453706	0.09568537994553217	0.09594137426436503	0.09634213778419298	0.09644983194590886	0.09655752610762475	0.09670052983055896	0.09681352042645758	0.09703243970601118	0.0972319387268947	0.09737670792788983	0.09749146400184938	0.09759562720744341	0.09773156901813396	0.09799992168339322	0.09838656137873385	0.09852426866748532	0.09858606039961737	0.09868316169296776	0.09888972262609494	0.0990503811296383	0.09918808841838977	0.09948998516680643	0.09961356863107056	0.09972126279278644	0.0998819212963298	0.10012379179067532	0.10019087995699014	0.10026679551360952	0.10028445029421867	0.10036742776308175
GB23_42_R1 - polyg	0	0	0.00007061912243664502	0.00012711442038596104	0.00015536206936061906	0.0001659549377261158	0.0001800787622134448	0.00018360971833527705	0.00019420258670077383	0.00021715380149268346	0.00024187049434550923	0.00025422884077192214	0.0002595252749546705	0.00026658718719833495	0.0002754145775029156	0.00034779917800047675	0.0006532268825389664	0.0010416320559405142	0.001320577589565262	0.001445926531890307	0.001518311132387868	0.0015871647767635969	0.0016401291185910807	0.0017072172849058936	0.0017778364073425387	0.026245596853579124	2.9760928494572267	2.9783332411165295	2.978908786964388	2.9811509441017514	2.9923511369202034	3.0036325417294574	3.011723727682636	3.0141318397577255	3.014945725143808	3.016042087019637	3.099536840954543	3.1782189016953923	3.94087011444994	12.078853594589248	14.113650037263945	14.201547893482777	14.398970712166662	15.130454175233796	16.118385684995424	17.535259509915296	19.52077086704146	20.80158812519683	21.936576895520528	23.336228481956162	24.424031320145755	25.423607923197185	26.837556350970118	29.015270008154037	31.394636569455795	33.997945195394465	35.95148374483743	38.38680889875799	39.932161858604914	41.08350425220688	43.08445824593187	45.73957306009006	49.34576149853213	51.54733912266545	53.63734736073918	55.293807151393736	56.43802231006378	59.00752379661397	68.13387132863983	74.60978609432505	76.1383564197249	79.4218242960218	82.47879722640572	83.80085781754215
GB23_42_R2 - illumina_small_rna_5'_adapter	13.488785559773596	13.50542342501967	13.515560800045451	13.525129691135616	13.538667376906721	13.565866331913195	13.618805957047826	13.800519551945678	14.324227432979717	15.023612739421335	15.98625377596034	18.114625852297777	19.475203878289214	20.81712080117677	21.920775866875328	23.03886901215606	24.11906970181535	25.261845995865745	27.234442880976307	30.20248691595382	32.40096965704635	34.357947357751996	36.79516510415385	37.94534404771367	38.84252998514421	41.56643841742405	43.637079361169526	47.6914326398971	49.05555927679098	50.74134895447153	52.54054941182922	53.17706251356549	55.49630218854663	70.68465521678817	71.65868888325426	72.81684425669332	75.80745992867963	78.66505212521011	79.37835822616205	80.80216508342713	81.67993958957791	81.95737740493863	82.19686626937997	82.45283234056382	82.88252145294183	83.65030844137559	84.14013150198646	84.3075306007664	84.50540538183388	84.66443788008314	84.77864665584381	84.92026271302214	85.0415139807678	85.30035954666903	85.48089556770023	85.62550764114795	85.71319363999946	85.81348515220593	86.04279427014802	86.23479707118489	86.60483421084066	86.77503512330328	86.96368351602442	87.74925593044384	87.9439193069185	88.06544598924167	88.199323956079	88.3177769410981	88.43703321863492	88.50021967843512	88.76142215754766	88.86806056338311	89.14621692831463	89.2578692918431
GB23_42_R2 - illumina_universal_adapter	0	0	0	0	0	0	0	0	0	0	0.000003530956121832251	0.000003530956121832251	0.000003530956121832251	0.000003530956121832251	0.000014123824487329004	0.00003177860509649026	0.000051198863766567644	0.00008474294692397403	0.0001306453765077933	0.00018184424027436094	0.00023833953822367695	0.0003248479632085671	0.000407825432071625	0.0004890374228737668	0.0005843732381632376	0.000662054272843547	0.0007715139126203468	0.0009162831136154692	0.0010504594462450948	0.0011846357788747202	0.0013452942824180877	0.0015130146982051196	0.0017425268461242161	0.002049720028723622	0.0024010501628459312	0.002819468463283053	0.003396779789202626	0.0039387815539038765	0.004636145387965746	0.005698963180637253	0.0068394620079890705	0.007965837010853558	0.009268759819809659	0.011039534314908533	0.013758370528719366	0.017400551768389335	0.021830136223227894	0.0271406942304636	0.03310447912023827	0.04015050206135453	0.04521389314006198	0.05036379264375432	0.05640172761208746	0.06435873723263644	0.07374401860446657	0.08458758485461342	0.09670406078668078	0.11073254945872031	0.12254183220818829	0.13542276014063234	0.14874682306636633	0.1601076743883616	0.1691822316214705	0.17612232587893178	0.18298650457977367	0.18920451831032026	0.19627349246622844	0.20278987198906984	0.2086053567217276	0.21548719020317864	0.22245200115349273	0.22737945042150964	0.23306075882153776	0.23917284386842938
GB23_42_R2 - polyg	0.15984285267922418	0.17679144206401898	0.179506747321708	0.18015644324812513	0.18105683705919234	0.18226442405285898	0.1843794667698365	0.18512802946766493	0.18640270462764638	0.18777624655903913	0.18861131768185246	0.18916920874910195	0.18955231748832074	0.19007666447241284	0.1901931860244333	0.19030441114227103	0.19045800773357072	0.19097176184929732	0.19105473931816036	0.19118715017272908	0.19127365859771395	0.19133898128596788	0.19137958728136895	0.1914537373599274	0.1915067017017549	0.19153494935072957	0.19164617446856727	0.19177328888895323	0.19181036392823247	0.19188451400679096	0.191967491475654	0.19203811059809064	0.19212285354501463	0.1924688872449542	0.3950998662085416	13.842921038534701	13.874208840730256	13.924558509549524	14.178029960233314	15.0879114503999	16.03074735405155	17.82119280570515	19.602540748910847	20.930441541472792	22.11335951019424	23.24137464217732	24.373427422485715	25.477027758364386	27.0388596904319	29.77849500127838	32.700827278302654	34.471026227553665	37.07342033585678	38.70620506571444	39.56962976618609	41.6587623271416	44.05687826545029	47.284491712333995	50.075451235889375	51.501697983834646	53.8129912420636	54.75887965728258	56.56988233547749	67.09307434382212	73.5619307282198	74.34918034679708	76.92757984277429	80.61838234824188	81.6961784567822	83.05123053644297	84.17380269956425	84.55311566095207	84.81187471842831	85.0917135839519
GB23_47_R1 - illumina_small_rna_3'_adapter	15.680051111083722	15.69172743998592	15.698584552435324	15.707508906583696	15.721682880819342	15.756340155296153	15.82256362360211	16.00716439455936	16.495049738683043	17.200872571634978	18.321309420889953	20.690728707915902	22.30969360934727	23.870063294767213	25.288365544154424	26.71859193059702	28.075734475650663	29.308120288425215	31.66467800623733	34.62945964193156	36.737985853154235	38.97034114639834	41.573608183877305	42.68007810912989	43.72134514439161	46.93402297038112	48.656436363550995	52.40510203076825	53.7183694901732	55.499932407065586	57.05318412934855	57.61355498859659	59.825113960774445	74.1352196489954	74.6986277884368	75.48787556222291	78.20008851968083	80.30714255483554	80.90134574826095	82.27672664732589	83.25682582667007	83.57042378389616	83.79563248564034	84.0305921121491	84.41018203269593	85.02992250843411	85.42098822891708	85.56620217636859	85.8293581318865	85.96287129568384	86.06753111280273	86.19969600460871	86.30078705825832	86.58904174087053	86.73318293986941	86.85213737466695	86.92939319674016	87.00500565948172	87.23297285724692	87.4206304721991	87.7891570629595	87.94886615705572	88.1247822304338	88.63302860103886	88.79538206898027	88.9049507699758	89.05223685007665	89.14756962479824	89.24105688090529	89.30059278970876	89.54148839967647	89.63487131550849	89.79428695258119	89.8862351896316
GB23_47_R1 - polyg	0	0	0.00008477647345912727	0.0001271647101886909	0.00017281358051283636	0.00018585611489116364	0.00019237738208032726	0.00019563801567490908	0.00020541991645865455	0.0002135715004451091	0.0002184624508369818	0.00022661403482343638	0.00023965656920176361	0.00024291720279634546	0.00024780815318821816	0.0003325846266473455	0.0006211506997678363	0.0009684081775908	0.0012602348843058727	0.0014623941671699455	0.0015879285605613453	0.001719984221141909	0.001777045309047091	0.001866712732898091	0.002013441244654273	0.05078273791881453	4.119936081147518	4.122229936881308	4.122870651382643	4.125449812555956	4.136798447781898	4.150323555932224	4.161781422383584	4.16520834829149	4.16606915556046	4.166810949703227	4.296602100252353	4.394789559685996	5.1016835107737535	13.553263721414595	15.803862259620384	15.904317489719059	16.078130454428635	16.712419877265837	17.693515180173158	19.085401406493865	21.31380318150454	22.816832994846962	24.131970427618402	25.799481272322705	27.086849519085888	28.28215866725645	29.752389767270973	32.06142375044206	34.42074648554238	36.98293117004641	39.016858975575445	41.57982458182537	43.26470645200481	44.418995199238736	46.51540326570714	49.01255787380083	52.143969298395774	54.47396915558002	56.425375215780576	58.01080776132527	58.89891631538231	60.846897079991756	69.44217178282902	78.16383353474266	79.40756472210957	81.94235193283512	84.65673973290063	85.92386759662546
GB23_47_R2 - illumina_small_rna_5'_adapter	15.078457691616187	15.089886212365196	15.096619420738008	15.105273142298028	15.118876505654624	15.152682754763248	15.217243299935967	15.396591190172346	15.872007871430348	16.553698755148787	17.63416512748458	19.923521186912364	21.488923660285543	22.994785333904858	24.369091854200377	25.752621076618173	27.06026883402286	28.250168591060007	30.529892738849398	33.40232997051148	35.45102029463998	37.62645470722347	40.14366547255743	41.20635813116916	42.21652035225537	45.377844829447014	47.064326040404595	50.71445862102719	52.00990834815454	53.75402777916355	55.270766926454385	55.793051955000905	57.973633277713446	74.66948587568521	75.39457416223074	76.16083609949183	78.8315574944587	80.9783472409138	81.69390958641276	83.1131557892256	84.07321022354708	84.37900874521495	84.59724295170031	84.82541556938196	85.19587408554716	85.79813430458478	86.17824918714035	86.32031825348987	86.57755778935042	86.70781684082037	86.80911168406965	86.93687798115654	87.03408072924461	87.31568697995748	87.45494374983167	87.57066037546977	87.64553267438538	87.71951808096323	87.94184275229298	88.12439258471925	88.47694533149982	88.62835285246422	88.79376805535095	89.25762252988257	89.41135488259991	89.51786836991732	89.66107050644095	89.7523389013869	89.84279376825098	89.90065697202044	90.13661272209235	90.22732028806001	90.38221016570344	90.4683495840051
GB23_47_R2 - polyg	0.1810401590719663	0.1924980255233268	0.19443158124491383	0.19493045818488483	0.19559236680458494	0.19663903018844572	0.19837042662716867	0.19910406918594956	0.20010834433308075	0.2016587756073044	0.20248534622353093	0.20307226027055564	0.20337060824445988	0.20384503043247154	0.20398360736024126	0.20410914175363265	0.2042640218493753	0.2045297634873337	0.20461127932719825	0.2047254015030086	0.20477920195731922	0.20480854765967044	0.20484441462921088	0.20491288793469709	0.20496016712181853	0.20499929472495348	0.20516069608788529	0.20531720650042523	0.20534655220277648	0.20540198297388435	0.2054834988137489	0.20558620877197822	0.20575087076850462	0.20620246852135418	0.4383302347532284	15.529822309163755	15.559363649530667	15.618024078213992	15.875366324032768	16.736450746857905	17.75811648326581	19.71185878743688	21.691501934566517	23.193245427955876	24.62233059264037	26.04258596155074	27.389315673220082	28.595673478325885	30.360561515015576	33.365307106361804	35.84978111040616	37.84752729525292	40.60830739010214	42.1144429569434	43.13107590539806	45.54855693160815	47.7892415133696	50.672385035439504	53.21187897075883	54.73925756546879	56.74235771067785	57.54539144330185	59.24725143260828	70.75453930736185	77.45077372552757	77.99540061546415	80.11138226540083	83.1300002223752	84.07443133082825	85.4117704177452	86.62565865613769	87.0209729821944	87.25732652956485	87.51156628251837
GB23_49_R1 - illumina_small_rna_3'_adapter	18.64162171513045	18.655820843883184	18.66155786560146	18.669768348876342	18.682447670121253	18.709190243288724	18.77848491043767	19.115459449258495	20.190680485004798	21.316686744145816	22.752216648056994	25.25395190840895	26.702285687326025	28.175788132794438	29.356652145878876	30.633094185918505	31.76941953543963	33.01909761429223	35.20338811392266	37.59591992073851	39.42551527828015	41.84261059650558	44.37424127573246	45.31337663358863	46.433824523880666	49.978598141129474	51.514585056693974	58.005748344787456	59.04983848899933	60.61359963514555	63.00331199773539	63.57992168210484	65.32270935883122	72.54286442197304	73.08818972431472	75.24534134335634	80.62050041675185	83.39968358312234	84.02751002563417	85.50397156651516	86.34686461069086	86.64874770000158	86.86116973595232	87.07839023699813	87.35131898029472	87.9232421721421	88.168962838316	88.29569314482521	88.48753235724283	88.60175947913882	88.67612939751837	88.79432462610282	88.92560932266029	89.13849812068504	89.26446600720274	89.3858342113954	89.48707628917862	89.57165584160285	89.71097614292229	89.84989887870162	90.08728576595846	90.23706858320097	90.38743013509051	91.70871656156132	91.93943416107066	92.04008869737525	92.17179737996761	92.2969915234246	92.41432494063253	92.46521962036266	92.69896047934327	92.79032884080078	92.85306367653766	92.88906852029503
GB23_49_R1 - polyg	0	0	0.00010568197902086905	0.00014845801814836367	0.00017362039410571343	0.00018368534448865334	0.00018871781968012329	0.00019375029487159325	0.00020381524525453317	0.0002113639580417381	0.00021639643323320804	0.0002201707896268105	0.00022394514602041296	0.00022897762121188293	0.00024784940317989525	0.0003371758378284869	0.0005900577161998522	0.0009360403856134116	0.0012266658279208014	0.0014279648355795995	0.0015110006762388537	0.001537421170994071	0.001575164734930096	0.0016191988928554578	0.0016544262191957476	0.0036950949093368145	2.862323430889962	2.8664676742101376	2.8675119128123674	2.869443125167094	2.8796955352509164	2.889254721877113	2.8963958041738094	2.8993020585968834	2.9006545363045904	2.903785993992483	2.930293298944753	2.979871986412317	3.872420463302247	16.062220265148536	18.899843049679966	18.97633667259031	19.2294399798701	20.517181184833376	21.9809420164499	23.831025838614813	26.064001761366317	27.48567474483778	28.72150471008225	30.206554169877492	31.414120496327865	32.42341107459072	33.973802192272004	36.19015962382248	38.05655243996414	40.12541934672181	42.45043798260651	44.919508704609434	46.22601978391809	47.74809316369698	50.306574614307955	52.56481230440184	57.78363376161794	60.207524179470646	62.237410791513994	64.36976363093086	65.29560696368755	66.94363061632095	72.52073033796216	76.11057983550097	78.04266406655448	83.46066082689858	86.99927721075062	88.26014751442905
GB23_49_R2 - illumina_small_rna_5'_adapter	18.015579285073994	18.02970544293645	18.035278909211	18.04340384040763	18.05565288502367	18.081965181562268	18.150009278626133	18.478868951200717	19.529589381477347	20.61849120103166	22.000069196533882	24.41112806076714	25.79955148064856	27.21467092330193	28.350301791246636	29.581954802082187	30.673596804378253	31.878270715712333	33.98615817698587	36.30283422712189	38.08792489030777	40.4484363155991	42.900633148285024	43.77912340572759	44.872725557110726	48.360498844103354	49.857072672087064	56.202974821897556	57.23717866859579	58.76458269772124	61.101319452089264	61.644665733561894	63.36930253039144	71.9450730495227	72.63034897070156	74.70608898045198	79.9819485114882	82.81617689150298	83.55693459354899	85.0543362637017	85.87581990029409	86.17009640335289	86.37491311117051	86.58582414644502	86.8506191517134	87.40636167770143	87.64574268325288	87.76941198672685	87.95685659018353	88.0680793243902	88.1399996854703	88.25385817855852	88.37950650290153	88.58706087722334	88.70852092408825	88.8243672448771	88.92190793715696	89.00404673911333	89.14020664601256	89.27476119332567	89.5044194568072	89.64702722254549	89.78946136788966	91.02405208611823	91.24386934436285	91.34219761901016	91.47132212559171	91.59312689700724	91.70729111296333	91.75659049805779	91.98582980797963	92.07485177787913	92.13531067671065	92.16933020900498
GB23_49_R2 - polyg	0.1918178243980688	0.2014575306273295	0.2031207636781103	0.20342019595200278	0.20392092723355404	0.20441159356472235	0.20553383553242016	0.2059263685973548	0.20660072027301177	0.20746253164955103	0.20811423718684635	0.20861622658719547	0.20893578876185384	0.20916225014546996	0.2093056756884269	0.20940632519225627	0.20948936103291554	0.20966423954581911	0.2097195967729253	0.209788793306808	0.20981773003915893	0.20984415053391417	0.20986302231588216	0.209930960730967	0.20998505983927532	0.21001525469042415	0.21013225973862582	0.2102454904304339	0.21026687844999764	0.21031720320191233	0.210396464686178	0.21050592102159246	0.21060657052542187	0.21111233428216458	0.4759903753911963	18.45017126142136	18.48535581172252	18.54189441237989	18.988542941167218	20.62662116470348	21.95915517322723	24.245631339739255	26.041280135876832	27.46621919574756	28.73348200103795	29.918533033481687	31.14543916209288	32.15334832591567	33.965859688301066	36.547798763898285	38.53124192051834	40.584886847940616	43.414731942063625	44.78477173007062	45.66884426061931	48.51398430496799	50.63759950933367	55.04517841697202	58.570044820482174	59.8395860789155	62.49131426234922	63.53313853460613	64.85831632251876	70.90624687436112	74.66667337663358	75.65070596191046	80.57828424048941	85.04738138298708	86.08342585748659	87.426543161338	88.54363313255854	88.92435246198121	89.15119757183072	89.3853183826883
GB23_50_R1 - illumina_small_rna_3'_adapter	11.935387772123354	11.945950812912429	11.950224588208147	11.95526770156189	11.964099000410469	11.984961810409828	12.051072229084184	12.324488539378642	12.99030821262234	13.819425007851343	14.925737523150346	17.143712817277354	18.355952652303195	19.595596133441482	20.64126989104535	21.729280643758685	22.83437918455548	23.94049278355051	25.813732959308275	28.395043508846157	30.307541864861413	32.44084609400925	34.54173281608854	35.577339361043386	36.731036372665244	40.9783631130542	42.504062865508715	48.37268765647107	49.73488552015677	51.66251614147302	53.69904027563715	54.41095587708751	56.16216967607534	68.40093552677952	69.12556275762586	70.65504484509569	75.52908080307895	79.91681612691703	80.77346820404787	82.59981093590355	83.60154466700709	83.93474556498549	84.1907362220037	84.49594257543725	84.87301183154176	85.43242737097704	85.68067638095889	85.84122231494582	86.07793856715672	86.2247607387892	86.30716766819074	86.4386805975165	86.6136055475651	86.88229905826	87.06009074327767	87.20165333381385	87.31962386565053	87.43195453522152	87.60948879913994	87.81001398498626	88.07986735324775	88.26051407227541	88.47326676033674	89.65564135998844	89.92932532972132	90.03809013201959	90.19189338834968	90.30355125277488	90.44201455178072	90.51424018418246	90.73414362084773	90.8353583793142	90.91227317105819	90.964437509156
GB23_50_R1 - polyg	0	0	0.00007313099410880114	0.00011700959057408182	0.00014333674845325023	0.0001491872279819543	0.0001491872279819543	0.00015796294727501046	0.00016381342680371453	0.00023694442091251567	0.00028667349690650047	0.00033493995301830915	0.00034517829219354136	0.0003539540114865975	0.0003817437892479419	0.0008936607480095499	0.0025493464546328076	0.0055301657745075415	0.007874745445635706	0.009077018988784397	0.009700095058591382	0.009951665678325658	0.010207624157706463	0.010589367946954404	0.010754643993640295	0.013146027500998091	1.9448134796920495	1.9471639098427063	1.947668513702057	1.9497147189172213	1.959059397344444	1.967011661643835	1.9727071034650283	1.97458364477386	1.9753515202120027	1.9768594813105262	1.995421590235222	2.0293675350806453	2.6239122788460234	10.302021644902101	12.08715067371782	12.145487267718412	12.368020494931846	13.276319142722215	14.341577380548419	15.871547983058882	17.79704902982668	18.96912824812773	20.005429537526616	21.28730470514285	22.32135794778283	23.32158079254808	24.639285759417984	26.707782764206485	28.755159537896365	30.888667071207827	32.922953396952224	34.9547883717741	36.27931646039436	37.9993545165936	41.00432169072306	43.358026647296114	48.19639223159287	50.74568164405027	53.04232102330035	54.955446843245056	55.94643470607425	58.121789256834646	67.43828884940726	72.90541570699301	74.65384906558481	79.78012259796861	84.53312237284217	86.21591188850203
GB23_50_R2 - illumina_small_rna_5'_adapter	11.5307422807603	11.541159059561158	11.545304124307245	11.550332611462165	11.558847984416195	11.579286634649723	11.643820349091094	11.909309259624155	12.558642281555965	13.35950857376074	14.424288534885473	16.56263441476717	17.729220032790767	18.923017693722247	19.929861818694107	20.979674790564534	22.04451910696408	23.11297901971237	24.921186727648944	27.420292189329004	29.2838308074083	31.365520643534026	33.39819955002792	34.391644614259164	35.52041126998933	39.70667363029743	41.20012115173008	46.946805860495544	48.307889207831025	50.206682815550295	52.200521851073006	52.858550148204344	54.59110530535525	69.0291731821507	69.9246344152352	71.41250204181736	76.22694062746159	80.71200014087955	81.71550071680076	83.56519710031513	84.53738590979872	84.86211823865932	85.11039357579905	85.40779831478108	85.7740105435002	86.3170037868984	86.5588640732349	86.71596553739931	86.94773813440844	87.08973219780987	87.16990570665135	87.29707465492702	87.46377090551849	87.72680700250916	87.89816608528501	88.03447787044416	88.1478894161081	88.25718222418382	88.43040760992935	88.62454845998998	88.8859361843734	89.05852825570994	89.26090804356689	90.35557664198387	90.61658554781783	90.72311985479578	90.87273416778334	90.98123423588291	91.11623258838787	91.1870146149659	91.40280662714238	91.50169435737631	91.57609636816272	91.62601265950163
GB23_50_R2 - polyg	0.15894875307559708	0.1686108200172519	0.16985697215686588	0.17018752425023764	0.17065556261253398	0.1713195920390419	0.1726739780499369	0.17322977360516378	0.17395815830648742	0.17492933790825232	0.17556704017688107	0.17606579355670307	0.17641535970854316	0.17688632331060383	0.17704282363799667	0.17713643131045592	0.17727245495949828	0.1787116729235595	0.17878772915743268	0.1788769489702454	0.17893691638541462	0.17897786974211555	0.17899980904034818	0.17907879051398568	0.1791387579291549	0.17919580010455977	0.17940787998747532	0.17957608127392555	0.1796155720107443	0.17969016562473528	0.17980132473578064	0.17995197458364476	0.18009969919174457	0.180585288992627	0.34985867581650465	11.856192755983052	11.879015476624526	11.924532207357844	12.260279526551114	13.368224325638627	14.404768409937951	16.311258323477226	17.885669168487727	19.085701977976925	20.170926439814714	21.209042840487378	22.311944526221147	23.338017714783973	24.80432339906308	27.334737701941002	29.54940601251441	31.4810866282844	33.75796601292628	35.15678934108155	36.088333406659345	39.41126975531422	41.779127021867225	45.84938753670006	49.32868526385897	51.059830455443446	53.45358048177061	54.552487752606154	55.91803062796239	65.80856464569263	71.85392511011773	72.75400383417026	76.64129498960253	82.54380429537525	84.18953687370032	85.8561264115452	87.21797178383929	87.63400523360497	87.90612858792358	88.22446488003942
GB23_52_R1 - illumina_small_rna_3'_adapter	10.783018664484889	10.795899142817817	10.800187523077268	10.805653827528156	10.814074144990382	10.831365704019369	10.88508088765545	11.089708405786663	11.668428082559357	12.39929016570418	13.462279324415078	15.49425070232963	16.70822274828671	18.06260243760982	19.019964925466695	20.12129336935123	21.259004026445503	22.388286697300263	24.270356485566243	26.658413733050047	28.69701093454143	30.970269653534764	33.60755909536772	34.60113815084491	35.70260003145425	40.295484430679636	41.7360028940125	46.262339177688055	47.32159364185969	48.95415209228324	51.03301344204756	51.61459050523776	53.433196560179155	65.52706846785591	66.26591988317936	67.84806839297796	73.11433738957459	76.67606725836703	77.33291337063898	79.000036534055	79.98478729311825	80.38914198069364	80.66282837205877	80.9529734932394	81.29702705124379	81.87203503980908	82.14133182305456	82.34247158127519	82.6015520194176	82.75135544871688	82.85763243188492	83.01658011122242	83.19644054622431	83.53447258030215	83.71089433556809	83.85867167390788	83.98928475492167	84.10307100481013	84.29860028556686	84.50381829954925	84.82034401460061	85.03855140355341	85.25017131281584	86.79618761154428	87.09346622935823	87.21385222898073	87.41319749331598	87.58020659133862	87.81674389176521	87.92359143196347	88.26502993691265	88.3861598079321	88.4811054057794	88.5404586744776
GB23_52_R1 - polyg	0	0	0.00006441772921921632	0.00013803799118403497	0.0001625780785056412	0.00016871310033604275	0.0001748481221664443	0.00018098314399684587	0.00019632069857284976	0.00022086078589445598	0.00023773209592806025	0.0002469346286736626	0.00024846838413126294	0.0002546034059616645	0.00026073842779206604	0.0003773038425696956	0.0007223988205297831	0.0010751625757778726	0.0013205634489939348	0.0014923440602451783	0.0016089094750228077	0.0016441858505476165	0.0016901985142756283	0.001743879955291642	0.001961673230270897	0.05401733346122809	2.4757175069074977	2.477340220181639	2.477705253980548	2.4801500601799633	2.493096489997568	2.505725432435449	2.51521017618525	2.5176565161401228	2.5182439444803837	2.5190276935192175	2.5747797044029914	2.6270132802670307	3.1331019673450577	9.333073740109615	10.908898576156526	10.971632241883297	11.132492514276425	11.822495352030774	12.804957747951278	14.11104561293638	15.929234486393305	17.15369741968037	18.24790923824164	19.441437857704365	20.491839485374737	21.478964497886345	22.796535589982504	24.686866185143117	26.557527900315463	28.90498817459205	31.022162735687218	33.58618161179968	35.12856904511545	36.56393102259986	39.564360075351566	42.20381364613519	45.81019420380929	48.0692917586626	49.99608432231675	51.94080035224842	52.87930991802047	54.646921671507556	62.21336986288932	69.34255050833104	71.07225089441715	75.92445039636996	80.54564332007627	82.13355568288452
GB23_52_R2 - illumina_small_rna_5'_adapter	10.442006543552933	10.45493303454959	10.459169267123482	10.464580356377896	10.472798218119719	10.489571367804038	10.542056479563122	10.741214625732534	11.306115165832248	12.010799110826746	13.034039463098473	14.990778602062269	16.156810053681134	17.45758345600565	18.37581217336185	19.436216954126692	20.531726329805092	21.619915090684366	23.437817151870718	25.750734185731222	27.734014962888793	29.945343704015137	32.487523436166825	33.43075543499283	34.50351461596865	39.02659933807409	40.43579084618546	44.84528870661194	45.89242190140216	47.487513773507445	49.514508114962084	50.05818761455045	51.85443918369731	65.95042945306187	66.85199391737126	68.38784295117128	73.57856222143741	77.21610562249904	77.99070887753916	79.66998705295669	80.63018085338828	81.02582994498634	81.29039049137874	81.57263523819728	81.90698779293234	82.46395421604988	82.7263981799108	82.92393668031698	83.17705234348477	83.3231502195985	83.42620631630558	83.57965701608305	83.75145756615524	84.0813208186659	84.25184988546374	84.39409956913434	84.51998714958327	84.63052797292345	84.82099892818101	85.01942547299714	85.32537287665744	85.53258784024563	85.73292851187284	87.15927200726657	87.4402912834745	87.55744105908146	87.75129701263396	87.91266802559446	88.14393840977965	88.24830586740298	88.5831768314827	88.70115483503679	88.79237647463302	88.84867143494878
GB23_52_R2 - polyg	0.21313986092089562	0.2296890823084038	0.23227806152083327	0.2328271459746542	0.23364003636718242	0.23464924745828347	0.23660325191126635	0.23738853470555776	0.2387413070191613	0.24056034099187534	0.24168304998683884	0.24241618509557183	0.24287324422193673	0.24340852487663928	0.24359410928700892	0.24375975487642976	0.24395300806408743	0.24426742793289552	0.24435331823852113	0.24450362627336597	0.24461559042177078	0.2446738731291596	0.24473675710292123	0.24483491745220765	0.24487632884956284	0.24490700395871484	0.24500669806345887	0.2451002571463725	0.2451155947009485	0.24516007360921893	0.24522295758298054	0.24527510526853896	0.245374799373283	0.24568155046480306	0.4022074299347531	10.791373030462438	10.810600188878919	10.84829069549399	11.116641151622126	12.068486721098012	13.039534908903054	14.79990426911936	16.306495383810187	17.596420533783096	18.651648889878537	19.656471906615398	20.800635072919796	21.82357174161092	23.324750233291873	25.711141822348722	27.916498119723173	29.996999054071658	32.731441167855394	34.19330030462531	35.13662126126785	38.61183351845251	41.06525328851741	44.33143461565208	46.98042507787106	48.34082629112071	50.73863822331485	51.71961134268603	53.09832712985488	62.73268719078915	68.7099515360883	69.66258698962486	73.82921927460669	79.15303017470609	80.43225431285134	81.89748464411704	83.23598996445399	83.70680227600721	84.00174805177014	84.31085959293947
GB23_56_R1 - illumina_small_rna_3'_adapter	24.300700360401397	24.316081406497407	24.323571142490465	24.333856743512797	24.348851369238908	24.380386302170727	24.456598249045957	24.73083169331982	25.46045017821556	26.481852032518105	27.874749717041787	30.900095407947013	32.540883653978895	34.139961230671595	35.59257791030228	37.07462315300535	38.582183505426784	39.805491897219454	41.979055334033134	44.99510231123327	47.12847802957737	49.24775698129014	51.86634030056837	53.03382041999803	53.986609928033374	57.28210702450102	58.61495043742028	64.95985546968942	65.65755638971842	66.70877322746324	68.55326183495728	69.04481695873227	70.24621493670813	76.22361146659259	76.80857045526835	78.29165183494365	82.39009446993052	84.83939535971265	85.4687358644019	86.7571750306977	87.51375959591644	87.7933953484989	87.99050762149776	88.19116586965572	88.49365914480475	88.96523595661242	89.1719879024663	89.28786286956372	89.47730545590709	89.60278978837954	89.68976657330447	89.83518186230675	89.95647997410529	90.1715835249145	90.3192131541737	90.44129357779954	90.54405298293037	90.63004098632057	90.7571657111476	90.89723551836626	91.12129114107813	91.25474823500602	91.40638413427669	92.5177215412384	92.86399586545357	92.94660837325965	93.08787911437301	93.21254325066818	93.32854134190308	93.37540049440591	93.55835728003096	93.64637588458064	93.70756289824976	93.74665954743962
GB23_56_R1 - polyg	0	0	0.00005303808998624192	0.000094710874975432	0.00012501835496757025	0.00012501835496757025	0.00013638365996462208	0.00014017209496363937	0.00014774896496167392	0.00019699861994889857	0.00020646970744644174	0.0002140465774444763	0.0002216234474425109	0.0002235176649420195	0.00024435405743661456	0.00040346832739534036	0.0007084373448162314	0.0010190890147356484	0.0011800975021938826	0.001320269597157522	0.0013619423821467122	0.00142066312463148	0.0015191624346059293	0.0016763824870651464	0.0024492232268646715	0.15486364588982837	7.824194188510404	7.829556718251514	7.830384491298798	7.834263848737792	7.853798913810225	7.8744136828573765	7.895498217844407	7.904077128899683	7.907463989788804	7.910956926857898	8.473567937474456	8.984921422554311	9.830344788500009	20.723921436344213	24.2282105509127	24.48453227451121	24.69898610871808	25.412564359827982	26.719224004251533	28.351429550793142	30.80964273391048	32.599822231476104	33.978871291860884	35.65508898200357	37.0331644145936	38.382377655143614	39.791480370375595	41.6326048475905	43.88344856994913	46.714015663814884	48.669869106540034	51.267449342183724	53.35803468721392	54.30982783684453	55.964983722610185	58.709022961098384	62.78120037623706	66.15427704461459	67.61620190903785	69.25876124843178	70.16155667400258	71.02138745824955	73.68238230734178	78.477252948198	80.03906937245787	83.46036334728538	87.23994287949245	88.9152020955804
GB23_56_R2 - illumina_small_rna_5'_adapter	23.603120670292352	23.618308506203412	23.625699742886493	23.635648173193914	23.65015409080515	23.68065099254724	23.754987664097957	24.021216145218897	24.73288502508929	25.718179305416204	27.059809993315685	29.983470300412286	31.56414744831476	33.10171599436342	34.50806262313361	35.94345707725877	37.3932172769002	38.57519952550609	40.67905954677285	43.604193555084066	45.68673984104636	47.75380468738516	50.29245202818414	51.41310709102594	52.34095922568025	55.583283742719196	56.888426118925636	63.09699674088514	63.793790330731895	64.82684541109141	66.63953200098621	67.1025564207836	68.2902648888905	75.34369818841584	76.07302496381666	77.51384635107792	81.55223850289535	84.05953654407745	84.80408335708682	86.11290240945982	86.85011670652858	87.12296926624529	87.314931161863	87.51094289449466	87.80595211630313	88.26448345219168	88.46789968102892	88.58155083678196	88.76683372149638	88.8912781285616	88.97592313174465	89.11751020718042	89.23508997002742	89.44439910950562	89.5867325066362	89.70415126099574	89.80327376852753	89.88710994083829	90.0119199318809	90.14810469900809	90.36537712885422	90.4930644362786	90.63768983658358	91.69675062899387	92.027791656078	92.10930172929935	92.24791298904339	92.36984187526926	92.48312744704488	92.52872315647555	92.70888975972382	92.79509938656145	92.85375383143374	92.89080093728913
GB23_56_R2 - polyg	0.14891959137637026	0.158292179563939	0.1604212800333867	0.1610046990232354	0.1616222139280752	0.16217153700293271	0.16323987567265558	0.16368312256754058	0.16436125243236469	0.1653917067520974	0.16603952913692932	0.16647330494431684	0.16674986069924508	0.16704725284666794	0.16717227120163553	0.16726508785911143	0.16735790451658736	0.16761930653151955	0.16767802727400433	0.1677575844089837	0.1678068340639709	0.16785987215395715	0.16789586228644782	0.16797731363892668	0.1680038326839198	0.16802277485891487	0.16812316838638885	0.16821030239136625	0.16823113878386084	0.16825765782885396	0.16832395544133677	0.16840161835881662	0.16855883841127584	0.1692123434486063	0.5349705888637286	23.94469165245625	23.984411499203443	24.04868608739677	24.411644679347617	25.684481176099943	27.01518791167976	29.577094349155203	31.692268531546524	33.279905034542196	34.70218582091825	36.219884025397064	37.68766202189382	38.90808552043474	40.55079639722862	43.62242539851684	46.0632364054662	48.080329899950456	50.66843147122661	52.38123597237231	53.23282691049641	55.76617423073175	57.764052782901004	61.948631170243026	65.18382585261382	66.06846520345184	68.02637197794647	68.9005382002297	69.8273219962143	74.73930452819513	77.98886874451719	78.77785768850003	82.32215835931063	86.05262083175546	87.10516930440241	88.2937964679966	89.27591414557682	89.62782376685306	89.84221509188242	90.05983037509597
GB23_57_R1 - illumina_small_rna_3'_adapter	19.45178603753833	19.503166472760427	19.516954767029684	19.527744407912255	19.5450975173605	19.570076275020156	19.647039206804322	19.99688961733926	21.41254711731208	22.911030830816376	24.81580452166869	27.765350888290314	29.477773615347374	31.16030750902389	32.406588690321975	33.87398110292226	35.34640008028475	37.676658136328655	40.910569283698614	43.42548125881716	45.615765832276125	48.60418321416463	51.75610361241786	52.7794347891591	54.302872208916305	58.16305725163321	60.26914154190106	66.33804523572597	68.21941966011354	69.95452518340261	72.34808563913579	72.97634485846682	73.99874036516634	76.04932075866282	76.5691073868131	79.30139668105937	84.64418910825961	86.60071650029442	87.19237185666847	88.60500439927753	89.38621874016576	89.59902041985256	89.80282989709033	90.00998749483878	90.21186425604662	90.78665124769283	91.00519721494493	91.13599687238197	91.2910275029875	91.41631459837159	91.52696666193864	91.6828966380461	91.9738887684473	92.11582377617991	92.26654681739663	92.4000482690505	92.50085763490972	92.5886590578196	92.7056065399002	92.87297624089513	93.08042443496177	93.23236497454602	93.40362891671856	94.80894018570808	94.95255238512189	95.02665068854543	95.11705745775619	95.2100382590094	95.31683741621995	95.36504258563787	95.48816148176866	95.55416692824511	95.59384585137931	95.61667895605177
GB23_57_R1 - polyg	0	0	0.00012024675234815604	0.0001728547065004743	0.00018287526919615396	0.0002029163945875133	0.00021293695728319298	0.0002179472386310328	0.00023297808267455232	0.00023798836402239216	0.00023924093435935212	0.000242998645370232	0.000242998645370232	0.000242998645370232	0.0002442512157071919	0.00026429234109855127	0.0003131425842399897	0.0003657505383923079	0.00039831736715326686	0.00046595616534910464	0.0005423629559036621	0.0005561412296102217	0.0005624040812950215	0.0005799400660124608	0.0006300428794908592	0.017016168027601038	3.5674693755320606	3.57017242231922	3.57086885142657	3.5745301145215036	3.601479165321197	3.6227691033385057	3.6367590614320116	3.640164800178206	3.641280840348437	3.64308829934467	3.6820595202385054	3.7421854015532574	4.712450183398843	16.879444965040513	19.718064955191302	19.808772341282932	20.15200417015737	21.88560786161242	23.777116832596327	26.188105551997978	28.697734185435223	30.35007487113932	31.710724492194206	33.2439319605797	34.70097939476703	36.01926207674458	38.92817005135388	41.83174833917941	43.98254187505471	46.41272122458892	49.40312768817252	52.297121307779626	53.72527820714497	55.81655085317826	58.61300807321665	61.45296956619832	66.67238005749698	69.33263027395367	71.67417899901493	73.61956728304317	74.48634971393048	75.38818156798659	77.12676923681241	78.40471289108817	81.02016743458414	86.52729333228251	88.95282815100728	90.00368330833287
GB23_57_R2 - illumina_small_rna_5'_adapter	18.95879940431763	19.011071669619643	19.02490004613968	19.035684676740907	19.053188094629586	19.077673339576478	19.153135692096967	19.493859875156815	20.875116783395367	22.319634756502083	24.14738163448304	26.97730377621398	28.613592773049938	30.221061379002784	31.4046338789513	32.80931635763168	34.22487991482923	36.4711067846775	39.59692612224916	42.036443383645405	44.171669975372964	47.07469337453922	50.11936995311228	51.08096945336678	52.56137231405706	56.34536475574703	58.3881165846375	64.30569349834327	66.1633267045641	67.84943793912298	70.18162244834514	70.7755123902003	71.77456750124091	74.19366536100405	74.83037692496887	77.45215694866651	82.66319024955159	84.66286618455402	85.35066007200075	86.76364082916348	87.524232852024	87.73035958438514	87.92646074376925	88.12801308925981	88.32420568627853	88.88274934579505	89.09549591238701	89.22387435136271	89.37485667463919	89.49567334649066	89.60169465752196	89.75090334120131	90.02613437905254	90.16251047962973	90.30767336112069	90.43459380822416	90.53153523688285	90.6164106554856	90.73030311851434	90.89043171039131	91.08859460055005	91.232831832562	91.39515993795067	92.70479612689219	92.84399301586822	92.91604461936116	93.0041904991137	93.0943267131317	93.19868335818516	93.2455783390306	93.36579127197967	93.43013079990794	93.46823023184726	93.48967173087534
GB23_57_R2 - polyg	0.1257781029561712	0.1327950019838209	0.1345160336268039	0.13492186641597892	0.13543040997278466	0.13584876846532928	0.13665291862165757	0.13701616401937597	0.13750216131011642	0.13812343619724857	0.1386670517234892	0.13904407539491415	0.13927830604792565	0.13947871730183925	0.13956263951441555	0.1396453091566549	0.1397142005251877	0.13977933418270963	0.13986826667663377	0.1399334003341557	0.13997223001460146	0.1400210802577429	0.14005489965684081	0.14010625504065619	0.14012253845503664	0.14013631672874322	0.14017890412019984	0.1402089658082869	0.14023526978536305	0.14028036231749363	0.14032670741996114	0.14039309364782	0.14046574272736367	0.14094297202574543	0.42281388523319274	19.138225094805797	19.1789474090307	19.238093780341952	19.749347899356877	21.860069205012145	23.620062048326268	26.440284285367788	28.512792175183087	30.17879339298207	31.526726919976134	32.81479384771521	34.37359007551446	35.93381047578684	39.21258994519704	41.953344109780474	44.33551494343969	46.74303279043762	50.34919782138938	51.91678083010241	52.98829337742515	56.257261463385944	58.75278114454767	63.27380851877095	67.11863329144572	68.74151602796519	71.45685053013035	72.49024610952907	73.34201022207621	75.20979676344844	76.67092381922323	77.80464401976076	83.35709166996133	86.78091126896949	87.65738859426486	88.85094658493962	89.93865862443026	90.21914419484503	90.42790758776547	90.65052190347203
GB23_58_R1 - illumina_small_rna_3'_adapter	13.815079783223787	13.826673815868768	13.831596690877122	13.837103329792333	13.847466643685225	13.876672893581976	13.968034954097652	14.395214724764495	15.726738069016722	17.115656839863902	18.911821649414087	21.93006309795742	23.665450261163635	25.533246512996136	27.113763218077374	29.00242902958007	30.82479851945437	32.760126325305805	35.70678447704368	38.095943584093135	39.99546770517263	42.16581765628842	44.65280686775969	45.762793313905235	47.10270751204547	51.64258073838491	53.74521708539741	59.97285407560338	62.47868923217082	64.67603675943266	67.23153698446764	67.86576336925418	69.02158882300347	71.97053538943808	72.7077915901467	74.96344629897143	80.29868581203651	82.85617655163017	83.71140421609338	85.98678502951303	87.22733599070287	87.51920139412451	87.78087206082772	88.15194128731315	88.4303379935848	88.96415096820704	89.20545008001628	89.37197174354	89.63026620867882	89.89265003025793	90.02122553528969	90.24236824230462	90.58317803658713	90.8176946543445	91.06035538042103	91.20724572575742	91.37890691893531	91.53158073967882	91.72456285637244	91.99648850964563	92.333726511364	92.53346103118645	92.77927679054307	93.64795660214861	93.91673925851092	94.0171556777675	94.14291015876483	94.26163239104912	94.41151076504275	94.48410511686217	94.64867839311944	94.72742633869927	94.78136732732993	94.82595003889702
GB23_58_R1 - polyg	0	0	0.00006620003067468694	0.00011735459983239957	0.00013240006134937387	0.00013540915365276875	0.0001384182459561636	0.00014142733825955845	0.00014744552286634818	0.00016399553053501992	0.00017603189974859935	0.00018656372281048139	0.00019107736126557366	0.0001925819074172711	0.0001970955458723634	0.00024975466118177343	0.0003746319917726602	0.0005341138838525878	0.0006334139298646182	0.000810950375764915	0.0009463595294176838	0.0009794595447550271	0.0010050368293338836	0.0010336232062161347	0.0013616142672861747	0.06253796534145539	3.308147932875456	3.310174556541792	3.310747788625589	3.31569473637237	3.3438869221628766	3.3661030506388405	3.383704736067549	3.387452560531427	3.3881551835842703	3.3889556021369733	3.4670144655793393	3.5353404199663743	4.138412167589711	11.960544601172348	13.986659730909512	14.072761898078854	14.366652420620671	15.845215060278287	17.65047184222318	19.81581165465382	22.47965424807252	24.220722577547544	25.787513308086847	27.685544919383858	29.507536768174084	31.079405341975367	33.311446198949206	36.02554966111151	38.07355894644817	40.322294247521256	42.26800793545786	44.75607440197375	46.41044325945721	47.97402328850879	51.02147249149503	54.221505242455656	59.25249242363218	63.122901289766176	65.86091199027895	68.26741249627287	69.19191849283715	70.15217852415036	72.21323974735299	74.48308834457285	76.18983496723536	81.49622781693392	85.17531257623347	86.83409878121833
GB23_58_R2 - illumina_small_rna_5'_adapter	13.425986093841011	13.437805808408745	13.442788865263168	13.448301522362987	13.458526418009923	13.487142885815208	13.57664231819508	13.993130783907963	15.294815968879726	16.637766341154094	18.368718102305106	21.280946219907534	22.95051249806929	24.751043500551702	26.278105185409288	28.111141907499118	29.880922995733137	31.758482247544002	34.61692885840785	36.94046116686641	38.793676861942814	40.911667102433384	43.32090738696954	44.375868066709046	45.68585684189203	50.150584006138786	52.20471228067441	58.285040661713836	60.768339221475	62.92116421901582	65.42020484516219	66.02053831878945	67.1598784603546	70.62268019670918	71.50827411615211	73.67775895323066	78.91141000558699	81.53772620889004	82.53202810143156	84.81061209360817	86.01825712591423	86.30223720295481	86.55550648394697	86.91622292836257	87.18691786288366	87.70581175786569	87.94131987153703	88.10461578811152	88.35695074594345	88.60769539849304	88.73177832871582	88.94349655863655	89.26564998063799	89.49312231331314	89.72784354934714	89.86890227379953	90.03287824523458	90.17978062694017	90.36759763669501	90.62833097114572	90.9520506256911	91.14332207341023	91.37793799121363	92.19079161786044	92.45219146625635	92.55056471183894	92.67316115046384	92.78865613125276	92.93564126299668	93.00648733218782	93.16774007508829	93.24447343337101	93.29642089835068	93.33920266817418
GB23_58_R2 - polyg	0.14686777714409638	0.16088713818561304	0.16398048507350294	0.16455823079575477	0.16529846750238988	0.16580399500936024	0.16692337734622312	0.1673326138994848	0.16800364148314187	0.16867466906679893	0.16926746025056771	0.16979405140366183	0.17007540153402922	0.17030258800293555	0.17043197897198153	0.17051021537186978	0.170618542694792	0.17078253822532702	0.17083519734063646	0.17088785645594584	0.1709254701097383	0.17096157921737903	0.17099919287117143	0.17107742927105973	0.17110451110179026	0.17111353837870047	0.17117221567861668	0.17123540661698794	0.17125346117080834	0.17127903845538717	0.1713151475630279	0.17135125667066867	0.17143701580131543	0.17178155687005414	0.3785122162978879	13.67585209143801	13.698194601790718	13.75984488490267	14.334662760343281	16.358241225268685	17.961569859101964	20.819256674159206	22.90478482688075	24.697946562312147	26.34609412145834	27.964567516854604	29.998846314010876	31.544585434795636	34.284974822774245	36.86339831297647	39.062566341081876	40.9142489036297	43.58272850828793	45.11597086873668	46.16684821022048	49.6886597511908	52.60962627284228	57.07171446313897	61.41572286235813	63.68938097043407	66.55160850577714	67.6636035210352	68.58709394894707	71.19573323951386	73.21208236018035	74.29187707869977	79.30945875366466	83.46549968851382	84.71305130294749	86.63549267100964	88.3443712355691	88.71672684901425	88.99104322612249	89.35798397796766
GB23_59_R1 - illumina_small_rna_3'_adapter	29.808399526482837	29.84999820897743	29.861422957267177	29.873729615951216	29.893773034003402	29.94213207507245	30.12908848862692	30.886978802052436	33.3632199785461	36.32607955352886	38.78574482329336	42.29265148450287	44.3712713336773	47.55947189945718	51.152921744797865	53.835184920431786	56.224580829850765	58.72309167547312	61.390561376911805	63.07435881893071	64.75141737746593	66.96102382695682	69.21483030827092	70.1718290732814	71.1394551448777	72.85089102871783	74.12341900739668	77.52992389256464	79.6052881179783	81.2081989147749	82.86338580919701	83.31951960050147	83.98396320394954	84.54830425095413	85.41119630486418	87.97849472956891	91.68837822204745	92.62679817019628	93.03379838549122	93.70044103823417	94.16899459036736	94.2834711408997	94.41505188539413	94.6449828189252	94.86394141274543	95.07934516320682	95.18806638941274	95.2807586078678	95.35838390263847	95.50248462505192	95.56283249346163	95.66332016986624	95.78639821008841	95.87208525393422	95.96090479768704	96.01662979489026	96.07736850995198	96.1420514833518	96.20360195684464	96.28804917211664	96.4451595045187	96.60799223277463	96.72372006526251	96.88412181324327	96.95680783713681	96.98227443144482	97.01428520174687	97.03743248625173	97.0580399833548	97.07139892148658	97.10067376522451	97.11641930177723	97.13198444756746	97.15003784054161
GB23_59_R1 - polyg	0	0	0.00012598719918516062	0.00016034734441747715	0.00017180072616158266	0.00018611745334171453	0.00019757083508582004	0.00020902421682992555	0.0002405210166262157	0.0002605644346784004	0.00027488116185853226	0.00028203952544859814	0.00028347119816661136	0.0002849028708846246	0.00028919788903866413	0.00030637796165482243	0.00035075981591323126	0.0004037317064797192	0.0004452502153021017	0.0006557061048500404	0.000773103267727122	0.0008060317402414253	0.0008174851219855308	0.000834665194601689	0.0009534940301967837	0.028428725161587887	6.981758170262709	6.987965903168014	6.989098356287963	6.996544486094349	7.042919228776233	7.08176766797952	7.099617763427709	7.10390419154544	7.105499074953307	7.107466193267857	7.282921979878527	7.446447637729994	8.929697797082325	25.717764106321397	30.037298223984223	30.237690885997246	30.86761256519587	33.82631885762367	37.23144647363691	40.18070372612582	43.22996618131339	45.363605213041055	48.47342599252787	52.17035571025384	54.69134954423988	56.80424363828354	59.61598156784369	62.038474887157705	63.52495346848916	65.4135087426383	67.45231950021565	69.71307818424845	71.11526273928871	72.09319399110925	73.35262502776371	75.03071009563774	77.88468666539745	80.59715097701785	82.56248972237947	84.11470928324937	84.72939510138289	85.24526543684644	85.78853226144187	86.86765700431704	88.7810990453234	93.01758755530516	94.58972311535534	95.2790992991876
GB23_59_R2 - illumina_small_rna_5'_adapter	28.96523878597246	29.007438771008616	29.01891505951621	29.03126466838179	29.050995981781448	29.098261224893935	29.280839583276723	30.017738711310727	32.43231774383956	35.29138677345723	37.651945930989996	41.008869126587726	42.98824399127676	46.05264352211188	49.52082343629914	52.10826263280089	54.41164364532163	56.826311441558985	59.40218701751735	61.03026518902389	62.66515239597731	64.80457395381303	66.9781194308826	67.88023788559349	68.81940946191926	70.48835473116151	71.72317960881146	75.03589561422238	77.08373879497768	78.6529208142106	80.26414103946254	80.68644583611305	81.34030794650229	82.03810666093463	83.06064024461216	85.51291235646084	89.09796400963768	90.05480958566733	90.53228818552464	91.20981870928806	91.6662302450998	91.77753707223445	91.90448206046796	92.12475922486146	92.3344835296505	92.54240249514211	92.64650085014158	92.73753375991645	92.81246464663182	92.94895173353089	93.00590081090802	93.10065177473157	93.21760511906606	93.30064500005626	93.38665846528178	93.44052515129702	93.49849930634025	93.56050075673924	93.62049213864216	93.70168229848068	93.85301726313827	94.0105313272468	94.12154036645612	94.27348092867341	94.34405666698058	94.36867427936681	94.39992196811018	94.4222574941839	94.44233097736316	94.45536778913339	94.48411720898382	94.49950625902974	94.51470203325873	94.53203958987388
GB23_59_R2 - polyg	0.11639785531990827	0.12376810647224017	0.125597784205861	0.1260186959849569	0.12653123481800563	0.12678034587093992	0.12751336230256266	0.1278082868824734	0.12819197517090092	0.12848976309624766	0.12886772469380314	0.12910681403771135	0.129284341454745	0.12939887527218602	0.12947618559895874	0.1295577909438855	0.1296336695979402	0.1296980948702508	0.12976824683343344	0.1297997436332297	0.129826945414872	0.12984698883292417	0.12986989559641238	0.12990855075979874	0.1299242991596969	0.12993145752328694	0.1299701126866733	0.13000017781375156	0.13002881126811183	0.13007748814052428	0.1301304600310908	0.1302077703578635	0.13033662090248466	0.13110113413390373	0.5772031947032232	29.229695938771137	29.279286218377678	29.39515435479192	30.437048448635146	34.43491863503292	37.09904824402048	40.55966606291119	42.95613873057532	45.56871810000537	49.34771702461873	52.05897586781057	54.56880408626882	56.70986920438482	59.6482743776712	61.56771799071148	63.2565248555707	65.23682744418102	67.69092923376331	69.0507291179868	69.92007658418237	71.39132216779416	72.83560935412576	75.30276943056907	78.23074629977742	80.01397054871691	81.86428584456793	82.64392612992549	83.18093081805236	83.86610647412996	84.99776501571992	86.10987263467266	90.6974044317658	92.39628168252354	92.91697818671949	93.53536344715637	94.1399001373919	94.29693029612174	94.43779686986522	94.65704466157447
GB24_01_R1 - illumina_small_rna_3'_adapter	44.09678995796747	44.148946874993214	44.163382761968826	44.1776997844577	44.198324822294516	44.240308578765614	44.36739930774143	44.80996458207185	46.03174394982837	47.2197063711078	48.59003150769641	50.833723707534176	52.135203763036515	53.41101523756646	54.36805675131635	55.36629300727192	56.28125034455331	57.23579160530629	58.5876497093087	60.03482483534911	61.32503120910063	63.05722697923818	64.88307156982401	65.50912057453682	66.35874753064152	69.03786903682999	70.28641135859198	73.7996459559781	74.66615986675046	75.69335397094075	77.10967966389714	77.46268259685786	78.44010527130798	82.03097272424822	82.33770253227672	83.80447390352737	87.31848931762808	88.962120798207	89.32460624806666	90.28368280380502	90.8139557236345	90.96095625413899	91.0858992248027	91.23027858843585	91.37756808260639	91.73581949747292	91.89563279989274	91.98857663097138	92.0959112624962	92.18026815910184	92.23469784708954	92.31004563535548	92.42937328371465	92.54383363628065	92.67940268218123	92.77358229404442	92.82648108941844	92.87746780606611	92.9550760689678	93.06447443390891	93.23335012874868	93.34280177777006	93.45323508350086	94.38109536575647	94.48846483687223	94.5461387055928	94.61339346182203	94.67905379441879	94.7632098510296	94.80299051572064	94.92799291862771	94.9760715541257	95.0183073852842	95.0387561757786
GB24_01_R1 - polyg	0	0	0.00006148163107160311	0.00011476571133365913	0.00013525958835752683	0.00015985224078616806	0.0001926424440243564	0.00020083999483390348	0.00020493877023867703	0.00022338325956015794	0.0002336301980720918	0.0002336301980720918	0.0002336301980720918	0.0002336301980720918	0.00023772897347686535	0.0002869142783341478	0.0004119269281797408	0.0005102975378943058	0.0005676803935611354	0.0006394089631446723	0.0006578534524661532	0.0006681003909780872	0.0006865448802995679	0.0009632122201217819	0.008035649181058526	0.015696260412580272	5.5184006119307725	5.524069218315574	5.525384925220507	5.529209082673161	5.545677962249541	5.556039666472809	5.571030937515768	5.578468165487729	5.581907038052334	5.590957134146074	5.633608991008147	5.784351703457206	8.47404190202689	38.12443562424411	44.622654644849106	44.773905605448356	45.25311803067286	46.952029695135955	48.449156597034346	50.35399483660867	52.21222180227991	53.494829046430965	54.52167270532416	55.68315498810105	56.66105312049814	57.45443463111083	58.6635549310297	60.01507898483662	61.26066199075636	62.697823808482916	64.51769443391629	66.05506721151414	66.85461942849872	68.34515345015853	70.21519103715863	72.0317088643109	74.98861872539479	76.22012653657454	77.6669163777269	78.73180691931492	79.34935301445051	80.65529048820555	83.62952587292543	84.78251549306361	86.62979872840411	90.16832277003766	91.77895296044505	92.5099695538864
GB24_01_R2 - illumina_small_rna_5'_adapter	42.55809327591386	42.60939354888001	42.62362859586079	42.63774887713023	42.65800912395603	42.69930018738371	42.823833280506946	43.255258083287195	44.44849357912487	45.59570187655464	46.91244372227665	49.062015742494594	50.29115241210268	51.49313879342955	52.398683292993866	53.34844743101259	54.22025695960792	55.13844618129597	56.444957483607666	57.84738013039106	59.10459751029725	60.78597256419103	62.54527353608035	63.127785348443666	63.95411281575993	66.59162150465144	67.79629053448073	71.22057145864473	72.07699418437053	73.07723064272363	74.45729242028631	74.78752050771038	75.7485214385013	79.96672696101913	80.3476773940773	81.75703721823328	85.19641598160075	86.86618330354821	87.29100702853907	88.25960503954273	88.77456083568455	88.9173908622147	89.03787846401343	89.17838653427677	89.32118172121596	89.66789918209346	89.82303373238875	89.91378881740124	90.01887527061652	90.10065403749257	90.1529667079837	90.22516048857567	90.33837686280631	90.44864416813324	90.57827818724772	90.66775035555852	90.71833334282883	90.7672542766725	90.84317384410743	90.9485082732347	91.11138131149418	91.21596976349778	91.32043115346386	92.17540906085948	92.27872074432449	92.3351403877712	92.40076383138933	92.46465964117435	92.54698559456693	92.58582149152716	92.70801213450656	92.75482219901679	92.79593701510206	92.81495943175563
GB24_01_R2 - polyg	0.2280845549494332	0.23396219887987846	0.2358476355660743	0.23634358739005187	0.23691331717131542	0.23722892287748298	0.2381224559157236	0.23857332121024868	0.2393479897617509	0.2399832999494908	0.24065959789127842	0.24102848767770804	0.24126416726348252	0.24148959991074506	0.24158797052045963	0.2416719954162575	0.24174167459813864	0.24182979826934126	0.24192202071594868	0.24197325540850834	0.2420101443871513	0.24205318152890143	0.2421044162214611	0.2421966386680685	0.24223967580981864	0.24226221907454487	0.2423175525425093	0.24236058968425944	0.24237903417358092	0.2424302688661406	0.24251019498653367	0.24263930641178405	0.24283809701891557	0.24390787739956143	0.8824888879124695	43.28374252296267	43.36570983350734	43.4663101770421	44.05784134468361	45.92079419839655	47.28842439015653	49.44181851843943	51.03803126636052	52.32742608258188	53.36054906539518	54.29693889926813	55.277859878526236	56.10368114708	57.368854250046866	58.81711145279414	60.235990682827705	61.684325762307665	63.74265289385225	64.68380140597014	65.31067836331471	67.50876963738668	69.09583801737972	71.75403732451451	73.82805661769626	74.71955051517304	76.33964887676544	76.95744909597614	77.70110631276583	80.72474013866403	82.61464449005106	83.2694689474931	86.52734983716181	89.2825610099645	89.87607598490192	90.72009581625288	91.45369258881155	91.65159171229253	91.7859434218979	91.9450496855604
GB24_02_R1 - illumina_small_rna_3'_adapter	6.39541438057639	6.407954604738331	6.414283432752317	6.419812724657154	6.427828074151377	6.4510970734779685	6.516059382346363	6.780463475091752	7.992390315139156	9.329575730161359	10.97734969170887	14.033931263081161	15.947647175109001	17.75446635861873	19.312905901995663	21.205138028915623	23.213108004735652	26.042372715350552	30.162008752521785	34.19890279659741	37.71590223352411	41.21747437136973	45.117738937868246	46.50487911913508	48.35254335434581	52.756832985501816	55.48507381017534	61.41603266784612	63.03885485641231	65.28418461608575	67.8944351487267	68.6959638517732	70.12126814022504	73.91309437264499	74.50553563822271	76.94015807028762	81.61501197005498	83.5560432836868	83.96825786678569	85.57827623412896	86.42819061380587	86.75806547041407	86.99334646038369	87.19356154559125	87.42449755651771	87.98688750786793	88.30615601827819	88.4450504317395	88.65095971317442	88.79241888856086	88.92680216938132	89.08806110694576	89.24740240712339	89.4516151728767	89.67293176498995	89.87308938353968	89.99324092161729	90.1096333907067	90.28641082443966	90.49954716273618	90.74811044631905	90.9622124743224	91.1595842092418	92.51016435264259	92.67224531326924	92.82227076850012	92.95939121121924	93.1001845229398	93.19129166257738	93.23920761174367	93.45083107780866	93.53634896033321	93.59846292181277	93.63669448985698
GB24_02_R1 - polyg	0	0	0.00012742606739569702	0.0001699014231942627	0.00018988982592299948	0.00020488112796955208	0.00020987822865173626	0.00021237677899282837	0.00022486953069828885	0.0002473564837681177	0.00025610140996194005	0.0002573506851324861	0.00025984923547357823	0.00025984923547357823	0.0002773390878612229	0.0003235622691714267	0.00044474196071439347	0.0005296926723115248	0.0005859100549860971	0.000659617290048314	0.0007033419210174256	0.000735823075451623	0.0007520636526687216	0.000763307129203636	0.0008032839346611097	0.0021500025685097504	0.2664454083740614	0.2670862865365515	0.26733739084583125	0.2679420400283755	0.2704018628391807	0.27289541607959067	0.2748068070905261	0.27602859820732006	0.2768031488130587	0.2792629716238638	0.2830732608940293	0.3148947980381782	0.8769686827702567	5.573351341551632	6.497813718480538	6.5437695549042445	6.883397502768894	8.61054915937773	10.144791491976356	12.615977709732814	15.285802427431605	16.940624799491335	18.554339772064246	20.499688580685486	22.520424899473326	24.383488949711378	28.41568571914575	32.19458195355055	35.938512225206935	39.31755295577506	43.331920069975396	46.26845754093475	47.87828726772726	51.08322651197775	54.316625493888445	58.305461171428334	62.85586977435692	64.8845402397529	68.01316001455956	69.61171628221305	70.92827741344473	73.15396107178616	76.23879874896585	77.33862438013465	81.33395503928621	85.34326633687135	86.73307247135213	87.79869044980103
GB24_02_R2 - illumina_small_rna_5'_adapter	6.140689671852392	6.15310996559796	6.159366335652055	6.164705737730968	6.172476229291765	6.1952230315970676	6.258376390018511	6.5148900607867315	7.694440685514264	8.977463775517444	10.554049040746559	13.488230378734258	15.332667736179468	17.07650596124129	18.578270887231227	20.40280604193447	22.34411344537899	25.052865577391998	29.013135328882186	32.91852442213028	36.33321446896511	39.72206200962202	43.48074622104255	44.70686607630253	46.501343670402434	50.794063034627314	53.43874608951886	59.19687647227079	60.78968357558944	62.95769819350812	65.48743044285706	66.24250609796196	67.63458591325312	72.16588060607236	72.9105972714631	75.23268124833972	79.7706408241938	81.73298727078549	82.21788968040744	83.80899402166862	84.63562690926724	84.95370486043997	85.17856064911138	85.37150745137671	85.5938447013043	86.1359539195359	86.44531817639407	86.58062841939108	86.78090596835716	86.91739302856483	87.04639942905126	87.20044005468027	87.35150115902753	87.54663294356615	87.75836009947028	87.94999891063205	88.06540570161192	88.17762059453105	88.34951336234717	88.55480550184782	88.79269123054803	88.99366337650895	89.17803890182915	90.4104463590225	90.56578872937922	90.71215006053487	90.846582063087	90.98349012902713	91.07113177934163	91.11722503603409	91.3235415811746	91.40705062922493	91.46681470410869	91.5024715160264
GB24_02_R2 - polyg	0.15479019073133768	0.16272558661464617	0.16463447907524054	0.16506672828424948	0.1659062411988564	0.16650589328071852	0.16781263510910968	0.16840978864063072	0.1693267566158115	0.1702274840137752	0.1708596172500715	0.17145802005676308	0.1717565968225236	0.1719989562056095	0.17210889242061755	0.17222632428664889	0.1723624952802384	0.17248492424695192	0.17255113583099085	0.1726473300191229	0.17267856189838654	0.17272728363003786	0.17276476188515422	0.172839718395387	0.1728884401270383	0.17292217055664305	0.17297963721448817	0.17302336184545725	0.17303835314750382	0.17307708067779076	0.17312330385910096	0.1731732748659228	0.1732219965975741	0.1734493646786135	0.2650574636595847	6.422037683735896	6.4398473505672005	6.483883051053779	6.892072469553165	8.706239889616045	10.193465751171171	12.918419732870987	15.290199876031926	17.01306526953062	18.63548893931741	20.296731336478576	22.31299275160552	24.32199213016608	28.428735647577277	32.274249480451445	36.32225957499459	39.40377667877098	43.72236103612684	45.74929625831093	47.13263239668345	50.882161919654216	53.97154570917954	58.74681259932987	62.32853698284255	64.17189246799006	67.33507593894024	68.52047317146591	69.72744913401245	73.06558359839622	75.42864629941708	76.54676756545852	81.30536287845791	84.5953690168964	85.30766074523561	86.61823784840036	87.82544867467895	88.22683953770022	88.47916688737195	88.69646581053672
GB24_04_R1 - illumina_small_rna_3'_adapter	22.876228208124836	22.90550450853207	22.916949376745958	22.931068959788846	22.950006668591733	22.987387172977446	23.066755241576786	23.354307100567276	24.270424222508616	25.403253290217656	26.88709592018651	29.769854435468684	31.41375418424564	33.11064967731476	34.48707430412381	35.97620813866595	37.486756067645175	38.86769677758727	41.19941854974779	44.15979656155402	46.49422034155199	49.031826013257486	51.801718840891404	52.83363837819121	53.75021220314077	57.13080610992205	58.619175740227334	62.91379066590028	63.898466005557225	65.23280117425439	67.23466146571099	67.72896514191545	69.57010054562363	75.27749984397497	75.78670550279816	77.22297277995486	81.11926262297092	82.99813334017477	83.56375000841535	84.93235245899999	85.74907026366684	86.01699299097348	86.23402517470709	86.43890651107469	86.70284445914628	87.2852062978435	87.53672228799837	87.64916220471466	87.83358470194125	87.95796985869318	88.04587518033856	88.19631788203344	88.30564093718368	88.52536057248359	88.68679689798583	88.81747764202235	88.93260319077103	89.02060494771297	89.19761648337592	89.34263151545521	89.5828245461673	89.76756546182591	89.95076159320573	91.22190434965037	91.41935289004758	91.52428722943759	91.67961537964666	91.80725386300693	91.90107448935237	91.94911746237614	92.20457092388472	92.29788571980669	92.37551795306803	92.42576074257363
GB24_04_R1 - polyg	0	0	0.0001018938982476615	0.00014920177957693288	0.00016739711854972959	0.0001855924575225263	0.00019650966090620431	0.00021106593208444167	0.00022562220326267902	0.00023653940664635702	0.00024017847444091637	0.000247456610030035	0.0002547347456191537	0.00025837381341371307	0.00025837381341371307	0.0003075012286402641	0.0004712592793954344	0.00071507682163091	0.0008442637283377667	0.0009134060164343941	0.0009661724994555045	0.0010098413129902167	0.0010298561858602929	0.0010826226688814033	0.001446529448337337	0.09575842994603444	5.940221397245553	5.944855750081924	5.945749141225489	5.949360916011589	5.96997441553387	5.98894305641301	6.005842887250944	6.01025343741795	6.011348796824112	6.012484185976016	6.339012280580133	6.560986318378767	7.607955220542975	19.61474826839508	22.960709166975533	23.1345692699284	23.356386827811868	24.29494971991005	25.743043967399046	27.47350440227129	30.032262155532667	31.771520036798258	33.20974149336061	34.87162187611048	36.27069788040677	37.59188873622999	39.14329611840653	41.28578090664827	43.5606331468493	46.495324798627635	48.786378168650046	51.645484562801485	53.38876179444616	54.41848515433196	56.484736930879365	59.05059996400962	62.40399729762825	64.63668911789543	66.28850565865945	68.11482095877427	69.00361232064627	70.33504897184508	73.75830003131418	77.78407154552846	79.09759124644077	82.65431239541091	85.58789231197801	86.82734970513543
GB24_04_R2 - illumina_small_rna_5'_adapter	22.053835277232373	22.082784061538092	22.094079727972403	22.10797368881203	22.12661663312356	22.163000032933564	22.240712325686378	22.52037104663047	23.4143553582453	24.505318770511835	25.93172781301305	28.707792499626542	30.28864175979496	31.91997034887561	33.241248542325906	34.67626216062736	36.12828296226669	37.458569668042415	39.712308036899415	42.58080686502861	44.85188539192669	47.316518656681794	49.99477247911311	50.96645816627738	51.856979904885684	55.17615726449819	56.62207716897993	60.798788117643056	61.77099055243414	63.07078914822705	65.02226836560186	65.48189172572418	67.29787207330247	73.99984679524584	74.62353206828419	76.00666895564031	79.82572868238634	81.74605020130414	82.41210150160674	83.78005619812396	84.574504727422	84.83587349363063	85.04575490914794	85.24402951793451	85.50056378257807	86.06595300908148	86.31084407631634	86.42055105311893	86.60011539483978	86.72180036328814	86.806774415825	86.9506522392185	87.05557202233732	87.26670709670987	87.42223721518153	87.54803433023775	87.6588330273787	87.74410366394082	87.91663914621647	88.0572818383406	88.28822253918503	88.46248475912918	88.63453624538816	89.82500268836134	90.01395400545823	90.11612083379049	90.26774441298471	90.3916219197793	90.4825804193043	90.5290112852951	90.77966481638265	90.87091626086512	90.94607210849226	90.99398589460932
GB24_04_R2 - polyg	0.15630160084411818	0.16554847211009344	0.16764093609196506	0.16814312744761425	0.16871446109136007	0.16928579473510588	0.1704466573615703	0.1709597659206032	0.1718622547336539	0.17310499638549592	0.17372545744446827	0.174198536257761	0.17446964680845567	0.17474257689304762	0.17487722240144632	0.1749936725708722	0.17512467901147633	0.17523749011310769	0.17531754960458798	0.17536849655371184	0.1754158044350411	0.17543763884180846	0.1754667513841649	0.17554317180785067	0.17559047968917996	0.17564142663830376	0.175746959604346	0.17583975583310724	0.17585067303649093	0.1758888832483338	0.1759343715957658	0.17599077714658146	0.17610358824821282	0.17664762888349944	0.49850316043940285	22.533542652512878	22.578657995495924	22.648533555753154	23.04361077040339	24.53993540290758	25.892356738543715	28.462357391756385	30.513892778142594	32.169392055514706	33.600315361615074	35.00627466264477	36.52226299797686	37.82231450898149	39.68667626288844	42.57053377664457	45.29125915930619	47.51588316627283	50.4809100871866	52.04669178715165	52.86984164414538	55.382503325653076	57.54608015083208	60.631918663923535	63.14934024610652	64.29595592215524	66.4824370400332	67.39872883722867	68.7325035894855	73.60865064639852	76.65703041514666	77.42721182085671	80.78493418654917	83.9226894603317	84.83199242782773	86.01252239618785	87.0990006573976	87.44599123021052	87.67277793516746	87.8974940105493
GB24_05_R1 - illumina_small_rna_3'_adapter	20.084507588282467	20.103513528513467	20.112421152223277	20.122099058249454	20.135064066468196	20.169193498331943	20.265092235946447	20.615706124147895	21.87440103848728	23.23208569512096	24.64408654124646	27.070030033392165	28.465682836510176	29.915430337684715	31.01580402054075	32.374934719984466	33.80931043339497	35.632390918783436	38.2021190325446	40.44828201790604	42.74661681708004	45.90141808410134	48.813030219811765	49.81244189905797	51.10508002316264	55.35146444352844	57.4256358024512	61.951840087359614	63.63560810304267	65.55743003459415	67.9395887612255	68.58539289096011	70.32435177568837	73.79411950679021	74.43569836997258	76.52962196829367	81.34420104808618	83.2255140301281	83.92190285351789	85.50479774431994	86.41893381020486	86.64383931730302	86.86258256587021	87.13975581937709	87.37149511317945	88.11252645235531	88.37629735786676	88.4913417022861	88.67196020851344	88.78482631869016	88.88976388194749	89.05495558024535	89.22454889177959	89.40489652950008	89.61817303085861	89.76948695050055	89.86065395388593	89.9593502552978	90.14908800125593	90.32361196607903	90.57830031196998	90.75863948504963	90.95745273676087	92.36175922436351	92.53044258700754	92.6278395660506	92.74896152259251	92.8640721733651	92.96032078280095	93.01259417230358	93.18406945565107	93.2774457302955	93.34983957107295	93.39736006474435
GB24_05_R1 - polyg	0	0	0.00011286187785630488	0.00016929281678445732	0.0001918651923557183	0.00020879447403416402	0.00021443756792697926	0.00022290220876620214	0.000231366849605425	0.0002468853578106669	0.000260993092542705	0.0002652254129623165	0.00027651160074794695	0.00027792237422115076	0.0002821546946407622	0.00029344088242639265	0.0003399964070421184	0.0003837303847114366	0.0004260535889075509	0.00046837679310366526	0.0004768414339428881	0.00047966298088929573	0.0004909491686749262	0.0005106999972997795	0.0006503665711469569	0.04913159697779592	4.993010887136401	4.996399565019036	4.997141631865942	5.001145406982895	5.025307724258456	5.0439271125578	5.056288309730011	5.0594301022548365	5.060551667166033	5.06161115804441	5.117608989516288	5.185934159597022	5.939258978818393	17.23172188485769	20.240251336630273	20.36506951967198	20.59318453642167	21.794950508796866	23.559252528197764	25.27695528900527	27.51951939123657	28.969578673348693	30.182589921078794	31.52849461921122	32.813743111863246	34.14916153076935	36.11814985185045	38.53317395731355	40.414766272503144	42.90343416404096	45.54493819979831	48.751774435605256	50.51020199426374	51.813701663338605	54.49706475881939	57.67680144697957	61.209797223603445	64.35474705946137	66.58073880570294	68.99628066503071	69.97754133277068	71.26928784804028	73.56318576464105	76.48481298123775	77.91392650959321	82.46213321758971	85.81375713495157	87.17060379214217
GB24_05_R2 - illumina_small_rna_5'_adapter	19.39603884717122	19.414706201768652	19.423492498959767	19.43301804145084	19.445715002709672	19.47931680529444	19.57270436612664	19.914591209622852	21.143865853952047	22.453766202274835	23.8101092133355	26.143216757077024	27.483104506346237	28.877544044277293	29.933146830961206	31.247160994731864	32.63788314456103	34.39271182008936	36.865570584086456	39.03506649582012	41.278793075393345	44.33616914790213	47.133958669021006	48.055875150610646	49.31196718789197	53.47470402748458	55.4848827016628	59.899435552354916	61.565749478627495	63.434777445264736	65.76014548573227	66.37047148416275	68.08287679057838	72.25694355193428	73.065978404839	75.08409832289789	79.79518306069619	81.71773436213331	82.54326256771324	84.14705383520038	85.03623613989129	85.25433325420775	85.46575035612861	85.73493157790978	85.96117873058095	86.68346653339184	86.93970249778289	87.05228222094456	87.22852732940497	87.3377084992697	87.43824868161103	87.59612410867685	87.7572570116923	87.930933101658	88.13684536548641	88.28256556830709	88.37020845955641	88.46596753059707	88.65090159287894	88.81912645414418	89.0636713387628	89.23578711326714	89.42500569458713	90.73686842881114	90.89964629369635	90.99433881999126	91.11279864698923	91.22496501352325	91.31896908236324	91.36976680281289	91.53695333480185	91.62775212631072	91.6976545411345	91.74220676741828
GB24_05_R2 - polyg	0.20570205858090126	0.21642958007114305	0.21907336955992698	0.2196320358553157	0.22025277618352537	0.2208170855728069	0.22212910490288645	0.22263980490018623	0.2236273463314289	0.22455986759721663	0.22536541925041598	0.2259932134459917	0.22633179907956058	0.2266266507354602	0.22675362034804852	0.22686366067895844	0.22696382559555592	0.2270470612304749	0.22710067062245667	0.22717544161653647	0.22724739106366987	0.22731228664343722	0.22735037752721374	0.22744772089686482	0.22749427642148054	0.22752813498483743	0.22757892282987277	0.22760572752586364	0.22761842448712247	0.22765228305047935	0.2277298755915056	0.22782580818768344	0.22794431315943256	0.22859609050405272	0.5207588121637228	19.860884474271455	19.900915171573615	19.97266711042076	20.484425187825444	22.42350652204809	23.805893822197568	26.097043552072538	27.805859850772332	29.23230842803691	30.41547758448833	31.58066220070335	33.088910245491235	34.43401080274393	36.980276342872244	39.391460322941285	41.66646233964197	44.35224350085582	47.78938568461634	49.281192575347504	50.24566080643592	53.599795900580084	56.44421571730876	59.902084984937595	62.99223332522891	64.72598645584105	67.49662846301507	68.56286848168693	69.90299606244659	73.16009533555685	75.40866086814316	76.47532411885699	80.9958006634642	84.3429044626179	85.32498620051928	86.76369581003947	87.98038353344074	88.28630976110497	88.51423150188884	88.79813555563638
GB24_14_R1 - illumina_small_rna_3'_adapter	12.171682485197264	12.185232601822069	12.19064243248276	12.197176021958805	12.20563207486277	12.225474312127261	12.275017216263668	12.480451472425884	13.115078010686853	13.859215309867206	14.95058247391324	17.13620978441012	18.46162061809521	19.88686024108806	21.075485944424088	22.374014795538585	23.521395764172247	24.84449871301754	27.140565510727484	30.037638954867152	32.189579040876495	34.749979916293896	37.440920237735355	38.50367334467308	39.62093571960267	44.36348814736286	46.0234726283465	51.44216798151092	52.67244705911854	54.50664201827083	57.30052468391962	57.893952923792895	59.49384881357538	67.49068603618224	68.12934092474205	69.86393695434428	74.78713593348834	77.3027025470783	77.98250465407963	79.81793017557106	80.88049753725005	81.23463712574072	81.49879474545239	81.78866879623607	82.12958100048897	82.91986206557087	83.24045141670231	83.38831625173498	83.60891428645726	83.76276708426843	83.87336445495143	84.04716629355087	84.20364042132596	84.49663499245642	84.72536866951135	84.90717612876233	85.05333210741463	85.1895344620144	85.40708627449342	85.6148469900213	85.91559410388825	86.13700013048604	86.35516954595036	88.0606917989289	88.34028717145728	88.50137939072769	88.70168011230157	88.88272833780746	89.02748426157204	89.09458241447476	89.36817821514595	89.49709935560327	89.59202214826465	89.6575136046793
GB24_14_R1 - polyg	0	0	0.000055723577620853995	0.00009751626083649449	0.00011144715524170799	0.00012073441817851699	0.0001253780496469215	0.00013002168111532597	0.00013466531258373048	0.00015323983845734847	0.00015323983845734847	0.00015556165419155073	0.00016484891712835974	0.00016949254859676422	0.0001787798115335732	0.0003041578611804947	0.0005920630122215737	0.0009612317139597313	0.001283964101013844	0.001451134833876406	0.0015463292789786981	0.0015765128835233274	0.0016066964880679566	0.0016786727758282265	0.001822625351348766	0.035509849838889204	2.230496399560341	2.2366910039391925	2.2372435960839328	2.2397116862093895	2.251689933582139	2.262869476342323	2.271183898486501	2.273542863272451	2.2742208334668375	2.2755581993297382	2.3350013257567843	2.417908721993678	3.1956032239804557	10.608977439845237	12.436538971444918	12.519994316195081	12.763592257580381	13.620444423393316	14.670487911002017	16.247019369051216	18.096779780885605	19.453992524682064	20.604904975047447	22.11291965078034	23.290493511221566	24.358626265215438	26.055125942250868	28.51851206903037	30.838950966502235	33.26545040671246	35.72855327197239	38.28588006335771	39.75313990750814	41.622712373002486	44.85019644882927	47.7364873806993	52.17474263833495	54.394310251234394	56.94770620858171	59.15922408633068	60.18887274453015	62.45778822904434	68.53923195264238	71.96859558474233	74.17010643667689	79.09956967467183	82.0258887097995	83.4982565485652
GB24_14_R2 - illumina_small_rna_5'_adapter	11.82357265216832	11.837266721368646	11.842560461242627	11.849001178089303	11.85733649657509	11.876872254162667	11.92506386154177	12.124902541784557	12.745946458000443	13.46384259575284	14.512831979018216	16.62134482353504	17.897948768671462	19.271931987516062	20.418314575384017	21.67358103392312	22.779324880995333	24.054953663523392	26.27390599525328	29.086558219297352	31.186498920123505	33.68726628022365	36.301305742732595	37.31529143198914	38.405664858900934	43.07152539114469	44.68593030745019	49.96969566103719	51.188751081385675	52.97807462965878	55.71314338094449	56.270541684254425	57.85217417147167	67.37227343373793	68.16672680169418	69.85317069478478	74.6958142770307	77.26679566674886	78.07170184914048	79.91500993504953	80.95219752893794	81.29820147509596	81.554625126597	81.83737120307669	82.17096040050393	82.94244868903318	83.256037765726	83.40079368949057	83.61756305006718	83.76857394541969	83.87611580659646	84.04434760924956	84.19388647342659	84.47915868542509	84.70055542475993	84.87607076337122	85.01744380161105	85.1503584651312	85.36333630061384	85.56504404252266	85.8555055126871	86.06712044233376	86.27453752913299	87.86871246494638	88.13629476286599	88.2939437294026	88.49040648956785	88.66693878347073	88.8072762918931	88.87255646307594	89.14100479826439	89.2672094143127	89.35910223744095	89.42143834627282
GB24_14_R2 - polyg	0.35940778839157145	0.48840787058384844	0.5043633883092863	0.50743747234137	0.5107298070524688	0.5140221417635676	0.5198870483081626	0.5223017366717329	0.525287591705917	0.5291998512180478	0.5323435897221576	0.5352342503112394	0.5366389488304317	0.5378602239066221	0.5386914339394666	0.5393043932932959	0.5398244800177572	0.54022383232404	0.5404908411334732	0.5406742645764753	0.5408530443880089	0.5411014786715684	0.5412779366673679	0.5415147618722564	0.541647105369106	0.5417585525243477	0.5418676778638551	0.5419605504932233	0.5420069868079074	0.5420743194641993	0.5421788011722384	0.5422879265117458	0.5424365227187348	0.5431702164907427	0.7358669915351241	12.784530391871417	12.817822907684143	12.86344890867695	13.151809135601933	14.195249379262563	15.198603474272192	17.17822768375198	18.811864199783884	20.244213222554862	21.484541118660108	22.761816068543716	23.98319098281067	25.134560830875692	27.044725600851084	29.964072223328955	32.56011761389783	34.80482352575149	37.77929934102226	39.372893822902114	40.3412233275613	43.94960127458397	46.64661778780183	50.61859207880057	53.8197467642015	55.387506402406885	58.48977727750388	59.658911337751285	60.92411516763278	67.6705292393221	71.89295314993775	72.89195151863001	77.17556688292058	81.26522240440735	82.44297504466013	84.05894718658622	85.49146338009007	85.9470756034283	86.23212259930057	86.53822149843486
GB24_20_R1 - illumina_small_rna_3'_adapter	6.309508214507992	6.314491526683807	6.316877349450729	6.32037115562748	6.3253962784980065	6.341731194287739	6.384780530829103	6.559658987792871	7.226557860605286	7.982463862951232	8.981893643470432	10.849659690996493	11.985694157224572	13.230917252689284	14.146243514213978	15.35012628528362	16.593734442665138	18.409422656760775	21.171475040282644	23.807174197804983	26.033486551237267	28.672675595183733	31.80655048676664	32.96421153483376	34.59301378307843	39.820944654634644	42.2845222478757	49.30037903223973	50.88709620308981	53.24524812961817	56.604916451648634	57.490826276276024	59.315938882276264	64.36191614337315	65.11384490338476	68.12237917173067	74.57755192685762	77.37665903856673	77.99666460409283	79.97527864280185	81.28433229666328	81.69065385419738	82.01732342513942	82.32960097101157	82.70463636964428	83.74735589819943	84.17088908952796	84.33850947120682	84.59355470894126	84.79257753551616	84.95154832972676	85.16254600058363	85.36710351787085	85.64986924619838	86.0063014988533	86.28345022166332	86.44365443136789	86.66348069172972	86.96641093416564	87.29548723322196	87.74294267484599	88.07604717302084	88.39140564445947	90.36778934392251	90.61816354310726	90.8486672096308	91.09457289081834	91.3326560523424	91.48356391539491	91.55633934929128	91.75824319404859	91.90659668497113	91.99591216837814	92.06006283990625
GB24_20_R1 - polyg	0	0	0.00012804525255109915	0.00016724277884225193	0.00018030862093930286	0.00018553495777812323	0.0001933744630363538	0.00020644030513340472	0.00021689297881104548	0.00022473248406927604	0.0002299588209080964	0.0002469444156342626	0.0002560905051021983	0.00026001025773131353	0.000266543178779839	0.0003031275366515816	0.00037760283660477194	0.000406347689218284	0.0004272530365735655	0.00045861105760648777	0.00047951640496176923	0.0004860493260102947	0.0005004217523170507	0.0005291666049305627	0.000716008146918391	0.0345304074940862	1.8621947724558774	1.8636398545918111	1.8639887125758023	1.8660936197376374	1.8800936695446273	1.8928420116787201	1.9047175555607296	1.9078912486061033	1.9086686662108778	1.9093154253946818	2.020999630471854	2.0974060618869883	2.365945701339257	5.462614300966603	6.370728217653724	6.431149897847327	6.551234132808693	7.159271386973893	8.13089182917373	9.29527133324715	10.910857482210659	12.074621585121308	13.098647813388208	14.219229308168103	15.298048451853195	16.43666603506386	18.268207035375845	20.7838859805631	22.868704410173784	25.62937050784916	27.8071837620014	30.98429483166766	33.150568334079786	34.63736317090846	37.698377700621364	41.86637349007536	47.238493768677785	51.19293620856074	54.02014010711534	57.068785204114974	58.52029704094477	59.9253676486248	62.87260090560396	66.89318786451904	69.01677134104746	75.17988986070009	79.84071353504433	81.57610953628517
GB24_20_R2 - illumina_small_rna_5'_adapter	6.097337231030821	6.102210790133021	6.104557415373652	6.107923176297851	6.112830706589504	6.1289121450425545	6.170853498174088	6.341033478319757	6.992012929121126	7.720484582815893	8.68098468680693	10.481132388312332	11.576411879871289	12.781582942971703	13.665447963310907	14.830632323257504	16.037373900577983	17.785228182258358	20.456761718316073	23.017802654095863	25.18650901630646	27.751085568957713	30.784120904404	31.844370873300765	33.43022569857243	38.541158487070604	40.93565435997613	47.764161341094756	49.327830366485635	51.614625809569375	54.89340611634542	55.73162692390278	57.52443423531806	63.49959930982041	64.42332429464508	67.31496500666972	73.62304643122071	76.46818581122194	77.19415796932354	79.15645015808494	80.43024302387906	80.82367643476861	81.13844041039184	81.44120732980153	81.80553265766729	82.81755268363119	83.22924560885139	83.39307558973789	83.64177866771841	83.83559214304923	83.98831223840061	84.18961113466882	84.38444505226741	84.65535875522872	84.99843771726046	85.26349530979385	85.41708820339733	85.63046385751585	85.92605893619847	86.24395740734077	86.67293774823956	86.98875875048843	87.2857309689281	89.11742483959262	89.35750054203646	89.58289807746849	89.82387662960123	90.05577964781335	90.20209225420035	90.27262428300864	90.46913716131671	90.61282875977903	90.69856158928305	90.75864617075054
GB24_20_R2 - polyg	0.16491967211739628	0.17537234579503702	0.17745242785688753	0.17792279817238135	0.17864141948771917	0.17950899140296334	0.180959299875736	0.18143489652806866	0.18245664538005804	0.18369528721085848	0.1845249681840212	0.18513252984153405	0.18538339400979745	0.18561727258333466	0.18578974169901574	0.1859099474463086	0.18602362027255295	0.18612814700932934	0.18620784864612136	0.18625880543029988	0.1862993095408007	0.18632936097762393	0.18637639800917333	0.18643388771440034	0.18647961816174002	0.18651097618277296	0.18659329098798438	0.18666645970372786	0.18667821896161518	0.18670565723001903	0.18674224158789074	0.1867801325299722	0.18681802347205362	0.1869865728351056	0.2833118805271942	6.384203020608413	6.39631244306396	6.4264893119713085	6.680733613585193	7.705230212167587	8.598586260206089	10.29590709099191	11.653109679565187	12.86523961016649	13.85177863087274	14.891843180313769	16.165977064586627	17.376298682641696	20.20556698424764	22.711868574561834	25.32373302293074	27.50351399290279	30.87193512255407	32.60229685483491	33.76942541208555	37.96622746361091	41.21854552038779	46.42418737191065	50.47358059289708	52.401872847353516	56.19692115974191	57.6706854322472	59.15953683262194	63.5404026281053	66.59281068762888	68.05553171039372	74.27658156073628	78.97549608454602	80.04612947815733	81.69532750591549	83.39878013639746	83.92496511616147	84.26628280267852	84.59582685888194
GB24_21_R1 - illumina_small_rna_3'_adapter	18.703929543967504	18.725955600491776	18.736267237069033	18.746755695079454	18.759513361482128	18.785815549665045	18.84587884348645	19.059944764520708	19.840045563346898	20.768182739528648	21.926847912172086	24.1705837034648	25.53766829937684	26.871740333717447	27.990215468115	29.320568358311423	30.616334976181268	32.50961510748179	35.109945209521314	38.251029144946365	40.8760891979256	43.743732048572376	46.91692528274778	47.99517206758893	49.2652818955069	52.9384686757	55.02773178947004	60.09746603687587	61.47418592738333	63.19766738344181	65.59313659355513	66.21891648658877	67.49099639997456	72.96897597226592	73.511680735464	75.24931674724715	79.73840329892211	81.89152842030266	82.44701295258255	84.0223047860434	84.95226911703452	85.24319194750478	85.47798134050568	85.68462665539488	85.94312780258288	86.61073775265498	86.90837390353767	87.02945974745538	87.19805898397578	87.3430658207765	87.448175848208	87.5728850579936	87.7401787629325	87.92063829708229	88.13610552797437	88.30828981905213	88.40887027077079	88.51812970783382	88.70613657015576	88.91557713720087	89.2014119309319	89.43728140818703	89.67462145036131	91.55165758600197	91.74851730807757	91.91500794900753	92.08373096053116	92.25170837501162	92.35917896857583	92.41262619377306	92.66238352109117	92.78837321275526	92.87180935301686	92.927948684534
GB24_21_R1 - polyg	0	0	0.00010903988378352364	0.00013851012264393545	0.0001591392898462237	0.00016798036150434724	0.00017976845704851196	0.00019450357647871785	0.0002151327436810061	0.00022839435116819143	0.00023723542282631495	0.0002460764944844385	0.00025344405419954147	0.00025344405419954147	0.0002563910780855826	0.00031827857969244744	0.00045531519039336224	0.0006350836474418742	0.0007234943640231096	0.0007706467461997685	0.000819272640319448	0.0008664250224961069	0.0008929482374704775	0.0009224184763308893	0.00197303249170457	0.13023045903610275	6.16075490728103	6.165661702051288	6.166315941353989	6.169255597680315	6.1870143636176	6.203647366430415	6.221690520172703	6.229096391198324	6.234234527343637	6.238742000377337	6.710056583448017	7.184679200830778	7.819823262262316	15.852676566662947	18.552521771286308	18.80424771056029	18.993283084218458	19.598899439823803	20.758140755636965	22.100567602694497	23.945199737196198	25.395630589141312	26.54236473558211	27.844975816427286	29.013011051516393	30.234539190672976	31.89426620549279	34.15805649433001	36.40988628672574	39.81942346900193	42.20806000423546	45.51013838104299	47.98372877383943	49.06249128786064	50.7920892919946	54.1926969918961	57.91746847819046	61.449793410678566	63.608668175660775	65.77530982209464	67.01159370984864	67.9513392131175	70.16318231191548	74.65034445699287	76.4586751512663	80.0791794589606	83.96908300817346	85.69776743490274
GB24_21_R2 - illumina_small_rna_5'_adapter	18.06975357988253	18.091352317943326	18.1014075634425	18.11159837204043	18.124152693794965	18.149892000415647	18.208437576935744	18.41672143710559	19.17616065146674	20.068965958278746	21.17992618176689	23.33825722084213	24.64897703790975	25.928645537802094	27.003377996659136	28.28670375319406	29.53706262702778	31.357812079957004	33.864777518262855	36.907015325526196	39.45832463224531	42.23586812162415	45.293639691790816	46.30432300702058	47.53706015152771	51.130090829044384	53.15511766317038	58.090124293090014	59.446608444083964	61.118409415764894	63.452153210585074	64.0401021579936	65.28667852666959	71.71304427626369	72.38065422633579	74.05979034046908	78.45533688048917	80.644607249832	81.30255538209373	82.87673471403761	83.78221664409541	84.06403611778171	84.29045743645818	84.49084769314928	84.7417086809127	85.38909025903102	85.67876797190944	85.79689058330973	85.96100444947561	86.1032499248951	86.20462312603908	86.3240615836045	86.48385953328926	86.65736261755605	86.86455460537613	87.02945680043149	87.12613539252501	87.23162705954975	87.41504245865724	87.61702263473484	87.89096176654985	88.11432112740874	88.33877088710547	90.1014271316811	90.29027242229861	90.45241767650862	90.61738028555365	90.78010462995724	90.88396806628492	90.93605818698265	91.18039741088627	91.30292140246038	91.38348419443308	91.43607678270337
GB24_21_R2 - polyg	0.18766058701533025	0.1983848069366341	0.20073653199769495	0.20124931415386613	0.20195365286262995	0.20270514395357048	0.2041609737532748	0.2047385904349389	0.2056993202217883	0.20704758364965214	0.20779170718087753	0.20836342981476952	0.20871854619303748	0.20905450691604618	0.2091989110864622	0.2093138450180178	0.20943172597345944	0.20957318311998943	0.2096424381813114	0.2097205343142915	0.20977358074424024	0.20982515366224597	0.20986788550859356	0.20995040217740268	0.20998281944014915	0.21001671021483864	0.21007270366867342	0.2101286971225082	0.21015227331359654	0.21019205813605807	0.2102495251018359	0.21029667748401254	0.21038214117670773	0.21084924446264525	0.4906603213705972	18.47830392174025	18.513976172368835	18.566411094861223	18.882365946219526	20.129621603901246	21.18878198854445	23.203535497403703	24.84562899480139	26.191914969637697	27.320994969489167	28.533534685793324	29.85957608004447	31.2892716719274	33.74953267568728	36.64956479235358	39.7395517541305	42.20485364224745	45.6388275465867	47.3235129066974	48.31630631342695	51.25043107591893	53.813920432359055	57.64511042469031	60.745238095659104	62.238920943667694	64.92536897770512	65.97819031396944	67.00446927960414	71.52504036096563	74.49056124242755	75.39751079038061	79.37940274317235	82.94361152708353	83.85775476034243	85.21534109826975	86.4335081566843	86.8194003053942	87.06637416865192	87.29197179415226
GB24_29_R1 - illumina_small_rna_3'_adapter	17.324032562595953	17.34158676404545	17.349726921966244	17.359169851789908	17.371530297404917	17.402429967127684	17.484920559655787	17.79738072364964	18.6759573849734	19.650260339177677	20.94757850955557	23.286134956827844	24.78756224310515	26.329314797151916	27.46626492377932	28.8245505083078	30.110829781065284	31.385774071678973	33.35808118510531	36.043263061739864	38.20027781105318	40.84791617012329	43.66400640258951	44.580481882905765	45.548353303536345	49.237593906817374	50.85194494168189	53.88391834387476	54.88628000069212	56.25742865236797	58.29282343399524	58.85044447197629	60.90932670003862	69.4760340954183	70.08319079631804	71.41197769642949	76.29181749765942	78.81499347761903	79.37026317119003	80.78947861768563	81.62241060002236	81.85920311435856	82.07311190582445	82.27707803456379	82.5991847767608	83.24019621535808	83.55998916532849	83.6992398831457	83.88956734771787	84.03405803944152	84.13034328212959	84.26993485822736	84.4163435999366	84.63711144214163	84.84613556112913	85.00272383318361	85.10039561802994	85.21084381113874	85.41833840080791	85.60688358098083	85.85920392317482	86.07629309571621	86.30065872595898	88.028889645774	88.24110425604026	88.38329271005529	88.56945188226419	88.75609489991376	88.88896463517347	88.95661056071967	89.26964700629804	89.40132662620525	89.50445358785548	89.5795088480599
GB24_29_R1 - polyg	0	0	0.00003755218345293078	0.0000924361438841373	0.00011843380935155092	0.00011843380935155092	0.00012709969784068878	0.00013865421582620596	0.00014732010431534382	0.00016176325179724027	0.00016754051078999885	0.00017042914028637815	0.00017620639927913673	0.00018487228776827458	0.00019498249100560213	0.0002498664514368087	0.00040007518524853175	0.000541618030571117	0.0006268326007143061	0.0006788279316491334	0.0007163801151020641	0.000740933465821288	0.0007727083902814602	0.0008174821474753392	0.001022574841718269	0.049004155091326475	4.777108581820705	4.779657797351259	4.780371288836865	4.784347487338632	4.804505788279114	4.821782681296959	4.836077064359792	4.839686406915518	4.84056166165292	4.841269375879533	5.022162576516545	5.146266765569489	5.9221309835757445	15.023604580361138	17.517154776205885	17.632035571276887	17.853230930647385	18.801167919123458	20.08881351363273	21.586430697604314	23.701544431757902	25.235081723516963	26.52341625616112	27.920655009448275	29.17450075022041	30.350152734840307	31.782303464220696	33.697271282143916	35.76335775217021	38.37561473285391	40.645579228419905	43.555991879831396	45.196461902602174	46.3072294914744	48.67211724092091	51.27999505928811	53.91684005424499	55.74683305827322	57.42662888300771	59.28942516359681	60.23239226502436	61.8742098334552	67.26997619451546	72.84737668967855	74.35186447890727	78.6519029005682	82.36124980945877	83.68178389509907
GB24_29_R2 - illumina_small_rna_5'_adapter	16.721525110870655	16.738955101251808	16.746890166478362	16.75606734238836	16.768046488909842	16.79833665780888	16.878637669178726	17.18225573828416	18.04068709750017	18.98202934483601	20.23033469423409	22.486508872584373	23.933026200765006	25.41705816021512	26.510013015297922	27.820787866184702	29.063866240509082	30.292960759441492	32.197724493668744	34.79888047119786	36.89634612344333	39.46823017397089	42.18345090873829	43.049255494743804	43.98194629673799	47.59987097069765	49.16321314160035	52.12404970950064	53.11681245050153	54.45291769344206	56.44103427610208	56.96379966626508	58.999818391863556	69.19436238891161	69.94848678132811	71.251196578661	76.06001075783396	78.63317158259893	79.29090096440652	80.71965755412866	81.5304294152839	81.76063152142412	81.96777080966523	82.16711946415461	82.48045921583011	83.10230893066316	83.41383317870019	83.55001183904798	83.73595436404469	83.87720690210287	83.97035509315788	84.10477313382763	84.24447303353153	84.45774632650821	84.65828798497958	84.80823240919239	84.90189910924198	85.00848809334363	85.2104047394553	85.39199265548619	85.63349363590149	85.83810537333326	86.04883378372364	87.64740712427891	87.84866805149491	87.98726016178693	88.16933625620271	88.35054142882534	88.47848749510847	88.54402183249283	88.85025122266299	88.97811063006122	89.07734083052085	89.14771795525587
GB24_29_R2 - polyg	0.2412236719836418	0.24930605731451105	0.25098146242241104	0.25129921166701275	0.2520069258936257	0.25293128733246706	0.2546269128468417	0.255207527375614	0.25669517156624927	0.25864210784680897	0.25962424187557787	0.26031318001046433	0.2606670371237708	0.26112055195470235	0.2612823152064996	0.26142819099606673	0.2615697338413894	0.26172716414894204	0.26180226851584787	0.26192359095469575	0.26200158395109807	0.2620492463377883	0.26208535420649304	0.26214890405541336	0.26220812096008916	0.2622283413665638	0.2623092229924624	0.26239010461836104	0.26241465796908026	0.26245076583778504	0.2624940952802307	0.2625388690374246	0.2626096404600859	0.2630241587928163	0.5167310431450612	17.26615164906225	17.3012947155152	17.362382007789883	17.76661104225421	19.153553275701515	20.339646211636076	22.46248269674824	24.227777621631304	25.77331716894782	27.00453338624532	28.213263067228258	29.578937766008472	30.761255263191266	32.384379065836285	34.890117833841	37.45400615792259	39.68108172704109	42.793893425690136	44.217970435628146	45.07501091974166	47.807174910820066	50.17293935931873	52.6427435763885	54.62127135343529	55.79488974288973	58.04702995014832	59.026773638009026	60.55706266589941	67.77105086579014	72.19940654262447	73.05613649906714	76.7898619965924	81.06955580071033	82.0498021101034	83.32075287043835	84.42650146556062	84.75137407050042	84.97538151068562	85.20185728477551
GB24_32_R1 - illumina_small_rna_3'_adapter	6.201030946558672	6.2117806131783535	6.218903359759688	6.2261271575770305	6.234773866041948	6.25768518547094	6.325963047638639	6.64161706666888	8.074512668807113	9.60983598865484	11.104584506130792	13.747272333545332	15.429569213938002	16.935172545941374	18.080846396413236	19.509906148254892	20.81934445113598	22.804329384533247	25.49423954698021	28.615533339274418	31.16840983235081	34.19696590113436	37.63851700592616	38.798697170994174	40.28200095321358	44.78381986180615	47.04383485180112	52.6384723522043	54.120594927408206	56.20854833918334	58.97520281870679	59.70542089901789	61.328628751933394	65.73418953044194	66.36423442805233	68.08767418263001	73.2102658551506	75.78347959225226	76.39442170958536	78.1177972829726	79.1649844139393	79.5135715770075	79.80244974961005	80.07030380289393	80.35647544104017	81.19670144731862	81.59515329868515	81.77710560801859	81.98807327765883	82.18184448493352	82.32843978612206	82.50759406866388	82.77121899116509	82.99649087292946	83.31645185950524	83.58829333993972	83.72851968214525	83.91956387160496	84.1959021320418	84.49844407042136	84.93436817810274	85.28366816205198	85.63274009794159	88.21348624879758	88.52416144611857	88.78646587476545	89.08991044648286	89.40395174240871	89.57702656410312	89.67396474169433	90.01725081154385	90.19339677147855	90.31005769233553	90.3913902817497
GB24_32_R1 - polyg	0	0	0.00007100897665440605	0.00011470680844173287	0.0001201690374151487	0.00012290015190185663	0.00012563126638856457	0.00013382460984868834	0.0001502112967689359	0.00016250131195912157	0.00017069465541924534	0.00017615688439266117	0.00018161911336607705	0.000182984670609431	0.00019117801406955476	0.000219854716179988	0.00026218699072396085	0.0002949603645644559	0.0003140781659714114	0.0003468515398119065	0.000364603783975508	0.0003837215853824635	0.00040693605851948087	0.00043834387511662196	0.0004601927910102854	0.006902891865154281	1.3384509320733864	1.3395420123108264	1.3399216372244787	1.3430378388538124	1.3699201987464786	1.3893998728229229	1.3996292621328874	1.4017800147911696	1.4022374764676935	1.4027741404643317	1.4351119015441967	1.4668419896507694	1.794208393157258	5.443025141902564	6.348801992533733	6.407574210730445	6.711271410537879	8.344970839754069	10.126553290639277	12.087145274998512	14.460459183917319	15.99170904650812	17.212954200384438	18.683207352029104	20.027924826292242	21.26350560010929	23.576993080639514	26.17693213855086	28.679526082812473	31.577855785083575	34.45013611738046	37.81626613006458	39.54372062293771	41.440765035420235	44.62617856807613	47.7634753257052	52.45938634752465	55.16304084362597	57.78437408686894	60.20704606234878	61.276819510120546	62.675458743251994	66.00774615077407	68.7268287126108	70.38624431583384	75.4046658196024	78.77422064985285	80.10814066299278
GB24_32_R2 - illumina_small_rna_5'_adapter	5.987403171408378	5.998065442364485	6.005007935389697	6.012092446368217	6.020578019078418	6.042975888983911	6.109235457545932	6.415562720604066	7.813724008700348	9.290579629616632	10.72150200153822	13.26447547348581	14.890479987635699	16.346651512986902	17.45132723834155	18.834748701553067	20.1033199728123	22.01529948486538	24.61507604146476	27.644327178885185	30.131842640065685	33.06957139992204	36.396098886991645	37.48255261649098	38.92402255256023	43.33685765450413	45.53067316045579	50.983867607149605	52.447152320181445	54.47287455726244	57.16373651310803	57.845241069876955	59.435720612340994	64.71924730266257	65.51325465848245	67.17180040174148	72.19099344535255	74.80677433284404	75.52649400906823	77.25469819286798	78.27391734593354	78.6116742745047	78.8901469009129	79.15129606813191	79.4297809845553	80.24655764185087	80.6342188598804	80.81259750590802	81.01805378651409	81.20574280182686	81.34737020576408	81.51922558484017	81.76979851120942	81.98678965385008	82.29443877631978	82.55428929860037	82.68968976150788	82.8751747674299	83.14455961038358	83.43721901099298	83.85641094577156	84.18832055822669	84.51804937576418	86.91764070271685	87.21838147109243	87.47431694075631	87.7722296400809	88.07915638276886	88.24733021951687	88.34153864817863	88.6770314828403	88.84883497074117	88.96121896631195	89.03807662463964
GB24_32_R2 - polyg	0.1902904018613747	0.19889887472347806	0.2006331324225376	0.2009499417029957	0.20152074463071767	0.2022854566869959	0.20372202290700428	0.2041098411641168	0.20530333819480814	0.20672488328513963	0.20750051979936468	0.2081996851079619	0.20848645212906625	0.2087158657459497	0.2088633459282319	0.2089766871794303	0.2090750073009518	0.20926072308604793	0.20932217316199886	0.20938225768070645	0.2094163966117903	0.2094723844587678	0.2095147167333118	0.20957480125201935	0.20960484351137315	0.2096294235417535	0.2096895080604611	0.20974413035019523	0.20975232369365537	0.20977690372403573	0.20983016045652653	0.20989843831869423	0.20996944729534867	0.21017837755358182	0.3007544239480068	6.289509497027305	6.309975103433451	6.355763603360352	6.828382965285159	8.97535303000356	10.470444302347591	12.850023387898908	14.914011270053173	16.404011744993984	17.627721729694553	18.895315261967546	20.302750049303445	21.77050150007829	24.406136224330904	27.236011907549916	30.29058047626212	32.82538108810824	36.542814357217594	38.3872192690833	39.47502899692528	43.10564696428841	46.05051212629853	50.27134305204065	53.70527844408626	55.430814329032486	58.61840319437705	59.84353062749622	61.11137678785923	65.01648814782342	67.69216647268016	68.5931925496617	72.89348115472285	77.1816367836768	78.22248363236261	79.70917945877449	81.0820041977776	81.54408418889818	81.84331874763434	82.1303356657142
GB24_33_R1 - illumina_small_rna_3'_adapter	48.194287294803814	48.24540371083619	48.264566767544714	48.30561936853771	48.38754240651261	48.64895672132493	49.2385618993459	50.15007477534026	51.60345689956196	53.71694764669033	55.92994025886462	58.32078915121933	60.23368297973258	61.86856615750432	63.33086237308879	64.68219532240447	66.01081003049993	67.06696859704476	68.337764149388	69.845305724516	70.80430517464944	72.25637930154556	73.2807845905492	73.98151728107851	74.57831196494735	75.91642010568678	77.52399659956531	78.70813284964507	79.38482138385699	80.13245682780129	81.10672669876675	81.49229026658568	82.57205101774883	83.77798573010753	84.0942299191129	85.79667056149249	88.79809887665428	89.76687993692467	89.97015406924388	90.46965823970974	90.82044191973752	90.94867045207462	91.07597323287993	91.16239811096517	91.38009604940909	91.91029186944981	92.20151389043886	92.27153206234416	92.33268541675855	92.40799231757626	92.4702371629096	92.53873829682084	92.63166881913853	92.78641416027153	92.90416079623233	92.98442793348337	93.02901182862595	93.07809905702649	93.16507192029268	93.28857613352228	93.47631555787862	93.62310242213331	93.77739086009096	94.54801629812448	94.62151499715989	94.73538691501574	94.82865638184586	94.90931323062887	94.96691438682683	95.00596019740249	95.17005861530208	95.26852274274377	95.32352731520976	95.3589417907445
GB24_33_R1 - polyg	0	0	0.00008062997212562138	0.00013438328687603564	0.00015528735372341896	0.00018813660162644987	0.00019410919215427367	0.0001970954874181856	0.00023293103058512842	0.000276232311911851	0.00028967064059945457	0.0002911637882314105	0.0002926569358633665	0.0002926569358633665	0.00029415008349532244	0.00030908155981488195	0.00036432802219725215	0.00041957448457962234	0.000461382618274389	0.0004957250138093759	0.0005196153759206711	0.0005285742617124068	0.0005435057380319664	0.0005539577714556579	0.0017469827293884633	0.019094371917452706	9.007946143478886	9.016763180245587	9.020022721526146	9.03298174982389	9.064649917950044	9.09099202847301	9.106371449082157	9.11177813665747	9.11435829576549	9.118976601391129	9.230281798467654	9.395949514528432	11.824110673058096	41.5661795730416	48.70745973869259	49.11218934951531	50.17033828185353	52.54434297577215	55.14487160378718	57.439200446917	59.71595046297581	61.507857525166926	62.86310102813069	64.54507808221433	65.88459724746596	67.0021062639126	68.19098773716672	69.56940489137844	70.74308164229635	71.89734299455596	73.23493898565764	74.3305823481819	75.13952494074667	75.8148263408085	76.87293495816066	78.54667879620169	79.76604287836219	80.65055815202315	81.59362273062837	82.47465897030688	83.06917660403698	83.89367779492675	84.97789857806654	85.84045711579961	87.32188652513997	90.48851221485845	91.77955335594336	92.20623223695583
GB24_33_R2 - illumina_small_rna_5'_adapter	46.496423149916176	46.54694230689577	46.56599188438427	46.605805172842736	46.68515999689067	46.93984917476866	47.512928194799144	48.399690655646204	49.814716803498214	51.86022005950074	53.99839403013297	56.301245759946	58.13692593811554	59.70119368492919	61.10383865261703	62.40425377453536	63.686224043756155	64.70641716329006	65.94035735263373	67.40319558080859	68.3363904535666	69.74093470504226	70.72743345511346	71.38583839657207	71.96432858362076	73.27161069149847	74.82090366071122	75.97262815514412	76.64112528144713	77.36867042400345	78.32348010188164	78.68521303349456	79.74474312739234	81.19825067601512	81.6104266140784	83.24036299374548	86.15910228619717	87.15077031337017	87.39010993359167	87.88453292266597	88.2253991161223	88.34844642617654	88.47045301233129	88.55416334802163	88.76481810908561	89.27771880010536	89.5605149890073	89.62871152080162	89.68794020791842	89.76107308578399	89.82113644242705	89.88660051405489	89.97463948473029	90.12107097984857	90.2333437365906	90.3098376897757	90.35271342402731	90.40002380674585	90.48466885285379	90.60244684491485	90.78025385122342	90.91840882901778	91.06288280759057	91.78086583271187	91.85127520929674	91.96263565283564	92.05321596078062	92.13109256867293	92.18626138737844	92.22398277600453	92.38336284738713	92.4783061327127	92.53160702373063	92.5646966684024
GB24_33_R2 - polyg	0.18286280419038145	0.18637468742074187	0.1878917254148091	0.1882411219606868	0.18866517588816228	0.18899665466245652	0.18984476251740748	0.19021207683486865	0.19099448619401357	0.19167386836655353	0.192300990371975	0.19269368819917942	0.19289824942475742	0.19305055048321693	0.19312968730771057	0.19318941321298883	0.1932476459706351	0.19329393354722574	0.193352166304872	0.19341039906251828	0.19344324831042134	0.19349401532990784	0.1935253714301789	0.19359554936888085	0.19362839861678388	0.19364930268363126	0.19367916563627036	0.19371798747470123	0.19375680931313208	0.19379264485629905	0.19384639817104943	0.1939120966668555	0.19408978123505827	0.19522158714008087	0.9152114026787128	47.19792182518066	47.32273403573586	47.7440988043262	49.05199310273301	51.78959716280448	54.1794740160508	56.63016826549431	58.64438559916446	60.40714940587507	61.883693236163666	63.15066931686435	64.56277785424352	65.63016787727592	66.79224137794591	68.37263511918468	69.52227965896628	70.68086516676802	72.05004869602372	72.83948032848173	73.36041415376141	74.4240369653184	75.99587497062605	77.32771039816365	78.25281689019933	78.98288843854893	80.0626551623026	80.61644868751875	81.43096818648888	82.72642157882623	83.63331764234258	84.36204535782342	87.6676502428291	89.36862162793885	89.71770610596147	90.1521583135459	90.58971776135243	90.75788351340147	90.89437960417672	91.00096048214573
GB24_37_R1 - illumina_small_rna_3'_adapter	13.939658481195968	13.956927519429136	13.963354326233315	13.970569124727946	13.98114958264621	14.004717212086467	14.06766038562497	14.342394356291324	15.50806111492597	16.82569941674992	18.475818124359137	21.55363620368255	23.458566047981	25.30949709221717	26.735823488579182	28.483790730455745	30.189671202587242	32.0158205759482	34.77309966254456	38.25971180392587	41.05096401701389	44.22609105663355	47.594006273428896	48.81834368794482	50.206190713809086	53.52250716625019	56.329213365525064	62.64934746408113	63.98486917054098	65.75590453526081	68.70918520243494	69.41924050796563	70.9042923189535	74.1724117271007	74.75041298110264	76.94076009357923	81.78494969527827	83.6422848414733	84.1175626973602	85.6151248781184	86.6489646336775	86.90408428914722	87.1419282284881	87.34232920674106	87.63873161331576	88.43828941909067	88.83745929789193	88.98243107082754	89.2210670085963	89.37706665846088	89.50208087236183	89.6408689138961	89.8071912549056	90.07527404147288	90.308810738099	90.49661854067519	90.58946399549771	90.67513739035797	90.85046287032571	91.02050212807174	91.31955165249471	91.56323875055718	91.80826944123082	93.63243147283687	93.7878421323023	93.95370503408893	94.1247192646045	94.31144658365936	94.41894200602864	94.46797512286193	94.66532563836742	94.76809845291055	94.87153772144269	94.91498143959029
GB24_37_R1 - polyg	0	0	0.00009883285609084054	0.00013890023018172184	0.00015225602154534895	0.00017095412945442688	0.00018163876254532856	0.00018163876254532856	0.00019232339563623023	0.0002016724495907692	0.00022304171577257255	0.0002270484531816607	0.00023372634886347423	0.00023639750713619966	0.00024307540281801322	0.0002911562517270708	0.00038064005386337233	0.00047680175168148746	0.0005048489135451044	0.0005676211329541517	0.0006183731401359347	0.000645084722863189	0.0006477558811359143	0.0006597760933631787	0.0006744674638631686	0.0021663093591803156	1.5258150218088051	1.5275846641644857	1.5280948553945763	1.5298978872286662	1.5411755174561126	1.5497205527705615	1.5568832636788748	1.5600726266565088	1.5612986883036897	1.5646683544647328	1.5778171310622238	1.634549861616639	2.598325135682152	12.11391913062987	14.124418492182976	14.18975101679643	14.530092641378332	16.147105013355393	17.723123119320935	20.186024537313315	22.707300112618704	24.583764758783857	26.031726201575808	27.878913617492753	29.647956298141118	31.130449139503725	33.446411476492614	36.398942883771255	39.49511582716569	42.29043888546135	45.74291896643377	48.49816797274286	49.95601270114389	51.99476623932675	54.732744871823535	58.52195250023486	63.60427185520997	65.45338384066241	68.21744766927151	70.24443208410473	71.39754306327842	73.14641315665116	75.98984911775514	77.21846439224484	80.42797992346757	84.94165509187008	86.6033105320592	87.65370612659265
GB24_37_R2 - illumina_small_rna_5'_adapter	13.56218909220232	13.57955696329158	13.585925004613758	13.593035627935754	13.603378352767747	13.626521268042639	13.687899142833324	13.955250032033865	15.092794836373258	16.363412739122424	17.950128833970233	20.91724209425967	22.756094160786578	24.544335791520158	25.919112839955975	27.6096635347603	29.263787644199475	31.022446197062617	33.69577478588462	37.083347056408954	39.80180085751125	42.88309010701008	46.13530143206405	47.288914588993016	48.638331660787586	51.8869783251266	54.61973617877934	60.78123419425566	62.09899670493929	63.821390277512776	66.7084222127859	67.37562279056813	68.83403914683953	72.7350561182306	73.47710922871026	75.58431921110653	80.32880649469696	82.22385305338634	82.78470547127739	84.27770798486404	85.28835674429934	85.5358449005839	85.76514380461032	85.96047492446164	86.24942212829717	87.02576489752383	87.41519706884188	87.55755644898676	87.79059363901587	87.94291777509719	88.06305846072955	88.19622772083714	88.3549225693989	88.610613852739	88.83469331350051	89.01382652958603	89.10274137501024	89.18550854966978	89.35642661848752	89.52002704921713	89.8050970668198	90.03432785631028	90.26388853384744	91.96574757719935	92.1139781632277	92.27689344186035	92.44512031871832	92.62718513100816	92.731277497738	92.7788347996256	92.97145736498837	93.07158840399975	93.1720813849571	93.21259350690039
GB24_37_R2 - polyg	0.12612140900500343	0.1322009652337265	0.13380633135563447	0.13414289729799786	0.13468514242736113	0.1350831450099972	0.13597798303136022	0.1363839990888145	0.13695562695917773	0.13770622243381359	0.1382925416746768	0.13864112782926746	0.13883478680404004	0.13901108325003994	0.13911926516008533	0.1392167624370398	0.13927285676076703	0.13930758181831246	0.1393569982463579	0.1394064146744033	0.13943045509885782	0.1394638445772669	0.13948387826431236	0.13953329469235776	0.13957736880385774	0.1396134294405395	0.13966017471031222	0.13969623534699402	0.13972027577144852	0.13974431619590305	0.13977369893690306	0.139803081677903	0.13985516926422117	0.14016502362385733	0.34456873254848824	13.758747609279956	13.785344332201483	13.833533363020585	14.246161872778982	16.02729154461143	17.520145808913938	20.306820992301642	22.540864247382594	24.45009866323754	25.929074924734106	27.46621031530272	29.2506321897063	30.82829706474698	33.22574308484536	36.44575226134249	39.83869756673241	42.4186518113939	46.244402220555244	48.063050981486384	49.17696538416612	51.82334198601633	54.78875638964432	59.6485388777604	63.232202212664646	64.7332676174975	67.89800919375281	69.16876599673216	70.34618050945025	73.2950390741039	75.4270948351739	76.43872123853703	81.09550237582167	84.46473313806632	85.20017780297927	86.46838097864989	87.77324580161365	88.14186831440804	88.39038219546933	88.61148197917763
GB24_39_R1 - illumina_small_rna_3'_adapter	14.8976763557892	14.913971950974183	14.921621310704166	14.929589670666154	14.939830907281188	14.96160267311561	15.007698206640509	15.212077667783987	15.899908626371044	16.678432015501286	17.63091021864741	19.203724247958615	20.151832812510072	21.101024648682717	21.76209613989117	22.64233075924514	23.432574083982527	24.392133427695377	25.762658111966555	27.307818808665722	28.474189990291094	30.22924619381218	32.08108573855631	32.82325971583326	33.73637794243654	36.36060676768297	38.620932755349216	44.36309975449609	45.66911993352035	47.324664679250915	50.06974474864144	50.72956349935545	52.35423500388217	55.6939647349231	56.238089411910444	58.413880338095055	64.42603118984894	66.71509045882934	67.29431180717552	69.07851997981527	70.49093005913267	70.82925306560884	71.10878034182338	71.39487370614668	71.88651619913085	73.24268255004266	73.87978582590256	74.12702097446463	74.50699344873212	74.83615849021444	75.08167568961038	75.33829808458304	75.70593920613203	76.2502599353453	76.88390072952029	77.35369502953111	77.57350944981698	77.78244131010472	78.29101739873786	78.79636361002196	79.58408816209412	80.15316796139778	80.79740886744882	85.1746569468182	85.60587547918985	85.97391535102885	86.44232731670097	86.94667665226004	87.21261983526163	87.35780149293439	87.95479713545767	88.37544546222503	88.63435402552707	88.77888106814038
GB24_39_R1 - polyg	0	0	0.00003322919083398025	0.00007310421983475656	0.00009968757250194075	0.00009968757250194075	0.00011297924883553286	0.00011297924883553286	0.00012627092516912495	0.00012959384425252298	0.000132916763335921	0.000132916763335921	0.00013623968241931902	0.00013956260150271705	0.00015285427783630915	0.00015617719691970718	0.0001761147114200953	0.00018940638775368743	0.0002126668213374736	0.0002392501740046578	0.00024257309308805581	0.00024589601217145385	0.0002525418503382499	0.00025918768850504597	0.00028244812208883213	0.006758817415631583	2.3036601754328485	2.3063251565377336	2.3069432194872457	2.309292523279208	2.3226041371273007	2.3325064359958265	2.3404847647150655	2.343169683334451	2.3440834860823854	2.3462865814346783	2.3847028489578426	2.4612662275584167	3.4005092439953692	12.892666855895833	15.081054968325603	15.15734919048042	15.410565593392601	16.364412839201087	17.367695152213287	18.662254583318905	19.915147932037797	20.887929170783487	21.57443428465627	22.477616983200186	23.309968338562392	24.010011024780937	25.2273424934693	26.613800574745376	27.904395763384503	29.232912104603365	31.06082995486612	32.67799498518343	33.57582778400308	35.01848971865576	37.03926314668075	40.095308629733836	44.82495892373575	46.742854776938756	49.2361406527848	51.21894973028198	52.351124751620105	53.995853395734215	56.832300448241845	58.315033464121214	61.23283554454768	67.0518151412264	69.42717726464079	70.7278442210217
GB24_39_R2 - illumina_small_rna_5'_adapter	14.454465408445571	14.470508461780216	14.477978383879696	14.485734077020346	14.49576929265221	14.517129016520292	14.561975132469831	14.76039992261586	15.43065928508991	16.178445672698718	17.090899315485316	18.59889316223667	19.506854218422518	20.421826633874332	21.055822980391255	21.904815514523115	22.667375600376715	23.588997176914404	24.91414075526362	26.41389043976907	27.549421609381426	29.25623899656882	31.050017176168744	31.745617119572785	32.6361893401952	35.20617815724333	37.39189796564912	42.98879026538892	44.27427812739686	45.87901876326136	48.5603054320888	49.180056424495206	50.77675891909695	54.75693145967661	55.443669177885226	57.54018522349721	63.43644262637942	65.76574244545978	66.44919047377581	68.22091443941923	69.59588851234308	69.9240134801523	70.19359193663114	70.47205587873897	70.95238383224415	72.27288196971479	72.89386576510111	73.13492028416806	73.50516989719753	73.82416348336557	74.06023030088832	74.30561790644002	74.65549470256917	75.17355772518542	75.78213374071436	76.23138243203252	76.44156703281469	76.64327486701512	77.13987183235261	77.62759660373744	78.37953996311958	78.91694902063938	79.52278362792451	83.62517977822971	84.03898953752343	84.3981106945426	84.85751422657961	85.34713306184199	85.60214716397829	85.7430123497617	86.32426732458693	86.73208918369235	86.98226179272416	87.11578665025233
GB24_39_R2 - polyg	0.16766785111009755	0.17436685598222795	0.17630079488876563	0.1766663159879394	0.17736412899545298	0.1780021294594654	0.17965029732483082	0.1802085477308417	0.18115890258869352	0.18295992473189526	0.18387372747982972	0.18464132178809467	0.18486063444759893	0.185069978349853	0.1852294784658561	0.18535574939102523	0.18548202031619437	0.1855717391314461	0.18561493707953028	0.18569136421844845	0.185737885085616	0.18580102054820058	0.18583757265811796	0.18589406228253572	0.18590403103978592	0.18592064563520289	0.18597048942145386	0.18601036445045466	0.18603030196495504	0.18604691656037203	0.1860834686702894	0.18612002078020679	0.18614328121379056	0.1864290522549628	0.4076922652611871	14.758901286109246	14.788305797078237	14.831503745162411	15.110655531520514	16.185104802541847	17.07299875038305	18.57964681490563	19.663686030401653	20.66987922053091	21.365180101217444	22.136479464260375	22.995626839111104	23.756638444671836	25.050327270977604	26.54311876292242	27.96807286177966	29.31917508400838	31.39314180072042	32.48928641043726	33.16136340964993	35.26897135916229	37.496144583133486	41.85761876561398	45.18323938222681	46.586145912965705	49.52663688489362	50.725898319606465	51.987670508116196	55.02043562007099	57.13835126458005	58.18964311250919	63.403858081847616	67.73522329451345	68.64451019541356	70.15338461572202	71.85796567836628	72.36513284930808	72.66131791888768	72.9643249413455
