Sample	1	2	3	4	5	6	7	8	9	10	12	14	16	18	20	22	24	26	28	30	32	34	36	38	40	42	44	46	48	50	52	54	56	58	60	62	64	66	68	70	72	74	76	78	80	82	84	86	88	90	92	94	96	98	100	102	104	106	108	110	112	114	116	118	120	122	124	126	128	130	132	134	136	138
CV_GBM_C009_R1_val_1 - polyg	0	0	0.00017721176776712877	0.0002198738600073635	0.0002297189582166484	0.0002297189582166484	0.00023300065761974338	0.0002461274552321233	0.00026581765165069316	0.00029043039717390547	0.00031012059359247535	0.00031996569180176026	0.00032324739120485527	0.00032981079001104523	0.00034950098642961506	0.0004479519685224644	0.0006366496842004256	0.0008155023016691019	0.0009598970754052809	0.002037935329321981	0.0027336556027781162	0.002812416388452395	0.0028731278274096526	0.00290102227233596	0.0029272758675607195	0.002971578809502502	0.003099565086223206	0.0031176144329402283	0.0031176144329402283	0.0031274595311495132	0.003163558224583558	0.0031832484210021278	0.0032127837156299827	0.0032718543048856925	0.0036033059445982852	0.0036935526781833967	0.003770672614156129	0.003875686995055168	0.004216983732977046	0.005823375590792037	0.006907977243514927	0.008325671385651958	0.010698340054089626	0.01441978717719933	0.02099139023189702	0.0293695688079985	0.03670416697391578	0.0434185239526481	0.05009021883914018	0.059170681087503986	0.06778186032122521	0.07751209905140181	0.0888831874831259	0.09910732197346832	0.10941021724948499	0.1262436943376607	0.14114917302651808	0.15344405984021342	0.16577668619704433	0.17867540570090912	0.19263247326227206	0.21189112620933492	0.23268561447704628	0.2535506592819241	0.27687861948882475	0.30039035486229876	0.3166692247513514	0.33481538160076507	0.37516223491211625	0.4054621655008922	0.4245091488364554	0.45064624373240536	0.473542660467799	0.48525012308834037
CV_GBM_C009_R2_val_2 - polyg	0.07008069075309324	0.07581053791089706	0.07708383727929792	0.07737919022557647	0.07784847324021905	0.07821602357336568	0.07904629352234872	0.07933180137041798	0.07984702817670389	0.08044429746806717	0.08084794649464785	0.08112689094391093	0.08135989160153068	0.08157648376213494	0.08171923768616958	0.08187840010721968	0.08195552004319241	0.08201787233185122	0.0820654569731961	0.0821278092618549	0.08217375305349822	0.08221641514573846	0.08225415468887406	0.08229517593141275	0.08231978867693596	0.08235752822007156	0.08244121155485047	0.08249864129440464	0.08253966253694332	0.08257247953097427	0.0826217050220207	0.08267421221247022	0.08273656450112903	0.08281040273769866	0.08311067823308185	0.08450211877999411	0.08485490146582683	0.08550303709793808	0.08725710542889235	0.09122632085693572	0.0969020199745885	0.10577409431085577	0.1109312849228195	0.11867281381472057	0.1325806558850371	0.14896289930528722	0.17127353269722842	0.20200828845691443	0.24430775291310713	0.27328023609333113	0.30011305126273724	0.3302735096268816	0.3618057183415197	0.3820570853580188	0.3993352327153139	0.4219871628451769	0.4423008821503348	0.46973096661110425	0.4930359549221832	0.5139682745648245	0.5478370532544663	0.5664426480203132	0.5776824684759134	0.5928603282152277	0.6063464719122466	0.6167084377775189	0.6382839705031669	0.6576164616867994	0.665344863781088	0.6729173851537298	0.6792084029094627	0.6818222764840279	0.683725662137823	0.6852319621638436
CV_GBM_C010_R1_val_1 - polyg	0	0	0.00016011447384307412	0.0002201574015342269	0.0002351681334570151	0.00024517528807220724	0.0002501788653798033	0.00025518244268739934	0.0002651895973025915	0.0002852039065329758	0.00029771284980196594	0.0003102217930709561	0.00032022894768614824	0.0003302361023013404	0.0003502504115317246	0.0005453899265279712	0.0010332387140185877	0.0015561125426623765	0.0018513236038105443	0.003907793877232528	0.005473913574510096	0.005619017316430382	0.005699074553351919	0.005751612115081677	0.005781633578927254	0.005854185449887397	0.006054328542191239	0.0061043643152672005	0.006121876835843787	0.006151898299689363	0.006204435861419121	0.006236959113918496	0.006299503830263446	0.006379561067184984	0.006784850829100265	0.006919947416405359	0.0070625493696718465	0.007317731812359247	0.008168339954650577	0.012223739362457188	0.013932461013001246	0.015881354374309913	0.018983572305019472	0.02366692066492939	0.030606882390565138	0.038017180383114905	0.04437422535241571	0.05034849665768541	0.05587995137123286	0.06374557489877387	0.07116087646863126	0.07891892308405896	0.0876351547538913	0.09583101438373365	0.10433959759530076	0.11831709080407037	0.13108622009305554	0.14135856430555024	0.15314699244224658	0.16632141149314703	0.17985358632154058	0.19876460675559993	0.2215609049690076	0.2499186793598083	0.2764301337241061	0.2981181395638812	0.31600592843853714	0.3388297463271366	0.3787157628346386	0.40791163642446165	0.42448098267856604	0.4427940756243677	0.46118222222978317	0.4702161810586479
CV_GBM_C010_R2_val_2 - polyg	0.07205651680669094	0.08067768050767897	0.08225380735957173	0.08252400053418191	0.0830393689968643	0.0835547374595467	0.08435030625145448	0.08464551731260264	0.08517589650720783	0.08598647603103839	0.08662443213775689	0.08702972189967217	0.08729240970832097	0.08755509751696976	0.08773772808869701	0.08790534792850148	0.08799291053138442	0.08807546955695975	0.08814301785061229	0.08823058045349522	0.08827561264926359	0.08833065199964715	0.0883931967159921	0.08843572712310666	0.08846074500964465	0.08848326110752883	0.08851078078272061	0.08854580582387378	0.08859083801964214	0.08861335411752633	0.08865588452464089	0.08872593460694723	0.08878847932329219	0.08887604192617513	0.08936389071366574	0.0928363733651374	0.09347683126050971	0.09455760395895045	0.09685424594313705	0.10185281967342552	0.10718413129466912	0.11475704554971577	0.11949793504866305	0.12688821873198242	0.14027028624114812	0.15611411378565104	0.17886537980329037	0.20788612818734753	0.24441974789876023	0.26868459605194733	0.29286688517955917	0.31764710179542865	0.3431053031364774	0.36063533623364025	0.3769920304521718	0.39656352309083376	0.4140235061056903	0.43978692566250244	0.4633437676266647	0.4873559351258182	0.5156061326045056	0.52977125996231	0.538875268873481	0.5519120895484226	0.56433347021453	0.5732173217241667	0.5867244786660223	0.5989682323377099	0.6045247049377953	0.6098184897292319	0.6144217808522203	0.6166233548675626	0.6182570228584927	0.619392834907317
CV_GBM_C011_R1_val_1 - polyg	0	0	0.00013014689861205926	0.00017352919814941234	0.00019522034791808886	0.00022052668931487818	0.00022052668931487818	0.0002241418809429909	0.00022775707257110368	0.0002874077344349642	0.00030729128838958436	0.0003289824381582609	0.00035248118374099375	0.00035428877955505014	0.00036513435443938846	0.000549509127473139	0.0010212916349418538	0.0015454944210182035	0.001925089541970043	0.004081551348139303	0.005659582493810521	0.005836726883588045	0.00593975984498926	0.006008448485923402	0.006111481447324615	0.006275972666403746	0.006512767718045131	0.0065380740594419215	0.0065688031882808785	0.0065886867422354995	0.00660314750874795	0.006632069041772852	0.00666279817061181	0.006707988065963221	0.0069538210966748875	0.0070442008873777065	0.007165309806919484	0.007349684579953235	0.007808813916723554	0.009985159276847434	0.011071524361095318	0.012194041361624329	0.01366542435426622	0.015798387414852746	0.019668450052747453	0.025152695752594503	0.030747204797098995	0.03665442791743524	0.04277856253545825	0.05077175122521556	0.05906319322429217	0.06816443814806603	0.07875875721425046	0.08781300464685887	0.09719804211343958	0.11430512889766914	0.12940939951992425	0.1425018160011346	0.15465970544647778	0.1673273369113849	0.18122232593403625	0.19984417801044507	0.221580517674473	0.2458908737777173	0.2697294473734928	0.2908512044607416	0.307504584695643	0.32517202618223	0.36342798399091925	0.39993780424322994	0.41913085659688054	0.44232592608285204	0.46526431696322745	0.47744751274996744
CV_GBM_C011_R2_val_2 - polyg	0.11065378535327526	0.11857828540209843	0.12015812414358369	0.1204690306236014	0.12104746128409943	0.12151020581249787	0.12242846448603852	0.12273214058279998	0.12335756873446349	0.12402095639822218	0.12463915416662946	0.12511635946154034	0.12535676970480986	0.12566948378064158	0.12577793952948496	0.12598219785647335	0.12607800043461834	0.12614849667136652	0.126195494162532	0.12626599039928021	0.12631298789044565	0.12635998538161114	0.12640517527696254	0.12643228921417338	0.12645940315138424	0.12648290189696698	0.1265280917923184	0.1265606285169714	0.12658051207092602	0.12660039562488062	0.12664016273278988	0.1266835450323272	0.12674138809837704	0.12682996029326576	0.12719509464770518	0.12932444251666358	0.12970765282924354	0.130268007531601	0.1314176384693409	0.13375485985691576	0.13699226395989075	0.1420589550266908	0.14589828853574652	0.1526496589012471	0.16442433803401035	0.17791261799849906	0.19900906874435104	0.22649898588452044	0.26234361087725844	0.28835491464152974	0.3135672610559881	0.3418579431417844	0.371339830869044	0.391058893604585	0.4081442892390459	0.42908528674488905	0.44819880488272124	0.47431675680002183	0.4962410864287116	0.5173899574531713	0.5459318953571215	0.5595720133699909	0.5681924378072257	0.5804117855102469	0.59186109739648	0.601450393190049	0.6209868887483705	0.6386796365763543	0.6460293211563075	0.653579648871621	0.6598538139422107	0.6623826404860755	0.6640727425722183	0.6653073305132188
CV_GBM_C016_R1_val_1 - polyg	0	0	0.00020380607851629176	0.00024134930350613496	0.00025743925707321063	0.00025743925707321063	0.00025743925707321063	0.0002681658927845944	0.00029498248206305387	0.00032448073026935924	0.00034057068383643485	0.0003486156606199727	0.0003566606374035106	0.0003647056141870484	0.00038079556775412406	0.0005068335373628835	0.0007481828408690183	0.0010243937104371507	0.0012630613550154396	0.0023223166315145876	0.0029766414099089977	0.0031455859223632923	0.0032099457366315948	0.003306485458034049	0.003504928218694649	0.003958128577500613	0.004448872161296422	0.004497142021997648	0.004510550316636878	0.004537366905915337	0.004609771696967178	0.004754581279070859	0.004848439341545467	0.004953024039731459	0.005127331870041446	0.005207781637876823	0.005352591219980505	0.005497400802084185	0.005942556184106612	0.008122744892445365	0.009629837209894784	0.011595493204005863	0.014421961713955487	0.018712615998509	0.02461226563977007	0.03250438786442069	0.04082557551752665	0.0478327502959881	0.05309416511242185	0.060181789658718676	0.06751344516744949	0.07526343946892428	0.08432476498611571	0.0926942224999229	0.09998297146580817	0.11135052366094714	0.12327317925415021	0.13667074725766853	0.14833328193487055	0.15708353501643185	0.1674106035475666	0.18567538250512533	0.20519517784091595	0.22556505905683374	0.2464471371279701	0.26341399316445135	0.2781684805854598	0.2933815316831298	0.32047165017222956	0.3683741236003416	0.39807885954409117	0.42105531323787526	0.4428652452980463	0.45644784776758596
CV_GBM_C016_R2_val_2 - polyg	0.09774646791998466	0.1048528640787764	0.10635995639622584	0.10665493887828889	0.10720736061742515	0.10766324263515896	0.10854819008134813	0.10881099265627703	0.10965303355962065	0.11059161418436673	0.1112083957377713	0.11164550614301019	0.11190562705901125	0.11208261654824908	0.11217647461072369	0.1122703326731983	0.11235078244103366	0.11242050557315766	0.11247145709278675	0.11250095534099305	0.11253849856598289	0.11258408676775628	0.1126269933106018	0.1126618548766638	0.11268062648915872	0.11269403478379796	0.11270744307843719	0.11272889634985994	0.11275571293913841	0.11277716621056118	0.11279593782305611	0.11282275441233455	0.11287370593196364	0.11296488233551039	0.11347707919072897	0.11629013940603936	0.11687205939338194	0.11781868499491155	0.12007396015322999	0.12476149995910471	0.13059678978609746	0.1406020592458907	0.14668138003531744	0.15295109860862127	0.16368846095571643	0.17731665162702953	0.1971904259412958	0.2237013061019808	0.2613062092471645	0.28198448123978453	0.3044567830551336	0.3310749295729324	0.3578834738746083	0.37635205891068335	0.3941368209201576	0.41462737678782846	0.43709163362639397	0.46698676735402056	0.48967628354252507	0.5071767897056476	0.5301237451512255	0.5436983026439817	0.553108243821793	0.5667257078573947	0.5773933470723659	0.5877633221463462	0.6108765404454504	0.6295542948778974	0.6355933907834064	0.6421849084280518	0.6480041083014775	0.6499590376598772	0.651197964084542	0.6521419080271438
CV_GBM_C018_R1_val_1 - polya	0.05052325673294584	0.052556135350054024	0.05455997284406066	0.0559332030935766	0.05693304747464409	0.05905719819292856	0.060181504530145535	0.062235126806611966	0.06283669292800112	0.06440906230735623	0.07183944108948023	0.07333505892920981	0.07472488410621235	0.08357620355437624	0.09235284582885045	0.09317429473943703	0.09500388549483439	0.09552247697879057	0.09610744817269312	0.09640200813558022	0.09670071683033898	0.09748690152001653	0.09812580622825054	0.09921277397862266	0.10086189489760328	0.10150079960583729	0.1021500761437504	0.10253798257374963	0.10291759154000554	0.1031831103797911	0.10359798356695604	0.10527821997497402	0.10811180384331052	0.10890213726485973	0.10972773490731795	0.10992272530528548	0.11007000528672903	0.11028366497811896	0.11063215845533751	0.11085411561047076	0.11138930202191352	0.11171705183977382	0.11221904839624339	0.11256961623939776	0.11290151478912971	0.11309028208928976	0.11331846234223047	0.11357153498640107	0.11381838453276422	0.11399678000324515	0.11416480364404694	0.1144137275563459	0.11473940300827037	0.11507545028987397	0.11533889476372369	0.11579732963554096	0.11626613633703733	0.11664367093735742	0.1169776438530252	0.11719752664222262	0.11733236042805122	0.1174402274567141	0.11769744883275637	0.1179111085241463	0.11812476821553625	0.11853341830489371	0.11880516024248675	0.11901052247013338	0.11913291006034704	0.11924077708900993	0.11945236241446404	0.11957889873654934	0.11974899674328697	0.1199792513621635
CV_GBM_C018_R1_val_1 - polyg	0	0	0.0001369081517644287	0.00032360108598864965	0.0003401960134752471	0.0003733858684484419	0.0003816833321917406	0.00041487318716493547	0.0004439143102664809	0.00048747599491879917	0.0005185914839561693	0.0005497069729935395	0.0005559300708010135	0.0005683762664159616	0.0005766737301592603	0.0006969869544370916	0.0008857542545971371	0.0010579266272705856	0.0011969091449708388	0.0017798059729375731	0.0020266555193007097	0.0020909608633112747	0.002132448182027768	0.002165638037000963	0.0022050509897816317	0.002294248725022093	0.002441528706465645	0.0024643467317597163	0.002480941659246314	0.0025162058801553337	0.002570139394486775	0.0026240729088182167	0.0026904526187646063	0.0027589066946468207	0.0029580458244859898	0.0030513922915981003	0.0031717055158759317	0.0033791421094583993	0.004157029335392653	0.0067790278782750455	0.007998755048539955	0.009172846168216724	0.01095057777521847	0.01398330077339415	0.01891614296878523	0.025531295938130128	0.030744177534857545	0.03423326103891465	0.03767670849238361	0.042989159654030606	0.04823523110573122	0.05457241903967561	0.06223720117254779	0.069298342818095	0.07634288953615559	0.08871025924554232	0.10046154227198911	0.11082922321924085	0.12131514302483459	0.13225534897037394	0.14511641777248696	0.16556759153378245	0.1877487864855557	0.20709639756899248	0.2256329315715218	0.2422859413043223	0.2567795360979293	0.27973654390970104	0.3226199109010046	0.3509391546568831	0.36915831067123117	0.39350306929406964	0.4155017200434903	0.42544830470576966
CV_GBM_C018_R2_val_2 - polyg	0.09688118666675573	0.10529481490246062	0.10692111779614716	0.10715344678095953	0.10781309514855178	0.10834828155999454	0.10933567974544708	0.10972566054138212	0.11037286271335943	0.11112585754806378	0.1116485977638916	0.11205517348731324	0.11226883317870318	0.11249286469977224	0.11260902919217843	0.11271067312303384	0.11280609395608177	0.11286210183634904	0.11292225844848795	0.1129678944990761	0.11301145618372842	0.1130425716727658	0.11307368716180316	0.11313591813987789	0.11317533109265857	0.11321266967950341	0.11328112375538563	0.11335787529501114	0.11339936261372763	0.1134387755665083	0.11349685781271139	0.11355286569297865	0.11361302230511758	0.1136752532831923	0.11392832592736293	0.1157662141465036	0.11605040227971157	0.11660425798457676	0.11789243923072387	0.12117823487307017	0.12532281801284786	0.13239225712213837	0.13605143863293312	0.1406752003038863	0.14948088370146206	0.16043975894042384	0.1760887755602852	0.1996846880802909	0.23695274648331704	0.2659254155089803	0.28743244153161057	0.31240365866706804	0.338138242466909	0.3567162637881548	0.3748731888244282	0.39360056449305336	0.41439815736563157	0.44716691605385406	0.4706674077408118	0.4865404558817422	0.5072758177762458	0.520333951342262	0.5293678149927785	0.5429963991911466	0.5547186410944919	0.5644266736741514	0.5835087659178027	0.6017860041783538	0.6089550128525639	0.6156178762384328	0.6215796039379928	0.6244152621722652	0.6264709588146675	0.6278856763828999
CV_GBM_C019_R1_val_1 - polyg	0	0	0.0001483689324644721	0.000253663013568291	0.0002775934865464317	0.00029195177033331605	0.0003015239595245723	0.0003110961487158286	0.00033502662169396924	0.0003709223311611803	0.0003948528041393209	0.000397245851437135	0.000397245851437135	0.000397245851437135	0.0004044249933305772	0.0004833955541584413	0.0006652671487923104	0.0008519248380218075	0.0010074729123797218	0.0016033416895354243	0.002031697155844142	0.0021106677166720066	0.0021776730410108004	0.00224228531805178	0.0022638227437321067	0.0023619376829424835	0.0025557745140654224	0.002567739750554493	0.0025892771762348193	0.0026227798384042163	0.0026706407843604977	0.002718501730316779	0.0027950792438468292	0.00288362199386595	0.00325454432502713	0.003398127162895974	0.0035249586696801194	0.0036781136967402196	0.004269196379300294	0.0073083664475241585	0.009643980610190686	0.012855450083857163	0.017304125010493512	0.02411234457277453	0.0353524877306072	0.05045740227440959	0.06332721064205363	0.07327989435366233	0.08175367483522195	0.09417598335817476	0.10579662103635987	0.11758716507268976	0.131136598872913	0.14336028447014726	0.1549833151956302	0.1736825867807493	0.19172377035896954	0.2076782166934959	0.2224720350885825	0.23595446356446692	0.2513393646421136	0.2756048642419482	0.30211743525443024	0.32770629000995605	0.35174445011649835	0.3704844035056803	0.3856299998535455	0.4065548054256317	0.466938567891374	0.524496141498398	0.5542249680791421	0.5905418538707683	0.621474383242313	0.6364668245631181
CV_GBM_C019_R2_val_2 - polyg	0.11610586879534286	0.1221507062696212	0.12357696245911838	0.1238545559456648	0.12436188197280139	0.12487878018912923	0.12630982247322203	0.12674057098682856	0.12784615883841868	0.12891345793324377	0.12968880525773552	0.13029424622408248	0.13057183971062888	0.1307967861566234	0.13090447328502502	0.13101933955532014	0.13110788230533926	0.13119403200806057	0.13122274857563432	0.1312706095215906	0.13132564960944032	0.13138308274458788	0.13144051587973538	0.1314788046365004	0.13150273510947857	0.13152666558245668	0.13156734738651954	0.13160085004868893	0.13165589013653867	0.1316965719406015	0.1317611842176425	0.13181143821089658	0.13187365744063972	0.1320196333258064	0.13271122399487467	0.1357097122590357	0.13672197126601104	0.13842582094205466	0.14178326630088778	0.14898394562001033	0.15968565313583483	0.1760301661799049	0.18587755581040977	0.19643089439376982	0.21105002033611595	0.2276864851505193	0.25096365621635675	0.28199190747981395	0.32547836297569116	0.3564898629080636	0.3845579146641248	0.41722540332658464	0.4504863677189023	0.4724952237168983	0.4939608579782905	0.5194396325581168	0.5463781659896098	0.5850809199371567	0.615180668849062	0.6390608878339485	0.6661693276235863	0.6821237739581126	0.6943187429877731	0.7168540693912882	0.7340361489895932	0.7494497666348137	0.7848740457843553	0.8116450659050012	0.8207003568799296	0.8296216372061804	0.8368558191874724	0.8398088395529749	0.841869253276393	0.8431088517766605
CV_GBM_C020_R1_val_1 - polya	0.045393857828438876	0.046808180735594555	0.04844490331365432	0.04962987656019016	0.05047082531579624	0.052534972261374796	0.05332379609411273	0.055130793420208435	0.055933517232377876	0.057165402909495046	0.06312328159332406	0.06443682964960132	0.06630637688313881	0.0775601477303714	0.0885550314606922	0.0895245550260397	0.09110915268123132	0.09195357643169527	0.093001287381345	0.09384744862923788	0.09475268478971469	0.09648844472122392	0.09832845449846946	0.10135865001453764	0.10612808045697295	0.10802542764937344	0.1090071136967235	0.10969690017601197	0.11006698712837579	0.11068206121821991	0.11194348435162903	0.11671291479406434	0.12682167483562667	0.1289900716269415	0.1304408819801049	0.1308822063270552	0.13121754333084026	0.13165365518550376	0.13241641655680758	0.1330349656415096	0.1342633763237689	0.13516861248424566	0.13605647367043308	0.13662463532969588	0.13714240956351945	0.13749859653645177	0.13784435852481047	0.13833085780491317	0.13882083207987372	0.13920308151424013	0.1394689186208677	0.13986854302952345	0.1404210672119258	0.14086586655373395	0.14147225315643341	0.14230277692746585	0.14319411310851113	0.1442348740684451	0.14492292305030463	0.14544417227898607	0.14581078423649202	0.1461826086862848	0.14663262052037979	0.14708958234419053	0.1477307188954687	0.14856471766135904	0.14915199179234015	0.149662816036448	0.15008676540910887	0.15041167742832032	0.1507748143909684	0.15104586398988276	0.15156885071599313	0.15214569986240062
CV_GBM_C020_R1_val_1 - polyg	0	0	0.00017027474803594158	0.0002640996091986033	0.00026757460405647966	0.0002779995886301087	0.0002884245732037378	0.0002988495577773669	0.00030579954749311957	0.00034402449092975953	0.0003839869317953377	0.0004135243880872867	0.0004239493726609158	0.00043437435723454485	0.0004517493315239267	0.0005976991155547338	0.0009365111141976788	0.0013413480151402747	0.0016037101269099395	0.002545433733394433	0.003214370243535632	0.0033829074941426358	0.003462832375873792	0.003525382283315566	0.0035931446830441555	0.003752994446506468	0.003966706630265864	0.0039892940968420595	0.004010144065989318	0.004037944024852329	0.0040952814400072885	0.00414219387058862	0.004192581296027827	0.004246443716324911	0.004689505560704146	0.004854567816453274	0.004993567610768327	0.005165579856233208	0.0055686792597468655	0.007532051354447008	0.0086648996781147	0.009891572862945057	0.011947032321378923	0.014883402976284446	0.020068095304235974	0.028390707988849854	0.03653957093056991	0.04293703646392029	0.04878371531229726	0.05642696650219632	0.06494765389370916	0.07438747742513027	0.0852103489099862	0.09421579808417278	0.1033185471143799	0.11836701234641347	0.1332955902558503	0.1472059946719294	0.15964995125798462	0.17062398501915815	0.18473246414213618	0.20643033203471617	0.23058502129181474	0.2519614521600412	0.2727714588664337	0.29177273074930166	0.3073146452511537	0.3247434819608326	0.3715238627375641	0.4270664430484309	0.45112035745465107	0.475518296351801	0.4981665753380101	0.5114584306693872
CV_GBM_C020_R2_val_2 - polyg	0.11792395050203425	0.12502683999153352	0.1266774625490248	0.1269728371119443	0.12769216104752468	0.12822383526077977	0.12936015857930533	0.12977368296739264	0.1307953314556083	0.13177875500038727	0.1324581164951021	0.132995003200644	0.1333268652095712	0.1336326647570643	0.1337647145616636	0.13393151431484168	0.13405661412972525	0.13416955146260623	0.13425295133919524	0.13435198869264472	0.13442148858980224	0.13447013851781253	0.13452226344068066	0.13458133835326458	0.13464041326584847	0.1347012256758613	0.13482632549074486	0.13498270025934928	0.13505046265907789	0.13514255002281161	0.1352381123814032	0.13533019974513694	0.13544313707801792	0.13557344938518828	0.13595917381441253	0.1382005454977428	0.13873221971099786	0.13950888106173326	0.1412724409521055	0.14512447275206145	0.15089470171356514	0.1600669506409298	0.16548099262950117	0.17153790866677965	0.18201501816327686	0.19481168672740656	0.21557651850064674	0.24536764941722078	0.2835352554387058	0.3056709726833782	0.3294555749881129	0.35705919664165375	0.3876686888472577	0.4088140325574353	0.4321034480949227	0.4546735396968296	0.48086805093550167	0.5188080447937957	0.5458521922752184	0.5636563284295479	0.5870048188796193	0.601936871783914	0.6135833170500866	0.6316585028033305	0.6466826430713589	0.6593698492974656	0.6817436036899025	0.69971453959741	0.7067670416614701	0.7130689448362288	0.7185681241988182	0.7215340323100157	0.7238900788236559	0.7257665760469091
CV_GBM_C028_R1_val_1 - polya	0.027813060912495444	0.027939197243164356	0.02806533357383327	0.029515901376525776	0.02964203770719469	0.02964203770719469	0.029957378533866975	0.030840332848549368	0.031155673675221655	0.03143948041922671	0.032480105147245246	0.03329999129659318	0.0348766954299546	0.0362011269019782	0.036611069976652165	0.03686334263798999	0.03730481979533119	0.037998569614010214	0.038408512688684185	0.03907072842469598	0.03970141007804055	0.040048284987380056	0.040300557648717886	0.04045822806205403	0.0406474325580574	0.040836637054060765	0.04405311348611807	0.04515680637947106	0.04651277193416188	0.047837203406185476	0.04824714648085944	0.04887782813420401	0.049476975704881354	0.05029686185422929	0.05140055474758228	0.05244117947560082	0.05603606489966485	0.059189473166387695	0.06076617729974912	0.061932938358436565	0.06309969941712401	0.06401418781447363	0.06496021029449049	0.06644231217985022	0.0676406073212049	0.06953265228123862	0.07088861783592942	0.07237071972128917	0.07360054894531107	0.07470424183866406	0.07580793473201705	0.07814145684939196	0.08075878571077191	0.08274543291880732	0.08406986439083089	0.08589884118553015	0.08927298803092358	0.09665196337505502	0.09889088324442824	0.10030991696445352	0.1019496892631494	0.1040624728018537	0.10529230202587561	0.10645906308456306	0.10863491478860182	0.11115764140198009	0.11418491333803402	0.11702298077808457	0.11907269615145441	0.1212800819381604	0.12276218382352014	0.12389741079954036	0.12468576286622107	0.12550564901556902
CV_GBM_C028_R1_val_1 - polyg	0	0	0.00025227266133782717	0.00037840899200674075	0.0005045453226756543	0.0010090906453513087	0.0011352269760202221	0.0013244314720235926	0.0016397722986958765	0.0019866472080353886	0.002144317621371531	0.002144317621371531	0.002144317621371531	0.002144317621371531	0.002175851704038759	0.0027119311093816417	0.0037210217547329503	0.004225567077408605	0.004288635242743062	0.0045409079040808886	0.004730112400084259	0.004950850978754858	0.005423862218763283	0.005928407541438938	0.01141533792553668	0.04919316896087629	0.11437411783403738	0.11468945866070968	0.11475252682604412	0.11522553806605254	0.11645536729007447	0.11781133284476528	0.1188204234901166	0.11998718454880403	0.12219457033551002	0.12370820630353699	0.13108718164766842	0.1372993959331124	0.1580488223281487	0.34621269360350054	0.41309648294069196	0.4439998839545758	0.48048481760055906	0.5270921917827226	0.5864393353624464	0.6624049405077996	0.7249054923542464	0.7697784919897124	0.806042687057025	0.8519563114205095	0.8920361304905569	0.9271020304165147	0.958478442670407	0.9841787200441982	1.0071986003912747	1.0349485931384357	1.0592298367922017	1.0851823868273307	1.1122070956731456	1.1333664651428559	1.1550619140179088	1.186974405677144	1.2236800779017978	1.2597550684731071	1.2883564814522832	1.3091374419299866	1.3255666989996127	1.3400408429438706	1.358172940477527	1.3836209451899801	1.402635997038319	1.4201058788359635	1.4328141141508566	1.442400475281694
CV_GBM_C028_R2_val_2 - polyg	0.4302510239116642	0.4688487410963518	0.4941390753954689	0.5025271413849517	0.5060589586436812	0.5080140717690494	0.5103475938864244	0.5126811160037992	0.5135010021531472	0.5146362291291674	0.5160867969318599	0.5170958875772111	0.5175373647345525	0.5179473078092264	0.5183887849665676	0.5187987280412416	0.5189563984545777	0.5192086711159155	0.5193978756119189	0.5195240119425878	0.5197132164385911	0.5197762846039256	0.5200285572652634	0.5201231595132652	0.5201231595132652	0.5201231595132652	0.5201862276785996	0.5201862276785996	0.5201862276785996	0.5202808299266013	0.5205331025879392	0.5208169093319441	0.521762931811961	0.5240964539293359	0.5419762788016544	0.7044398727032151	0.7256938444209271	0.7492182700906793	0.7831804771232844	0.8347387022842028	0.89109010801054	0.9732994615240044	1.0197491652928319	1.0721903447684327	1.1425428831990192	1.2021107653574137	1.2618993860944787	1.3158857356207736	1.3673808926163575	1.414776618865202	1.455108710596587	1.4873996112478287	1.5222132385124492	1.5436248806434971	1.5605271489531316	1.5922504361163634	1.6237214506182571	1.6722208697604546	1.7046379067423651	1.7241259698307125	1.7461998276977724	1.7594441424180083	1.7707964121782105	1.7880140213145173	1.7999339045627294	1.8077858911468692	1.8189804904937354	1.8268324770778752	1.8308688396592805	1.836198099630042	1.8394461101447668	1.8415904277661381	1.8431355978168324	1.8449330405288644
CV_GBM_C029_R1_val_1 - polya	0.10773857843548904	0.11130498249455449	0.11538975923662365	0.11887322366640851	0.12181758050586954	0.1267732233553849	0.12942729149236384	0.13544041461520678	0.13705773738617832	0.13893424649865171	0.1466268971144266	0.14977860302708912	0.1525881829689692	0.16014605668716314	0.16799421910783915	0.16946639752756965	0.17067938960579832	0.17180944205474635	0.17302243413297502	0.17384146297212089	0.1747537988942074	0.17631928439687855	0.17824763077765232	0.18106757817319247	0.18385642320775236	0.18524566199820228	0.18759907397903908	0.18906088494510953	0.19029461193065833	0.19107217095516388	0.19195340451627016	0.19430681649710696	0.1969194148194456	0.19821534652695486	0.19902400791244063	0.19963568767838502	0.201595136420139	0.20356495261555305	0.2050163961279634	0.2059805693183503	0.2070173146843577	0.2080022227820647	0.2090078657870919	0.20981652717257765	0.21058371874342313	0.21130944049962833	0.21225287878269505	0.2131548472511215	0.21412938789516844	0.21510392853921542	0.2161095715442426	0.21797571320305592	0.2197070779642883	0.2208163955059162	0.22209159230610528	0.22322164475505335	0.225834243077392	0.23155707749775284	0.23270786485402106	0.23406600128349075	0.23487466266897655	0.23592177548864401	0.23686521377171074	0.2377153449718368	0.2389076021427453	0.2400272871380333	0.2415098330114239	0.2429509090701742	0.24407059406546217	0.24532505595833115	0.24650694567557957	0.24727413724642505	0.2482072080758317	0.24931652561745962
CV_GBM_C029_R1_val_1 - polyg	0	0	0.00014514435124103603	0.00031102360980222007	0.0003939632390828121	0.00047690286836340415	0.0005183726830037002	0.0005391075903238481	0.0005805774049641441	0.0007568241171854022	0.0008708661074462163	0.0009330708294066603	0.0009330708294066603	0.0009641731903868823	0.0009849080977070302	0.0013996062441099903	0.002229002536915911	0.0028717846638404987	0.0032035431809628668	0.005556955161799665	0.006624802888787288	0.007029133581530175	0.007246850108391729	0.007391994459632764	0.007993306771917057	0.02045498607132601	0.040142780571806536	0.040236087654747205	0.0403604970986681	0.04063005089383002	0.04137650755735535	0.04229921093310193	0.04292125815270637	0.043408528474729854	0.044476376201717474	0.04503621869936147	0.046477294758111756	0.04842637604620567	0.05784002396955286	0.13816705492780623	0.17099041321560055	0.1919015672479698	0.2138287317390263	0.2420178382407675	0.2818910650174121	0.3273834516778169	0.3638976234685975	0.39109145441897164	0.4150299049200825	0.4435093001243058	0.4716776717187268	0.499866778220468	0.5311661208202314	0.5594796367658936	0.5825057513449179	0.6140124430178828	0.6411337017926364	0.6687837007040538	0.697117951557036	0.719532386370116	0.7432531203443653	0.7790104680179606	0.8181787079457201	0.8592856617079137	0.9007554763482096	0.9465485191647565	0.9801805388380365	1.0104535035254525	1.0613577009964161	1.1326132100021047	1.1717399801152237	1.199618063007163	1.22020782597607	1.2365780353053266
CV_GBM_C029_R2_val_2 - polyg	0.32742492149245717	0.3438054982753741	0.34919657417861255	0.3506894875056632	0.35234828009127506	0.35342649527192277	0.355002348228254	0.356122033223542	0.3577600909018337	0.3593255764045049	0.36093253172181633	0.3617930303756025	0.3623425054195864	0.36272610120500914	0.3629023479172304	0.3630993295367718	0.3632963111563132	0.3634310880538941	0.36355549749781507	0.3635969673124554	0.3636488045807557	0.3637732140246766	0.3638457862002971	0.36395982819055794	0.3639805630978781	0.3640220329125184	0.36407387018081877	0.36408423763447884	0.3641153399954591	0.3643330565223206	0.3651728202687866	0.3660022165615925	0.36675904067877796	0.36802387002530695	0.37751009012427467	0.4650010315616392	0.4774005061390877	0.4925058861218155	0.5136036543200662	0.5442394798855847	0.5811994521837486	0.6321036496547119	0.6631438059129735	0.6974289751668383	0.7388054827241937	0.7785543000569173	0.8289815946595174	0.8906886788442777	0.9638829016844002	1.021577781302712	1.072855207105438	1.120472921766158	1.1658408989826419	1.1939055960404623	1.219658350932086	1.2540264598152313	1.2880731776349141	1.337069763632424	1.3733040141743826	1.4033903646959174	1.4447150349849722	1.4738786821307606	1.4933487601043796	1.5197339296692678	1.5386026953306025	1.552806106844904	1.5697568935791248	1.5829753969957192	1.5900148980309095	1.5978319580906053	1.6038036113988081	1.6071419314773516	1.60967159017041	1.6114340572926225
CV_GBM_C030_R1_val_1 - polya	0.11612951356881143	0.1187365026489276	0.12269335564009207	0.12616590631202548	0.1285977222128453	0.13315222487455025	0.13562525799402803	0.13898446131465203	0.14121019112218205	0.1430546616571259	0.14886628948789873	0.15094775903012586	0.15274070804174728	0.15626478023700313	0.1592787893513667	0.16049469730177662	0.161762126775509	0.16296257826892213	0.1638951178410586	0.16450822396859577	0.16502859135415254	0.1657601969853314	0.16690912695542215	0.16846507695976026	0.17105145743054745	0.17205097498300304	0.17421487896254612	0.1749722453553862	0.17559050363525563	0.176291196352441	0.176857933108988	0.177970798012753	0.17976889917670666	0.18038715745657613	0.1808147861001525	0.1811342195447517	0.1820513026598914	0.18291171209937634	0.18364846988288747	0.18436461905706958	0.18513228975457413	0.1857402437297791	0.18626576326766814	0.18678097850089265	0.18720345499213678	0.18768260515903562	0.18814114671660545	0.18859968827417528	0.1889654910897647	0.18941372834267006	0.1899289435758946	0.1906450927500767	0.19161369738853884	0.19236075947671444	0.19304084358457085	0.19364364540744355	0.19468953233088937	0.19724499988768307	0.19811056147950032	0.19878034128269223	0.19945527323821638	0.20013535734607274	0.2007742242352712	0.20141824327680186	0.20223228334529664	0.2030102583474657	0.2041231232512307	0.20499898914771242	0.20574089908355575	0.2065188740857248	0.20711137160393303	0.20751839163818042	0.2080387590237372	0.20840971399165886
CV_GBM_C030_R1_val_1 - polyg	0	0	0.00009273874198041728	0.0003297377492637059	0.00039156357725065075	0.00048430231923106805	0.0005152152332245404	0.0006285625845339394	0.0006388668891984303	0.0006955405648531297	0.0007470620881755837	0.0007779750021690561	0.0008088879161625285	0.0008449529824882463	0.000865561591817228	0.0010458869234458172	0.001385928977374014	0.0016589930509830204	0.0018393183826116094	0.002066013085230407	0.00222057765519777	0.0022720991785202234	0.0023442293111716594	0.0024472723578165675	0.003230399512317869	0.007764293564693825	0.012550643081349806	0.012653686127994715	0.012710359803649414	0.012880380830613512	0.013282248712528654	0.013699573051440532	0.014147810304345882	0.014462091596612853	0.01521430583712068	0.015580108652710103	0.0165899305098302	0.01790888150688503	0.023457749568713326	0.06294384504304211	0.07864245319939386	0.08890554064522671	0.09911195441540485	0.11147196786046158	0.12852559208019387	0.15146812641568266	0.1699025274604567	0.18525594141054802	0.19732228217266676	0.21290239082537687	0.2293119960035785	0.2463244030046528	0.26419721944521213	0.2787932670024633	0.29315231555243126	0.31544567869405715	0.3364406994479572	0.35544183724927825	0.3732064584908604	0.38573134081054894	0.39942576170965727	0.4197355462033686	0.44312116563943055	0.4678308882248795	0.49475088416086177	0.5232783516245045	0.5400486074659634	0.5534235949204724	0.5808845668513405	0.6124414998863436	0.6254815974392567	0.6378416108843133	0.6496606483344843	0.6587799579625586
CV_GBM_C030_R2_val_2 - polyg	0.17547200413161398	0.18445735779904998	0.18761047502638417	0.18807416873628627	0.18930038099136068	0.18963011874062438	0.19055750616042855	0.19102119987033064	0.19212376046943114	0.19287082255760674	0.1935921238841211	0.1940815783556844	0.19441646825728037	0.19478742322520204	0.19488016196718244	0.19499350931849185	0.19512746527913022	0.19524596478277184	0.1953283992200878	0.19537992074341023	0.19544689872372945	0.19548296379005514	0.19552933316104537	0.19558600683670008	0.19563237620769025	0.19565298481701926	0.19570965849267397	0.19576633216832864	0.1957817886253254	0.19597241826161846	0.19650308995183974	0.1969513272047451	0.19734289078199574	0.19814147439349378	0.20323180089775222	0.257370617604987	0.26243003119525193	0.26806133369439616	0.27640266832030147	0.29022074087538363	0.30519289555288875	0.3296604669787222	0.3458227688449761	0.3623354170698226	0.3876530936304765	0.4162939084454287	0.4551926585538815	0.5037310856759655	0.5621152759049703	0.6023123684011491	0.6407010554287096	0.6817688616690376	0.7164634554743783	0.7403488336866679	0.7606070966570568	0.781519682973641	0.8031175055504137	0.8334842913966681	0.8572099528866581	0.878493494171164	0.9072321998804289	0.9239560863508974	0.9347292368776225	0.9489543294669522	0.9585115720432673	0.9660543230576746	0.9775642313679109	0.9874357552364931	0.9930103840599827	0.9980491890409187	1.0024336706756594	1.0046800090925183	1.0063390021435015	1.0075033885705889
CV_GBM_C031_R1_val_1 - polya	0.0816763839699359	0.08449776841070157	0.08796609450667464	0.09152427361031541	0.0932135101544681	0.09738268971024922	0.09919772046513667	0.1019112812967011	0.10309734099791469	0.10510106306890432	0.11113918518417351	0.11290030413446035	0.11457157007707951	0.12120272204295549	0.12817531543796873	0.12955905175605126	0.13091583217183345	0.1319940682638458	0.13278477473132155	0.13346765758959603	0.13380909901873328	0.13461777608774256	0.13558818857055366	0.13766379304767745	0.14254281136403335	0.14437581272045436	0.14541810760939963	0.14608301986614058	0.14647837309987843	0.14690068223591662	0.1477363152072262	0.15114174419783188	0.15579612999501855	0.15733261642613616	0.15827607300664698	0.1587702645488193	0.15940822090325996	0.15973169173086366	0.1606302218075406	0.16116933985354678	0.16167251669648589	0.16275973808926503	0.1634426209475395	0.16378406237667675	0.16402666549737954	0.16434115102421648	0.16452085703955185	0.16479940136332172	0.1650420044840245	0.16529359290549406	0.16552721072543006	0.16603937286913592	0.16647066730594084	0.16674022632894397	0.16688399114121227	0.1672613737734166	0.16756687399948678	0.16853728648229788	0.16918422813750528	0.1694807430628087	0.16964247847661054	0.1698311697927127	0.1700647876126487	0.17017261122184996	0.17044217024485303	0.17089143528319153	0.17128678851692938	0.172041553781338	0.17262559833117808	0.1728771867526476	0.17306587806874976	0.17326355468561871	0.17342529009942056	0.17378470213009134
CV_GBM_C031_R1_val_1 - polyg	0	0	0.00014376481226831403	0.00021564721840247104	0.0002695590230030888	0.00035941203067078507	0.00048520624140555984	0.0005570886475397168	0.0005750592490732561	0.0007637505651754183	0.0008356329713095753	0.0008536035728431145	0.0008625888736098842	0.0008625888736098842	0.0008625888736098842	0.0010602654904788159	0.0014556187242166794	0.0017341630479865379	0.0019318396648554696	0.002470957710861647	0.0026686343277305792	0.0026866049292641183	0.0027225461323311965	0.0027495020346315056	0.002785443237698584	0.0028483403430659715	0.0038816499312444783	0.003926576435078327	0.0039894735404457145	0.004061355946579871	0.004285988465749112	0.004483665082618044	0.0047801800079214415	0.0051665479408925345	0.006163916326003964	0.006667093168943063	0.007269108320316627	0.009407609902807798	0.0214479129302791	0.08788522679977372	0.10332197351708394	0.1132687014658979	0.12556957821560555	0.13962258861483323	0.15889605875955407	0.18275203229532744	0.1973351754397945	0.2092047577526972	0.22005001577818814	0.23471402662955618	0.24877602232955065	0.2635388714893531	0.2799370453887077	0.2940709234948363	0.30808799269099696	0.32867331674766614	0.3461497267390331	0.36041838435666324	0.3749206597942294	0.39213649606336004	0.4101879653038002	0.4362004110235983	0.4623476362548979	0.4841549612158478	0.5096462594911733	0.5324599381380013	0.5492624505718604	0.5716628053834172	0.6140554544010363	0.6392142965479912	0.6578228544359711	0.6779768840558353	0.6940066606237524	0.7023000932314808
CV_GBM_C031_R2_val_2 - polyg	0.1641794156104146	0.1757165417949468	0.17913095608631927	0.18002948616299624	0.18123351646574337	0.1819343699255514	0.18288681180682897	0.18360563586817055	0.1845940189525152	0.18523197530695584	0.18596876996983094	0.1864000644066359	0.1867235352342396	0.18710091786644392	0.18719975617487838	0.18736149158868026	0.1874962711001818	0.1876130800101498	0.1876400359124501	0.1877568448224181	0.18783771252931902	0.18789162433391965	0.18797249204082056	0.18805335974772153	0.18808930095078857	0.1881432127553892	0.18819712455998983	0.1882600216653572	0.1882959628684243	0.1885565365906606	0.18905072813283294	0.18949100787040463	0.18976955219417452	0.19024577313481328	0.19398365825378946	0.24160575231766848	0.2460444908964527	0.2513278477473132	0.2595044714450736	0.27227258383465325	0.288428154613305	0.3125626724728482	0.3264898886613411	0.3412167966180766	0.3620716796977489	0.38516390266834677	0.4145997479802841	0.45378464462416646	0.5062677864028678	0.5402861351058577	0.5739001452743429	0.6095268628145845	0.6424490048240283	0.6621627547063208	0.6804029152628632	0.7056336398159523	0.7309901585797762	0.7689440690186111	0.7954237503782812	0.815047647252906	0.842192240869317	0.8584376646556366	0.8691032166657922	0.8837492569156267	0.8947832062572196	0.9043705221753628	0.9197443717873057	0.9321620574469813	0.9373016494855736	0.9424142856218655	0.947149539125953	0.9494947026260799	0.9508065565380284	0.9519387044346412
CV_GBM_C033_R1_val_1 - polya	0.11317983102010304	0.11608872241968841	0.11953832539707908	0.12300846172552563	0.1251028635332271	0.1301198456412179	0.13231006975384688	0.13582811723475718	0.13792251904245867	0.1398252762403051	0.14561910346324397	0.1477032385954175	0.14952728461421633	0.1569706243719789	0.163917741479224	0.16506760913835422	0.1663817436059316	0.16703196638936832	0.16755898906646965	0.16789094490854	0.1685240565660968	0.16951307964195583	0.17043365821429524	0.17211739300087875	0.1754061513949982	0.17685717486961494	0.17832188724493558	0.17910557681023562	0.17952993273205747	0.17991664417694353	0.1806798003911877	0.18144980105578384	0.18298295793462416	0.1835065583865495	0.1840643810902347	0.18433473687913732	0.18442713695888888	0.18460851489321595	0.1849746929870461	0.1851800264976051	0.18611429397064838	0.18699722806605196	0.18792122886356732	0.1885372293952442	0.18900265201917787	0.18939620791441591	0.18966998592849454	0.18981714161106178	0.1899300750418692	0.1901867419300679	0.1902312308573557	0.19038180876509894	0.1906282089777697	0.1906692756798815	0.190765097984809	0.19091225366737627	0.19107652047582346	0.1913434540395501	0.19168567655714838	0.19181229888865975	0.19196629902157897	0.19217505475731392	0.19230167708882528	0.19248305502315238	0.1926233662553677	0.19276025526240698	0.19292794429603013	0.19316750005834893	0.19339678914513977	0.19356447817876293	0.1938143006166097	0.19388274512012935	0.19395461184882498	0.19410518975656824
CV_GBM_C033_R1_val_1 - polyg	0	0	0.00023271131196683014	0.00030115581548648606	0.0003490669679502452	0.00039013367006203876	0.0004175114714699012	0.0004175114714699012	0.0004791115246375915	0.0004928004253415227	0.0005236004519253679	0.000554400478509213	0.0005578227036851958	0.000571511604389127	0.0005920449554450238	0.0008042229163559571	0.001348356719337222	0.0019164460985503658	0.0022381352650927486	0.003442758527038693	0.004582359510640965	0.004811648597431812	0.004938270928943176	0.00505462658492659	0.005099115512214367	0.0052668045458375235	0.005639827090019648	0.005684316017307425	0.005704849368363322	0.005728804944595201	0.005793827222938874	0.0058656939516345125	0.005937560680330151	0.006019694084553738	0.006765739172917989	0.007012139385588749	0.0072037839954437865	0.007614451016561722	0.0090312522394186	0.016861303442067238	0.0193561055953587	0.02102272925606232	0.02358597591287343	0.027497579289021766	0.0340545627262048	0.04265119236827359	0.049974754244876775	0.05542293672504139	0.06027907424976098	0.066442501791706	0.07280784061903399	0.08010060246905333	0.08932692154350294	0.09817337362341848	0.10602395817712301	0.11899761381927379	0.13068109057007907	0.14044127677198198	0.15005088506614167	0.1606324053102805	0.1726444156779801	0.19013540855242816	0.20920404723300434	0.22854988615283506	0.24494234474579268	0.26109524757643143	0.27551650446802295	0.29164887394760586	0.3325855315027121	0.36802609542518994	0.3838196646123505	0.40264532530543184	0.42023556270998347	0.4304953937875799
CV_GBM_C033_R2_val_2 - polyg	0.08611002987807913	0.09340621395327445	0.09528159334971302	0.09551430466167984	0.09606870514018906	0.09647937216130699	0.09742390630987825	0.0977319065757167	0.09825892925281805	0.09881675195650325	0.09922741897762118	0.09963124154838715	0.0998399972841221	0.09997688629116142	0.10006586414573697	0.1001582642254885	0.10026093098076799	0.10031568658358371	0.10033964215981558	0.10036701996122345	0.10039097553745532	0.10042862001439115	0.10046626449132695	0.10050390896826276	0.10051075341861473	0.10051759786896669	0.10053470899484661	0.1005552423459025	0.10059630904801431	0.10068186467741386	0.10081875368445317	0.10094195379078856	0.10104462054606805	0.10119519845381128	0.10186937681347989	0.10784458197074587	0.10857693815840619	0.10954542788320931	0.11132156274954438	0.11532898843062023	0.12088325989124032	0.12988371210407507	0.13499993874216937	0.14096487722390738	0.15219319802630693	0.16755898906646965	0.18735656170953013	0.21743792100641893	0.2655441403052091	0.30215852746304905	0.32837277231107725	0.35555208465873267	0.37796423733624396	0.39417189576969847	0.4105506654619521	0.4285413032120937	0.4487153206245123	0.4760657442309668	0.49647247295535224	0.5121873309634652	0.5297262349903771	0.5418648676895881	0.5503896306029612	0.5619122627704952	0.5712515152757522	0.5793621889428315	0.5961618923317311	0.610891149489161	0.617064843706634	0.6234678270108978	0.6289570761931742	0.6310309446498198	0.632577790429364	0.6337208136381423
CV_GBM_C035_R1_val_1 - polyg	0	0	0.00017761537417365002	0.0002175788333627213	0.00022645960207140378	0.00022645960207140378	0.00022645960207140378	0.00023089998642574503	0.00023534037078008627	0.00026864325343764565	0.0002952855595636932	0.0002997259439180344	0.00030638652044954627	0.00032858844222125256	0.0003707720935874944	0.0004351576667254426	0.0006038922721904102	0.0007526451480608419	0.000823691297730302	0.0011767018539004313	0.0014964095274130015	0.0015918777910313383	0.0016673643250551397	0.0016917864390040165	0.0017228691294844053	0.0017694931652049884	0.0019293470019612733	0.0019382277706699559	0.0019626498846188325	0.001973750845504686	0.002013714304693757	0.0020625585325915108	0.002178008525804383	0.0023622844765095454	0.002786341182349135	0.0029195527129793723	0.003079406549735657	0.003323627689224426	0.004300512247179501	0.008003792798700105	0.011240832993014876	0.015452537553107552	0.021660194880476623	0.03046547705513532	0.045629389625210695	0.06521592501220995	0.08236024900432151	0.09811695288570144	0.11237946743184554	0.1297502510260285	0.14662149138034808	0.1656285566091058	0.1899152388351753	0.21120688181424158	0.22857100483189302	0.2531174495426915	0.2737918790965044	0.2902501637058702	0.3075854242252184	0.32514270396228373	0.34302413175721597	0.37356509534637505	0.4039528656753094	0.42865028345415546	0.45335436180953304	0.47085613674216903	0.4857003416387319	0.5168429773079042	0.586781251080956	0.6328879820242584	0.665009722443563	0.6977886397473101	0.7201015711278749	0.7319196540869541
CV_GBM_C035_R2_val_2 - polyg	0.11402907021948332	0.12243915818660564	0.12392224656095562	0.1241886696222161	0.12502346188083224	0.1255873906938336	0.12658203678920604	0.1269994329185141	0.12792747324857143	0.12878002704460495	0.12940834143074423	0.1298412789052925	0.13004109620123785	0.13027421637984077	0.13036080387475044	0.13046737309925463	0.13055618078634146	0.13059836443770767	0.1306427682812511	0.1307027134700347	0.13073379616051511	0.1307537778901096	0.13078042019623567	0.13081150288671606	0.13086034711461383	0.13088032884420836	0.13091141153468877	0.1309291730721061	0.13094693460952347	0.1309913384530669	0.1311645134428862	0.131317706703111	0.13145091823374122	0.13164851533750938	0.1324722066352397	0.1350343084076946	0.13596012854557477	0.13779622747609485	0.14151504937285564	0.14949664024978404	0.16218725873449136	0.18314809307915922	0.19657581536668717	0.21350034033325885	0.23693890914764912	0.25834822231210547	0.2841934794465487	0.3233443482987755	0.3883693367837488	0.44527730266898624	0.4822723649171804	0.5197869521348325	0.5557895884798313	0.5768458910881176	0.595524367874654	0.6258366516695646	0.6549433711122714	0.7020003443074028	0.7359204403902156	0.7628225090009921	0.7941982648487673	0.8101436850652068	0.8231540112234267	0.8491813241163979	0.8676821855287608	0.8836720095887436	0.9177741614300844	0.9407043062359026	0.9493053307302616	0.9579796215664673	0.9652329894092837	0.9678572565626994	0.969635630496613	0.9710232506073446
CV_GBM_C036_R1_val_1 - polyg	0	0	0.00016991077431184013	0.00019946047419216014	0.00020684789916224015	0.00021423532413232017	0.00023270388655752017	0.00023639759904256017	0.00024378502401264018	0.0002567130177102802	0.0002714878676504402	0.0002844158613480802	0.0002973438550457202	0.0003084249925008402	0.00031950612995596027	0.0003952272358992803	0.0006002282788190004	0.0007959950405261205	0.0009105001275623607	0.0013888358943750412	0.0016621706182680012	0.0017415854366963613	0.0017969911239719613	0.0018431625300349614	0.0018745590861578014	0.0019779830357389214	0.0021442000975657217	0.002151587522535802	0.0021626686599909217	0.0021774435099310816	0.0022069932098114017	0.0022513177596318818	0.0023159577281200816	0.002461859371279162	0.0027961403511752823	0.0029660511254871224	0.0031728990246493623	0.0033852874925391625	0.003863623259351843	0.006009670213160085	0.006827827528596445	0.007311703864136685	0.008037518367447045	0.009249056062540166	0.011352625322770447	0.01426696447346701	0.017168375630465933	0.019547126470831695	0.022034841829506137	0.025401660759620096	0.02889960648295298	0.03311043871589858	0.03891141417365391	0.04435594637660287	0.04948835987456596	0.05647132332753408	0.0631403212192738	0.06917400056358665	0.0752907884388129	0.08224789590438575	0.09038699136517139	0.10296777608921764	0.11861803588833213	0.13620195417336506	0.15167860948568268	0.16449025124004393	0.17446512180589446	0.18996578624936483	0.22639687248931437	0.2551302619104405	0.27428954857034304	0.30278469353618415	0.3297912723705541	0.3428762488488083
CV_GBM_C036_R2_val_2 - polyg	0.10452467590166199	0.11592716634298049	0.11809168185921393	0.11845735939523289	0.11928475099188185	0.11979078960233233	0.12087674107293409	0.1213015180087137	0.12188881829383505	0.12267003848442101	0.12314652739499117	0.1236100883118637	0.12380031450484325	0.12397022527915509	0.12406072123503857	0.12415306404716457	0.12423432572183546	0.12429157826535357	0.12433405595893153	0.12436175880256933	0.12438207422123705	0.12440977706487485	0.12443747990851264	0.12447441703336304	0.12450211987700086	0.12452243529566857	0.12454275071433629	0.12456491298924653	0.12458522840791425	0.12461108439530953	0.12466094951385756	0.12467572436379773	0.12468865235749538	0.12473851747604342	0.12498414935629858	0.1266961850931146	0.12689379871106427	0.12716713343495722	0.12762515378310219	0.12878497950340473	0.13049701524022078	0.13355725603407642	0.1354465899701744	0.13836277597711347	0.14538267655493198	0.1536842953650594	0.16438498043422028	0.1814333104089224	0.20870029597348771	0.23064094813462532	0.24595323324135865	0.26169398899635665	0.27677172336028993	0.2868130807508712	0.2959217757389798	0.30924499667251915	0.32148411299169916	0.34194728015882075	0.3612506216056398	0.3775879119269717	0.3990391471838416	0.40976199452791273	0.41683914764924934	0.427471499037437	0.4370548360798733	0.44687457072135217	0.47239812399297854	0.49531945681889433	0.5037872926908484	0.512050127519883	0.5196831843702181	0.5224571624464832	0.5245367225755607	0.5263872725305657
CV_GBM_C039_R1_val_1 - polya	0.1896170147906484	0.19512605455872592	0.20385244544747513	0.20867847212848267	0.21230922590711776	0.22064917518081423	0.22420803284502092	0.23026528048561512	0.2334466835490726	0.23701003472043108	0.24782590643475616	0.24982102361014474	0.2527148422158886	0.2575139078539854	0.261135674618317	0.26226803842056456	0.2633959087156604	0.26391266203811464	0.2643170776817745	0.2646585842253095	0.2651079349404871	0.26565614281300376	0.26642003902880573	0.2680332080962934	0.27038331233667223	0.27125055921696506	0.27206837751858826	0.27293113089172927	0.27324567639235364	0.2735647154001297	0.27377591023626324	0.2742117804299855	0.27498915716724276	0.2752632611035011	0.27548793646108993	0.2756002741398843	0.2757305858472858	0.27581146897601777	0.2760855729122761	0.27622936514113294	0.2771774951501577	0.2776717809368531	0.27826043037373577	0.27881762526055603	0.2793972876831351	0.27963993706933105	0.2796713916193935	0.279680378633697	0.27978822280533966	0.27988258645552694	0.2800173916700802	0.2801387163631782	0.2803319371707046	0.280543132006838	0.28069141774284667	0.2809071060861319	0.2812351321082116	0.2815317035802288	0.28165752178047854	0.28182827505224606	0.2818821971380673	0.2819361192238886	0.2820439633955313	0.282210223160147	0.28227313226027184	0.28240344396767336	0.28253824918222664	0.2826326128324139	0.28277191155411896	0.28292469079727933	0.28297411937594896	0.28301456094031485	0.28303702847607376	0.2830684830261362
CV_GBM_C039_R1_val_1 - polyg	0	0	0.00012581820024973117	0.00019771431467814895	0.00024264938619591008	0.00028758445771367123	0.00030555848632077563	0.00035049355783853676	0.000359480572142089	0.0004044156436598501	0.00047181825093649184	0.0005077663081507007	0.0005122598153024768	0.000516753322454253	0.0005437143653649096	0.0008043377801679242	0.0015277924316038781	0.0022197925329773996	0.0026152211623336977	0.004547429237597426	0.006371793141218527	0.0067492477419677215	0.006955949070949423	0.007036832199681393	0.007117715328413363	0.007980468701554376	0.009193715632533926	0.00922517018259636	0.009238650704051688	0.009288079282721226	0.009395923454363853	0.009535222176068912	0.009607118290497329	0.009737429997898835	0.01054176777806676	0.010797897685717999	0.011080988636279893	0.011368573093993565	0.012617768082187324	0.022624808509192726	0.026938575374897793	0.030600783703595327	0.03548073247042419	0.04224795424099901	0.052690864861726694	0.06567710053035966	0.07666821902360403	0.08436559677459651	0.09092162370903786	0.09878076771749428	0.10661744419019183	0.1153663026146999	0.12580471972827584	0.13564550039066553	0.14542337195293034	0.1603867507683448	0.1737774020806376	0.1858379752760047	0.19673473011906176	0.20508815991421356	0.21394935601751605	0.22809491653130726	0.24583528276651934	0.2666492078935463	0.28976380868228263	0.3110765131031567	0.3252175801097962	0.3382128027927327	0.3722376389459814	0.41639982723363705	0.4330213101880569	0.44697814340147346	0.46262004179680616	0.4727573939312131
CV_GBM_C039_R2_val_2 - polyg	0.09745518310772033	0.10484250886524026	0.10688256111214661	0.10735887287023488	0.10792505477135868	0.10822162624337589	0.10903944454499914	0.10938993810283769	0.10981232777510463	0.11034256161901422	0.11074248375552229	0.11103456172038775	0.11125474357082477	0.11148391243556535	0.11161871765011863	0.11169510727169883	0.11176700338612724	0.11183440599340388	0.11189731509352877	0.11196022419365362	0.11200066575801962	0.11202762680093026	0.11206357485814447	0.11210401642251046	0.1121354709725729	0.11214895149402822	0.11217591253693887	0.1121893930583942	0.11222084760845663	0.11228375670858151	0.112414068415983	0.11261627623781292	0.11275557495951799	0.11291734121698194	0.11396432838334578	0.12337822586631672	0.12470830398324245	0.12651918736540824	0.13002861645094538	0.13762713704459878	0.14765664500736306	0.16177075097109184	0.16902327151405847	0.1773856883235138	0.1920435086526075	0.20894808255758923	0.23463746294429327	0.2691970264486033	0.30961162977167767	0.3449261024774862	0.3798091984967241	0.41425193081508804	0.44410229882433677	0.46592276955336154	0.4847236034763928	0.5013630604594197	0.5180834005711787	0.542523585969689	0.5647349918209184	0.5870048132651207	0.6103126348613834	0.622723701614589	0.6300256507362252	0.6410976523582015	0.6498824588399239	0.6557419921658398	0.6665848249230757	0.67593131979877	0.6806225412652243	0.685502490032053	0.6907598933996311	0.6937615561770176	0.6949792966151489	0.6957027512665849
CV_GBM_C049_R1_val_1 - polya	0.07673370191620345	0.07891413570575552	0.08173526567991532	0.08421021303819835	0.08573444992899898	0.08878292371060022	0.09027615917311337	0.09340213652543329	0.09449235342020933	0.09662370161497291	0.10268189739281605	0.10395553940495962	0.10490366642008475	0.10758528996695094	0.11047617315475752	0.1112951275520182	0.11193840718898321	0.11232592504257657	0.11256360265944719	0.11276511194331575	0.1129407867036114	0.11319396503462575	0.11357889943586184	0.11444693942791101	0.11594534179513874	0.11652145167081424	0.11698647309512628	0.11727065285442809	0.11754191535194346	0.11779509368295779	0.11803277129982839	0.11830145034498649	0.11906615224274408	0.11945625354869474	0.11966809664199246	0.11971201533206638	0.11974818366506843	0.11979985271221422	0.11998069437722444	0.12010728354273162	0.12053872008639892	0.1209959911536391	0.12148426364916676	0.12172194126603736	0.12190536638340489	0.12207845769134326	0.12216371161913381	0.12226704971342539	0.12230838495114202	0.12236780435535966	0.12241430649779086	0.12254347911565533	0.12262873304344586	0.12269848625709268	0.12276307256602491	0.1228586603032446	0.1229774991116799	0.12311958899133081	0.12323584434740883	0.12335468315584414	0.12346577160720756	0.12354585863028353	0.1236491967245751	0.12375511827122396	0.12383520529429992	0.12404446493524035	0.12422013969553601	0.12440873171761813	0.1245818230255565	0.12465415969156059	0.12476266469056674	0.12480916683299795	0.12485566897542916	0.12497709123622175
CV_GBM_C049_R1_val_1 - polyg	0	0	0.00017567476029566476	0.00022217690272687013	0.00023767761687060526	0.00025834523572891875	0.0002790128545872323	0.00029968047344554577	0.0003048473781601241	0.0003125977352319917	0.0003177646399465701	0.00034101571116217273	0.00035651642530590787	0.0003590998776631971	0.00037460059180693223	0.0005115235667432591	0.0009532939198397102	0.001348562130504956	0.0015216534384433315	0.002428445215851836	0.0032318988989687735	0.003404990206907149	0.003508328301198717	0.0035599973483445005	0.003609082943132995	0.0038390102029317325	0.004585627934188308	0.004601128648332043	0.004608879005403911	0.00463988043369138	0.00467604876669343	0.0047303012661965025	0.0047638861468412615	0.004823305551058914	0.005270242808869943	0.005440750664451028	0.005600924710602959	0.005905772088763083	0.006853899103888214	0.012493575599850511	0.014624923794614091	0.016043239138765854	0.017722483171003826	0.02054102969280633	0.02525841369721639	0.031760963280513275	0.037925080605005275	0.04264504806177262	0.046905160998942486	0.05195839380980014	0.057223469713955505	0.06344442299030786	0.07154096267805218	0.07914664641791155	0.08623563968631309	0.09660820090082917	0.10726494187464708	0.11685471702490453	0.1252018515913059	0.13322863806540342	0.1437432891595704	0.15832171081175328	0.17358474733861778	0.18893820469798744	0.20542321418984977	0.22164212808891126	0.23281297608182971	0.24484411370972547	0.2841823427541679	0.3351977764535575	0.35216330808387564	0.3689867498345428	0.38720008895343155	0.3992131424148263
CV_GBM_C049_R2_val_2 - polyg	0.10973988923293011	0.11850295962885503	0.12046121651568024	0.12075056317969662	0.12138609245958977	0.12181494555089978	0.12310150482482979	0.12348385577370859	0.12436739647990148	0.12517601706773301	0.12580121253819698	0.12621973182007784	0.12650649503173694	0.12681392586225435	0.12698960062255002	0.12709552216919887	0.12717302573991757	0.12725827966770809	0.12730736526249659	0.1273538674049278	0.12737711847614339	0.1274055364520736	0.12742878752328918	0.12747787311807768	0.12752437526050886	0.12755537668879635	0.12759929537887027	0.12762254645008586	0.12762512990244315	0.1276845493066608	0.12776980323445136	0.12783438954338358	0.12790414275703038	0.1279971470418928	0.1286455935835724	0.13322347116068883	0.13388483496415488	0.13468828864727178	0.13617635720507038	0.13950384384125883	0.14379495820671617	0.1505274350498118	0.15456020417954022	0.15965993913282908	0.17033993117786259	0.18373771510276432	0.2038602255136898	0.23343817155229368	0.2766619129420991	0.30953117728388946	0.3339758034885597	0.3599730845599608	0.3852909176613949	0.402721470716025	0.41915997806545613	0.43668353540494864	0.45382215834320516	0.47760025383969484	0.49781835198784	0.5175016754980264	0.5396341118429229	0.5520760183956275	0.561280859144649	0.5752056673504375	0.5867201145068756	0.5955916899018066	0.613828280091911	0.6295150028053709	0.6368649247618586	0.6438944986260425	0.6491724917919843	0.6516371053408383	0.6532026774693555	0.6543213123400617
CV_GBM_C050_R1_val_1 - polya	0.11395218269920838	0.11670759193915108	0.12210376641909625	0.12629815552035764	0.1293856370359893	0.13235847455168068	0.1347857647573117	0.13866784778977043	0.1410121199264792	0.14256574378773812	0.15472591426415672	0.15650487288391884	0.15865938943451965	0.16216789115682834	0.16533839074138218	0.16639588280979634	0.16724582970590496	0.16786451198144442	0.1685444694983313	0.1690406012911761	0.16956045253228436	0.17007437391132674	0.1705764355662374	0.17150742391057958	0.17282187666851495	0.1733081253579166	0.173822046736959	0.1742569032884564	0.17452770032279796	0.17491116473639115	0.17520963446037346	0.17575518177043387	0.17658536245965617	0.17681465045953665	0.17697475673531524	0.17709533059732133	0.17719613825244118	0.17734636142477667	0.1775677429419026	0.1777357557004357	0.17794132425205267	0.17820026156226249	0.17848884818280167	0.17862325838962817	0.17877743480334085	0.1789810267342692	0.17909764735489805	0.17924391728585626	0.179334841837533	0.17940007032025762	0.1795127376995092	0.17968272707873095	0.17981120742349155	0.17991596831998863	0.18002072921648574	0.18012549011298284	0.18027768990600695	0.18044965590591727	0.1805959258368755	0.1807164996988816	0.18082323721606736	0.1808924189401692	0.18102485252630704	0.18112170694004964	0.18119681852621738	0.1813272754916666	0.18142017666403198	0.1815348206639722	0.1816079556294513	0.18168109059493043	0.1817127165259484	0.1817502723190323	0.1818155008017569	0.18193212142238574
CV_GBM_C050_R1_val_1 - polyg	0	0	0.00016208289646721746	0.000229287999880454	0.0002411477240122016	0.0002609139308984476	0.00027672689640744445	0.0002925398619164413	0.00033602551706618256	0.0003775345515272992	0.0004506695170064096	0.00045659937907228335	0.00046648248251540637	0.00046648248251540637	0.00047043572389265557	0.0005000850342220247	0.0005751966203897596	0.0006680977927551159	0.0007234431720366048	0.0010357492408392922	0.0012966631717377397	0.001365844895839601	0.0014053773096120929	0.0014350266199414622	0.0015259511716181938	0.002037895929971966	0.0027969182744038137	0.0028127312399128107	0.0028186611019786843	0.002840403929553555	0.0028621467571284254	0.002931328481230287	0.002990627101889025	0.0030459724811705137	0.00316456972248799	0.0032258449638353525	0.0033642084120390748	0.003555940618835661	0.004196365721950032	0.007837301030396551	0.00943441054680523	0.01088525013225569	0.01252584530381411	0.01479302923366653	0.017922019783759277	0.022377322815919136	0.026591478124066786	0.030210670604938435	0.034195537913205634	0.03943160611737221	0.044829757218006	0.05127156404223358	0.05971964086541514	0.06824282927476444	0.07603071478794537	0.08663528478241636	0.09646699608763513	0.10570967442764378	0.11424472256112482	0.12097709262658021	0.12919983469125856	0.1428444473048342	0.1567440439872424	0.1692600061876134	0.1824598791462485	0.19368906127832486	0.2030562667217169	0.2144099759571766	0.253987852005507	0.31451790735325824	0.3328075785851017	0.3472823718878997	0.3619113416044104	0.37195850456468926
CV_GBM_C050_R2_val_2 - polyg	0.12175192793652106	0.12970189634616922	0.13208965413802773	0.13246125882748916	0.13315307606850776	0.1338053608957539	0.13498342682617415	0.13544200282593508	0.13635915482545688	0.13715968620434987	0.1378297606177936	0.13851169475536906	0.1388022579965969	0.1390671251688726	0.13919955875501044	0.1394288467548909	0.1395513972375856	0.1396838308237235	0.13978859172022057	0.13993683827186743	0.13999811351321478	0.14006136537525077	0.14009694454764599	0.14017600937519098	0.14019775220276587	0.14022937813378386	0.14031239620270608	0.14039541427162833	0.14044878303022118	0.14049029206468228	0.14056540365085002	0.14063260875426328	0.14070376709905374	0.14088956944378447	0.14142721027109037	0.1443150530971709	0.14481711475208156	0.1454140542000462	0.14649131247534658	0.14874663668106727	0.15136961233487212	0.1559336295049063	0.15927214184799326	0.1644726308797646	0.17688976204570436	0.19389067658856457	0.2164182225768192	0.2455338453202596	0.2836312324728102	0.31594700411113386	0.34207397637337383	0.3665109379468398	0.38815098124590197	0.40289261834166423	0.4180038835061993	0.432069516326452	0.4491811216278752	0.47202492692630976	0.4885652888487204	0.5031132171169975	0.5201931964874027	0.5309835688266045	0.5404871610975115	0.5534458863321344	0.5634317740510659	0.5704151749439766	0.5832058874200665	0.5951782789310657	0.6010251229280172	0.6071902028558374	0.611404358163985	0.6134224878870708	0.6151026154724017	0.6162747515407561
DC_1023_R1_val_1 - polya	0.04340493955218633	0.04431375744665836	0.04607046689630819	0.047923643049840536	0.0489847767925481	0.05047747210525634	0.0516046093821993	0.05399596819949721	0.05538204241844057	0.0564863323181482	0.10903529995940783	0.11061176898864561	0.11160182200217658	0.1146481389668873	0.11785438757224531	0.11863881419065832	0.11923030740130632	0.11969740933589529	0.12015689547807248	0.12055291668348488	0.12078646765077936	0.12108094495736807	0.12126880117019188	0.12189837334289877	0.12270057014360591	0.12286304038172383	0.12318036506554786	0.1235256143215484	0.12374901089896052	0.12386578638260777	0.12404348820554922	0.12423134441837305	0.12452836032243234	0.12464767440355018	0.12471113934031498	0.12476698848466801	0.1248380692138446	0.1249396131126683	0.1249980008544919	0.1251680868850216	0.12537625187761015	0.12565042040443414	0.12589412576161096	0.12600836264778764	0.12612259953396426	0.1263155329417293	0.1263840750734353	0.12641707684055298	0.12643484702284713	0.12646023299755305	0.1265084663494943	0.12662270323567093	0.12672170853702405	0.12676232609655352	0.12684609981308306	0.12688671737261253	0.1269704910891421	0.12702634023349513	0.12705172620820104	0.12707203498796577	0.12715073150955414	0.12721165784884836	0.12722181223873072	0.12725481400584843	0.12729035437043673	0.12734366491731913	0.12735635790467212	0.1273639736970839	0.12742997723131927	0.12747567198578996	0.12749344216808411	0.12751882814279	0.12754167552002535	0.12758483167702542
DC_1023_R1_val_1 - polyg	0	0	0.00008123511905895207	0.00014216145835316613	0.00019801060270619567	0.00019801060270619567	0.00020308779764738018	0.0002081649925885647	0.0002487825521180407	0.00025385974705922524	0.00026401413694159426	0.00027416852682396323	0.0002944773065887013	0.0002944773065887013	0.00029701590405929355	0.00036301943829469206	0.0005914932106479947	0.000804735398177744	0.000916433686883803	0.0010509793528251923	0.0011245986794723678	0.001147446056707698	0.001157600446590067	0.0011779092263548051	0.0011982180061195433	0.0012312197732372424	0.0013327636720609323	0.0013505338543550781	0.0013581496467668548	0.0013657654391786317	0.0013759198290610006	0.0013987672062963311	0.0014241531810022536	0.0014673093380023219	0.0019877218194737337	0.002091804315768016	0.0021705008373563758	0.0023101236982389496	0.0030818573292989942	0.006338877884068854	0.007526941500306028	0.00860076823036655	0.01004269159366295	0.011898406344665886	0.015127502327259231	0.01969951637179588	0.023413484471272346	0.026568961127218512	0.029853906254164887	0.033956279766641964	0.03803834449935431	0.042678900675596945	0.049350334828313386	0.056887430718501775	0.06403865979316015	0.0740204250475289	0.08334215495954364	0.09162813710355674	0.10096763719786564	0.11341691919365006	0.12898359888332173	0.15045251769212042	0.1697966304180334	0.1853277697431168	0.20140216892690693	0.21308733308404307	0.22538429923159192	0.26488233727653676	0.3932135166099163	0.46925466524403664	0.48540522235194455	0.5087197015218639	0.5256673782355377	0.5359842383560246
DC_1023_R2_val_2 - polyg	0.1456088737182304	0.15356483819106653	0.15554494421812848	0.15591557944883494	0.156550228816483	0.1574996642704845	0.15867249630189814	0.15934268603413448	0.16013472844495927	0.16103593054701953	0.16172389046155003	0.16227222751519793	0.16262763116108087	0.1629474944423755	0.16305411553614035	0.16312519626531696	0.16325212613884654	0.16331812967308196	0.16342221216937625	0.16352121747072934	0.16359229819990592	0.1636379929543766	0.16367353331896486	0.1637268438658473	0.1637623842304356	0.1637979245950239	0.16385377373937693	0.16389946849384757	0.16391723867614172	0.16394262465084766	0.1639933966002595	0.16404670714714192	0.1641279422662009	0.16422948616502459	0.16465850913755467	0.16696101704338184	0.16735703824879422	0.16785460335303032	0.16872280368797288	0.1703145043020342	0.17302064920568555	0.17784144580234024	0.18120254885340437	0.185457238214117	0.19402754327483643	0.20532176342150138	0.21909619329693492	0.23499289065778362	0.25925172808676317	0.28071303110315005	0.3003541597331223	0.32008160067709474	0.34304067620113105	0.3580539416422136	0.3700132743261737	0.38779107241273125	0.409496080786295	0.44282278838023015	0.4664393606491498	0.4840902288621778	0.5055921494380942	0.5196991355821753	0.5366747368680257	0.5594637263615323	0.5733777790978485	0.5824735738349804	0.6008377879372448	0.6180367858005074	0.6239034845550461	0.6298133394665848	0.6350504660484166	0.6373301265770085	0.6388075903048931	0.6396504046651298
DC_1027_R1_val_1 - polya	0.022610610286263644	0.0233466270520246	0.023968736461179693	0.024823041635723662	0.02551524787971313	0.02617240570628541	0.02696099509817215	0.029449432734792523	0.03019421160490778	0.031655292505986816	0.09321564717318961	0.09454091545677704	0.0961115226622848	0.10264586198450185	0.10915829604583316	0.10994250438554276	0.1108844306036297	0.11163797157809924	0.11245722833522602	0.11301362196172389	0.11341667876202155	0.11389421344933073	0.11438489129317139	0.11494347544575782	0.11558310906362151	0.1159160690290848	0.11622493320757377	0.11648779633820269	0.116733135260123	0.11705514259514342	0.11736181624754383	0.11781963620005584	0.11849869928751386	0.11865203611371407	0.11877689610076281	0.11887985082692579	0.11906166449227745	0.11915147606190901	0.11925881184024914	0.11944281603168938	0.1197648233667098	0.12021826226704467	0.12049864960638218	0.12064760538040523	0.12070674958479673	0.12080970431095972	0.12095646955889419	0.1210331379719943	0.12109885375465153	0.12117990321992878	0.12126752426347175	0.12150629160712634	0.1216201989637322	0.12169905790292088	0.12187868104218397	0.12200354102923269	0.12216344943369863	0.12235621572949315	0.12249202834698478	0.12261250728185635	0.12265193675145068	0.12270450937757647	0.12277679673849942	0.12284032199506807	0.122897275673371	0.12298489671691398	0.12308127986481124	0.12319080616923996	0.12332004720846584	0.12342300193462882	0.12348214613902034	0.12355005244776614	0.12361576823042336	0.1237231040087635
DC_1027_R1_val_1 - polyg	0	0	0.000096383147897268	0.00021467155668027874	0.00023219576538887292	0.00025410102627461563	0.0002672441828060613	0.0002716252349832098	0.0002716252349832098	0.00030886417848897247	0.00031762628284326953	0.0003241978611089924	0.00032857891328614094	0.00032857891328614094	0.0003395315437290123	0.00038772311767764625	0.0005301073134349741	0.0006199188830665192	0.0007163020309637872	0.0008718293832525606	0.000939735691998363	0.0009747841094155515	0.0009923083181241454	0.0010251662094527597	0.0010580241007813738	0.0012069798748044244	0.0016166082533678133	0.001620989305544962	0.001629751409899259	0.0016560377229621502	0.0017086103490879328	0.0017787071839223097	0.0018356608622252407	0.001975854531893994	0.002367958701748789	0.002488437636620374	0.0026373934106434247	0.0028914944369180405	0.003984566955116602	0.0093404032416807	0.011035870434237188	0.012163991369852937	0.013699550157943503	0.0161091288553752	0.019883405305988675	0.0252195268577556	0.030027731622176132	0.03352819231171782	0.03731561191886274	0.04259477979232674	0.04759136980036465	0.052778535578108535	0.06004451061390939	0.06806183609809123	0.07575715424725266	0.08732532252101338	0.0992702612820089	0.1096577359940281	0.12074836958047964	0.13358923351170204	0.1524189957690865	0.17871626146242064	0.2020804127231538	0.2196396698491652	0.23696015963152195	0.2504012277110137	0.2630383727159987	0.29111872664543226	0.3798591290196647	0.45709269785061635	0.47542082963371735	0.49914860822515383	0.5172116863515372	0.5278050705158825
DC_1027_R2_val_2 - polyg	0.17891778986256945	0.18661091748564232	0.1885955341218906	0.18898982881783397	0.18971708347924063	0.19041367077540725	0.1921792348027981	0.19284077368154753	0.19399737145631477	0.1950729197658047	0.19585493757942574	0.19655809645385808	0.19698524904113007	0.1975175468806536	0.19765335949814522	0.19774317106777675	0.19782203000696544	0.1978833647374455	0.19795565209836846	0.1980388920897343	0.19809365524194864	0.19812432260718868	0.19816813312896017	0.19819880049420022	0.1982579446985917	0.1983105173247175	0.19839375731608333	0.19844852046829767	0.19846166362482912	0.19851642677704348	0.19859747624232071	0.1986412867640922	0.19870700254674944	0.19884281516424104	0.19935101721679027	0.20247470741909718	0.20301357683688648	0.20369044939825592	0.204739711394683	0.20691271327454866	0.21002106979423557	0.21560033974183423	0.21946442776207925	0.22413243885683104	0.23404018835545246	0.24797193427878483	0.2645936462388864	0.2842886663012577	0.31649378085547664	0.34256761288777626	0.3684464880981927	0.39636912414924896	0.42798279665955286	0.4481947808788277	0.46390523398608235	0.4863274590287286	0.5176519820953407	0.5611777354753116	0.5927957890377926	0.6173384433341786	0.6459905245727302	0.6648268584083804	0.6851834173495011	0.710175129494045	0.7274561898068075	0.7393485559416773	0.7616174441581232	0.7814658010466947	0.7895050317917622	0.7967841499840946	0.8030512451235056	0.8062209363736725	0.8083917477274496	0.8097673981110743
DC_1030_R1_val_1 - polya	0.06381872657169746	0.0656449015022115	0.06820154640493116	0.0705674574815749	0.07218260775345177	0.0739235611872085	0.0750395569780782	0.07807100736273151	0.07928034098338303	0.08048967460403456	0.10571320856094575	0.10719646842117438	0.10804665430549147	0.1099479053164822	0.11205409373634173	0.11277847645877898	0.11322081660861459	0.11373620375567078	0.11407708974270006	0.11439362673065584	0.1148075597149057	0.11517685286752075	0.1154609245233785	0.11594181725508051	0.11649575698400311	0.11688331188592331	0.11742507711530914	0.11773552685349653	0.11793234792934083	0.11821033233543018	0.11847614224198279	0.11877035931412117	0.11918226321511488	0.11929386279420186	0.11944604403841136	0.11956778903377896	0.11966518503007305	0.1197686682761355	0.11984983160638057	0.1199127331873205	0.12020086300969049	0.12049710916508499	0.1207872680707111	0.12090495489956646	0.12104699072749533	0.12116670663960681	0.12123163730380286	0.12131482971730406	0.12143657471267166	0.12150150537686771	0.12160093045641793	0.12182412961459187	0.12204935785602193	0.12222588809930496	0.12234357492816031	0.12243894184119827	0.12259923941843227	0.12280417682730108	0.12293606723894931	0.12300911423616986	0.12309230664967107	0.12318767356270902	0.12327898230923473	0.12344536713623712	0.12354682129904346	0.12366856629441106	0.1237781367902419	0.12389582361909723	0.12400945228144034	0.12408655744517316	0.12418192435821111	0.1242346805228704	0.12429149485404195	0.12436657093451864
DC_1030_R1_val_1 - polyg	0	0	0.00009739599629408235	0.0001339194949043632	0.0001582684939778838	0.0001582684939778838	0.00018261749305140438	0.0001947919925881647	0.00020696649212492498	0.00023537365771069898	0.00025363540701583943	0.0002658099065525997	0.0002739262395771066	0.00028001348934548673	0.0002901589056261203	0.00033276965400478133	0.00047277639867752464	0.0005600269786909735	0.000663510224753436	0.0008359823015242067	0.0009394655475866693	0.0009658436299163167	0.0009942507955020905	0.0010084543782949776	0.0010287452108562448	0.0010835304587716661	0.0012296244532127897	0.00124179895274955	0.0012438280360056765	0.0012519443690301834	0.0012823806178720843	0.0013249913662507452	0.0013777475309100398	0.0015015216095337694	0.001976327091467421	0.002154886418006572	0.0022806895798864277	0.0025566449027196615	0.0034616160349521764	0.008098071275201721	0.011429825981761788	0.01601961230712042	0.022973280625866673	0.03241257593336815	0.04875278339495659	0.07116400795887617	0.0906107418855946	0.10662223785969052	0.12177746069970097	0.14138246312039726	0.1587777938751716	0.17679808227283297	0.1987507340208679	0.2200236428781004	0.2382691595171918	0.26279671791725157	0.2853499783091	0.3028447341434245	0.3224050967324861	0.34538649369137725	0.3755772234592867	0.42004864118381585	0.45730869701607074	0.48416767207742006	0.5104706783265907	0.5270198813635601	0.541284336654131	0.5793966074539592	0.6864327782978994	0.7658368933599062	0.7996515658232579	0.8324516966585462	0.8536617039348389	0.8661831767083968
DC_1030_R2_val_2 - polyg	0.17523974633212766	0.1834615916859531	0.1855961872713984	0.1858843170937684	0.18655797273480246	0.18719916304373851	0.18858705599092918	0.1891349084700834	0.19009263576697522	0.19078861132382668	0.19150487771323943	0.1920446138593691	0.19235709268081264	0.19263507708690197	0.19275276391575735	0.192827839996234	0.19294552682508936	0.1930388646548712	0.1931301734013969	0.19316466781675107	0.19318698773256843	0.19323974389722776	0.19327018014606964	0.19331481997770444	0.19333308172700958	0.19336148889259536	0.1934183032237669	0.1934507685558649	0.19346294305540168	0.19350555380378034	0.19364150238194083	0.19372469479544202	0.1938504979573219	0.19411427878061838	0.19505577341146116	0.19892929334740705	0.20003311463874	0.20220220463953945	0.20669662405186012	0.2156651720439402	0.22910581953252357	0.2534669931055809	0.27036925662911643	0.28721673490473654	0.312635060854236	0.33939866900254734	0.36893197579547166	0.40347508914777286	0.4541534725527937	0.4981054449637545	0.5363009081770838	0.5742366487336288	0.6166404306201649	0.641476409675156	0.662933965108696	0.6991855665626558	0.7513370644116246	0.819299178992333	0.8653674852394339	0.8997462428479888	0.9390820508512614	0.9589548922617663	0.9790651364132382	1.0103089603910775	1.032081023729317	1.0492815624915033	1.0838246758438044	1.1076745204363179	1.1158537550417647	1.1250333276924818	1.1322000497531213	1.1350326499786743	1.137126663898997	1.138344113852673
DC_1032_R1_val_1 - polyg	0	0	0.00011964628285705923	0.00017092326122437033	0.00018801558734680735	0.00019656175040802588	0.00019656175040802588	0.00020083483193863514	0.0002350194841835092	0.00024142910647942308	0.00025638489183655547	0.0002862964625508203	0.00028843300331612493	0.00029056954408142956	0.00032048111479569434	0.00039526004158135634	0.0005277255690302434	0.0005939583327546869	0.0006473718518873026	0.0007563354309178386	0.0007905200831627128	0.0007969297054586267	0.00083538743923411	0.0008802547953055072	0.0009293952329075137	0.0010575876788257914	0.0012242378585195523	0.0012370571031113803	0.0012391936438766848	0.0012477398069379033	0.0012669686738256448	0.0013054264076011284	0.0013438841413766119	0.0014015707420398367	0.001497715076478545	0.0015297631879581143	0.0016216344408662136	0.0017028229899477892	0.0018502443027538086	0.002706997149640965	0.0031748995772426787	0.0034761518251506312	0.003852182999844246	0.004465370199486675	0.005567825234383863	0.00725996552050513	0.009095254037901807	0.010558784462135477	0.012054362997848716	0.013949474656673923	0.015827493989376693	0.017872163501773224	0.020961601448403713	0.024497576414982875	0.0281553342051844	0.033535143852221456	0.03923543461405421	0.04546772402644781	0.05133252842720902	0.05763746022562298	0.06695705104388178	0.08304092992509501	0.09912267226554297	0.11262347336150291	0.1272908257153192	0.1393558714169944	0.14833147917203918	0.1642209328436097	0.231511284246879	0.33555654643568383	0.36276539308183825	0.38764327375304536	0.4139227251662923	0.43031640245847474
DC_1032_R2_val_2 - polyg	0.1465367849291833	0.157202396429584	0.15989871087539845	0.1604328460667246	0.16133019318815253	0.16227454420641718	0.16370175343764068	0.1644025388086606	0.16545371686519048	0.16682323949575073	0.16756675568207674	0.16822481023779057	0.16855383751564748	0.16881022240748406	0.16891918598651456	0.1690174668617186	0.16909651887003485	0.16921830169365723	0.1693016267835041	0.16941913652559587	0.16945332117784073	0.1694875058300856	0.16950887123773867	0.16955373859381007	0.16958578670528962	0.16963279060212633	0.16968620412125895	0.16972466185503443	0.1697503003442181	0.16977807537416706	0.1698079869448813	0.16983576197483025	0.16986567354554455	0.16993190630926897	0.17008573724437093	0.17092326122437032	0.17100658631421722	0.1711775095754416	0.17146380603799238	0.17213467983829805	0.1730747577750321	0.1751130176651327	0.17655731922247864	0.1784780693704875	0.18347330167976972	0.19090846354302982	0.2003199256141967	0.21101331214454638	0.22693481392759646	0.2411064888238621	0.25469488809119956	0.26897552656649565	0.28636910493684065	0.29763294785152666	0.30681152697927533	0.32142973889548965	0.33815030692476367	0.3645707700285207	0.38436368367830276	0.4013620020070664	0.4240606110976628	0.4382899725945916	0.4567069539915175	0.47716646836007465	0.488994358036801	0.4973225939399585	0.5178932084283114	0.5407926523508465	0.5480868025235965	0.5560219149259379	0.5630062666877187	0.5659482833215432	0.5681467837690417	0.5694906679104182
DC_1037_R1_val_1 - polya	0.0754965563502491	0.07719459661909343	0.08036186321984563	0.08310160904369021	0.08526329860580055	0.08709983152068539	0.08894238585496328	0.09191094561574432	0.09391607827363498	0.09491864460258029	0.11550587750746957	0.11771573842472444	0.11910969701421897	0.1208348336703321	0.12305071600698003	0.12380941485050623	0.12443564246738498	0.12496251666427818	0.12530272685998634	0.12560078711994305	0.12598615796109924	0.1262992717695386	0.12668765332039128	0.12757280197117185	0.12874697875281954	0.1293009493369815	0.1306226508937593	0.13140543541485772	0.1317998383851035	0.13205574870930875	0.1323086483238175	0.13241101245349957	0.1325525158092366	0.1327632654879939	0.13299810084432345	0.13308240071582633	0.13322089336186682	0.1333593860079073	0.1334948679442513	0.13366045697756057	0.1338019603332976	0.13396754936660688	0.13434087736897693	0.13446431646653476	0.13458173414469954	0.13484968730769092	0.1349400085985869	0.13504538343796552	0.1351417261482546	0.1352471009876332	0.13535849724640492	0.13548795776335582	0.13561139686091364	0.1357107502808992	0.13580709299118826	0.1359335427984426	0.1361352603481103	0.1364303098983705	0.13656579183471446	0.136710305900148	0.13677955222316823	0.13685180925588503	0.13690901274011916	0.13699331261162206	0.13710470887039378	0.13718900874189668	0.13728836216188225	0.13734857635581288	0.13744491906610196	0.1375231975182118	0.1376345937769835	0.13768276513212802	0.13770685080970024	0.13775201145514826
DC_1037_R1_val_1 - polyg	0	0	0.00009634271028904017	0.00013247122664743023	0.00015655690421969028	0.00019268542057808034	0.00019268542057808034	0.00019870683997114536	0.00019870683997114536	0.0002378460660260679	0.000304081679349783	0.00033117806661857557	0.0003432209054047056	0.0003522530344943031	0.00036128516358390064	0.00044859574478334327	0.0007285917465608663	0.0009905234901591944	0.001303637298598575	0.0014963227191766553	0.0015986868488587604	0.0016589010427894104	0.001692018849451268	0.0017401902045957882	0.0017763187209541781	0.0019449184639599984	0.002453728402673992	0.0024597498220670566	0.002465771241460122	0.0024868462093358495	0.0025440496935699667	0.0026193174359832793	0.00269157446870006	0.0029053348571538677	0.0033057592467926906	0.003450273312226251	0.003633926603714734	0.0038266120242928144	0.0047057392556803055	0.009607174641635224	0.011618328718918939	0.01319292989020544	0.014954195062676954	0.017284484367793115	0.021077978585424068	0.026241345714977316	0.03061590690403905	0.03435219763743589	0.03809752049992232	0.04306519149920096	0.04734642068767018	0.05193173155548919	0.05787487249644435	0.0649560617026888	0.07156758019627418	0.08028659547743233	0.08943614224519461	0.09880848153050029	0.10840060262365286	0.11796863803923316	0.13028846211744416	0.1498520537255124	0.1690362959118175	0.18520380698219707	0.20229861663910864	0.2149556402033313	0.2266070867289121	0.2600259643604229	0.3762363479368811	0.4824421431917617	0.5058654646307846	0.5317997179567157	0.5561111987562156	0.5728507446689364
DC_1037_R2_val_2 - polyg	0.1326699334874014	0.14364095962156584	0.14587490621639296	0.14626629847694217	0.14710929719197127	0.14784993177731828	0.14925894391529548	0.14976474314431296	0.15066193463387964	0.15202277541671233	0.15269115296934255	0.1532150164565392	0.15349501245831673	0.15384124407341795	0.15391952252552782	0.15399177955824458	0.15413629362367814	0.1542537113018429	0.15435005401213195	0.154446396722421	0.1545036002066551	0.15453370730362043	0.15458187865876494	0.1546149964654268	0.1546481142720887	0.15467219994966092	0.15479563904721877	0.15490703530599048	0.15492208885447312	0.1549461745320454	0.1549943458871899	0.15503649582294138	0.15514488137201654	0.15528337401805703	0.15592164447372192	0.16168715354258167	0.162412734579446	0.1632346583265994	0.16468883111002458	0.16721481654541537	0.1703128368231473	0.17584652124537403	0.1794804478490888	0.18488467175436463	0.1959610727279077	0.21099053553299796	0.22937091823032893	0.24940116984135968	0.2757990724605567	0.3001828102927735	0.3206827326164633	0.3410050230680577	0.3639737273429042	0.3788767403407401	0.3898266915070288	0.40562087457503837	0.4228662197167765	0.4498451893074043	0.47044446505107973	0.4863500443778609	0.5063411567628368	0.5205215994335048	0.5386400503872375	0.5662482583044406	0.5827800652481006	0.5917248837564986	0.6108188046519079	0.6306352958744847	0.6383457234073044	0.6463752861679567	0.6527790656924812	0.6555278436454155	0.6574276014639275	0.6585927461164856
DC_2011_R1_val_1 - polya	0.044811040957272556	0.04600493242338355	0.0481945199343539	0.050096252190649275	0.05107779141970495	0.052540662386086005	0.05361658038716626	0.05545224750304442	0.05639131628468903	0.057318587719830574	0.0815715726608481	0.08303680309652975	0.08451854981731573	0.08788787197859338	0.09115101802134337	0.09163706869727	0.09218210610571195	0.09266343784303735	0.09302915558463261	0.09322499153658362	0.09355767670797027	0.09393755126536923	0.09427023643675589	0.09481291437589726	0.09571895058733326	0.09616724975445003	0.0968396985051252	0.09728091926434013	0.0975027093785979	0.09791325703690484	0.09822470698458596	0.09855267321737139	0.09919444886713857	0.09939972269629205	0.09957432342453752	0.09968521848166641	0.09979611353879529	0.09993768169683218	0.10007924985486905	0.1002514911138139	0.10053226796058704	0.10076585542134789	0.10093809668029276	0.1010749458997284	0.10119291936475913	0.10136987956230523	0.10156099657565501	0.10161998330817038	0.10169312685648943	0.10187008705403552	0.10197154423396196	0.10222400744912771	0.10247647066429347	0.10266994714694389	0.10281151530498076	0.10300499178763114	0.10331172279671105	0.1034816045863553	0.1037411462094229	0.10389451171396286	0.10404079881060097	0.1041115828896194	0.10423191582395075	0.10433101353457655	0.10444426806100607	0.1046448229515583	0.10479111004819641	0.10494919449133758	0.10517334407489598	0.10538333684265067	0.10544468304446665	0.10549187243047894	0.10559804854900659	0.10567827050522749
DC_2011_R1_val_1 - polyg	0	0	0.0001840386054479391	0.0002878552546749817	0.0002972931318774401	0.00032088782488358614	0.0003444825178897322	0.0003492014564909614	0.00037751508809833666	0.0004105476583069411	0.0004199855355093995	0.0004247044741106287	0.0004341423513130871	0.0004341423513130871	0.000453018105718004	0.000566272632147505	0.0007904222157058923	0.0009673824132519877	0.001085355878282718	0.0017365694052523485	0.0020055489055224134	0.0020456598836328613	0.002071614045939622	0.002095208738945768	0.00217307122586605	0.002637886678087127	0.003199440371633403	0.003237191880443237	0.0032631460427499977	0.0032796623278542997	0.0033268517138665917	0.0033929168542838005	0.003449544117498551	0.0035297660737194474	0.003697288394063084	0.003796386104688898	0.0038931243460140963	0.004011097811044827	0.004516024241376352	0.007578615393574108	0.008803179960593087	0.009664386255317419	0.010785134173109355	0.012417886929134661	0.015093525116031622	0.018873394935616218	0.02298359045728686	0.02632459898695714	0.029491006788381936	0.03364131328816303	0.03720883087069231	0.040991060159577514	0.0461913304981321	0.05204045489435571	0.05781879521156087	0.0663388388560802	0.0761306364536308	0.08590827723537772	0.09515031848588514	0.10387091702095672	0.11659081602057003	0.14022326053552592	0.1648773552576479	0.18670716522693423	0.2089640391396318	0.2273207102984134	0.2410528216279904	0.2577366290526363	0.3275014173332089	0.4914727363794208	0.5380628171893568	0.5602701422467414	0.5808919039341129	0.5955394893523285
DC_2011_R2_val_2 - polyg	0.19351423415920735	0.2055899980397529	0.20832226348986463	0.20873281114817155	0.20966244205261372	0.21068645172908046	0.21257402716957213	0.21328658689835775	0.21435778596083677	0.21541482820751212	0.21619109360741434	0.21693904537570913	0.2178049706090347	0.218623706456348	0.2187912287766916	0.2189658295049371	0.21919233855779607	0.21931974990002928	0.21950378850547722	0.21957221311519504	0.2196264809091092	0.2196783892337227	0.21971614074253254	0.21986242783917065	0.22002759069021366	0.22006534219902352	0.22018567513335485	0.2203083675369868	0.22034847851509726	0.22039094896250833	0.2204522951643243	0.22051128189683966	0.22056554969075381	0.22067644474788267	0.22103980302017734	0.22370600332987184	0.22409531576447325	0.22450822289208078	0.22527269094547994	0.22676151607416775	0.22905727970366577	0.23331612179127512	0.2362182690310311	0.24095844285596582	0.2510428146467926	0.2633332902336941	0.2780469407923268	0.2954645431694638	0.31966090084726656	0.34118397980747295	0.3624640334297161	0.3844896793509534	0.4100922807319225	0.4262192534016233	0.4398900185293843	0.4587350998333931	0.4848261113595894	0.5211855332820605	0.5481920188968953	0.5709420218934212	0.5984675907543913	0.6148328698234542	0.6282299365123438	0.6479385835803776	0.6616636165020529	0.6710377880333946	0.6896917523240537	0.7068710483018286	0.7133477915320157	0.7194540980820063	0.7242367423543521	0.7266198063479729	0.7286725446395075	0.7302274349086125
DC_2012_R1_val_1 - polya	0.06905194577577357	0.07115693427948463	0.07429187597199664	0.07770077827701802	0.07962543827629254	0.08144259474407606	0.08372791175222365	0.08691487128255389	0.08948455247077447	0.09193806048786768	0.18387091919195353	0.1898737776761773	0.19290641762098015	0.20127261987007886	0.21024916474957817	0.21239576752354378	0.21475044164878235	0.21602661260325629	0.2173912138820212	0.2186881919716224	0.21988286831351442	0.22088507865547902	0.22204854429468007	0.223647225843627	0.225460914455556	0.22679950681541178	0.22830455625628593	0.22953044330086889	0.23030377515643324	0.23116206948043405	0.23222843515570776	0.23318729729949048	0.2345102843080008	0.23517091084829234	0.2356546767400019	0.23606041587498405	0.23643841216312989	0.23690657270349397	0.23727936720785794	0.23783769200044028	0.23903583619818686	0.24000856976538776	0.24098477118844322	0.24138184068378904	0.24177197446742577	0.24223319929608073	0.2425470402509174	0.24275337767426305	0.2429787883048087	0.24317125430473618	0.24338452743979092	0.24362380949375478	0.24384228441259134	0.2440260807728824	0.24430871102502816	0.24450984666459197	0.2446953769528103	0.24486876974553776	0.2451618035652471	0.24535600349310183	0.24547911237593834	0.24561435875426574	0.24578081583528405	0.24594727291630242	0.2460894550063389	0.24629405850175728	0.24645184594313924	0.24663390837550303	0.24676221904212134	0.2468679886456851	0.2470829957086671	0.2471974349518672	0.24730840633921275	0.24749220269950384
DC_2012_R1_val_1 - polyg	0	0	0.00008669639636371732	0.00014911780174559379	0.00015952136930923988	0.00015952136930923988	0.00016298922516378857	0.00017339279272743464	0.00018726421614562942	0.00020633742334564723	0.00023408027018203677	0.00024101598189113415	0.0002462177656729572	0.00025315347738205456	0.00026529097287297505	0.000355455225091241	0.0005878015673460035	0.0008392211168007837	0.001071567459055546	0.001251895963492078	0.0014027476931649462	0.0015501315669832656	0.0015934797651651245	0.0016472315309106291	0.00167150652189247	0.001761670774110736	0.001941999278547268	0.001971476053310932	0.00199054926051095	0.0020044206839291445	0.0020581724496746496	0.00211019028749288	0.0021466027739656408	0.002198620611783871	0.002443104449529554	0.0025003240711296074	0.0025575436927296608	0.0026269008098206348	0.002914732845748176	0.0041596930975311575	0.004529019746040593	0.004756164304513533	0.005050932052150171	0.0055589729348415546	0.006427670826406003	0.007750657834916328	0.009163809095644921	0.010441713978046115	0.01195543305855662	0.014160989382049587	0.016321463579433423	0.01888074120009036	0.02282195937878495	0.02851097690817208	0.03472017281574151	0.04362736057814984	0.05282064644855841	0.06153190035518473	0.07079974512646611	0.07999476492480198	0.09387312405470585	0.11315093475014203	0.12998564099604865	0.14495637472013537	0.16082701703847746	0.17251889305208837	0.18403737627297184	0.22583544288784727	0.3561696033972781	0.43789136053764527	0.4561513555397714	0.4815932800166679	0.5089858734117481	0.5261378884683459
DC_2012_R2_val_2 - polyg	0.16860021593644836	0.1785598979507122	0.1811018362920964	0.18156999683246047	0.18233986083217027	0.1832692462011893	0.18513495265093652	0.18575569884890072	0.18672323063231983	0.18783121057784813	0.18860107457755793	0.18924262791064944	0.18961889027086798	0.1900783811715957	0.19025524182017767	0.19035754356788684	0.19046851495523243	0.19062110061283255	0.19072166843261446	0.19082397018032365	0.19086558445057822	0.19091066657668737	0.1909626844145056	0.19101123439646928	0.1910511147387966	0.19108752722526934	0.19116208612614216	0.1912314432432331	0.1912539843062877	0.19127479144141496	0.19131467178374228	0.19133201106301503	0.19137882711705145	0.19142044138730602	0.191578228828688	0.19251281598148884	0.19263765879225261	0.19280411587327095	0.193057269350653	0.19342139421538063	0.19400052614309027	0.19539287026869157	0.19652339127727442	0.19827119062796694	0.20333252624768078	0.2114750517941611	0.22207802106944374	0.23424499333512783	0.25081961039194334	0.27062626910519816	0.2893318835846338	0.306561925397959	0.3262697502193592	0.3400874218718085	0.35073373934527297	0.3653940999703776	0.38602437444908777	0.4104519510885287	0.42766638755050845	0.44255736058994055	0.4601168487094478	0.472821338632587	0.4882116829150741	0.5154152781660812	0.5345023567895173	0.5437702015607987	0.5611597647434331	0.5832898868792356	0.5931281939385902	0.601463185484998	0.6079255348699495	0.6114003264362073	0.6139214576424642	0.615436910650902
DC_2014_R1_val_1 - polyg	0	0	0.00019866452935419406	0.0003536228622504654	0.0003575961528375493	0.00037348931518588484	0.0003814358963600526	0.00038938247753422036	0.0003973290587083881	0.0004171955116438075	0.0004410352551663108	0.0004628883533952722	0.000468848289275898	0.0004748082251565238	0.0004926880327984013	0.0006794326903913437	0.0012376800178766291	0.0017363279865556561	0.002050217942935283	0.0033892168707825507	0.004968599879148394	0.005155344536741336	0.005276529899647394	0.005336129258453653	0.005379835454911575	0.0056400859883655695	0.005892389940645396	0.005918216329461441	0.0059281495559291505	0.005934109491809777	0.0059718557523870735	0.0060155619488449965	0.0060374150470739575	0.006075161307651254	0.006383091328150256	0.006494343464588603	0.006595662374559243	0.006824126583316566	0.007847248909490666	0.011186799647934668	0.012174162358825012	0.012716516523961961	0.013890623892445247	0.015942828480674073	0.018879090224529063	0.02324772322502779	0.02739583859794336	0.031688979077287495	0.036601952888216716	0.042627448063529416	0.047602007878558436	0.05322818734986921	0.06081717237119942	0.06826510557668816	0.07480315523773469	0.08478604783778294	0.09560531810641235	0.10387572246342745	0.11244809690506093	0.12504740135670392	0.13983598892183013	0.16356845359848216	0.18536791240451786	0.2036212093615812	0.2219380789680379	0.23840140851561997	0.2512073240777913	0.2727306391880247	0.3341994312155059	0.38602504698813445	0.40548225099308427	0.43043252923467745	0.4492182471304101	0.45905015468814914
DC_2014_R2_val_2 - polyg	0.15431465982116377	0.17625517044304098	0.18060195034531074	0.18129330290746334	0.18242966401536934	0.18318856251750235	0.1845076949924142	0.18509574199930262	0.18585464050143563	0.18666717842649427	0.1873545576980598	0.18799823077316738	0.18837569337894033	0.18867369017297164	0.18881474198881312	0.18893592735171919	0.18903525961639628	0.189140551816954	0.18923193750045691	0.18930743002161152	0.18933325641042756	0.18937696260688547	0.18942265544863696	0.18948622809803028	0.18952198771331405	0.1895478141021301	0.1896094001062299	0.18966105288386198	0.18967495940091678	0.18967893269150388	0.18970674572561347	0.18973455875972303	0.18976435843912615	0.18980011805440994	0.19000076922905768	0.19114706356343136	0.19132586163985013	0.19154439262213974	0.1921662125990184	0.1937714219962003	0.195984544853206	0.20015451332435052	0.2026696062659746	0.206549524524262	0.21502852663709904	0.22516637757004354	0.23659157465320324	0.25136426905598114	0.27051155639513835	0.2867801947039533	0.3033825894220833	0.3206485236682563	0.33998255566500646	0.3519481202680096	0.3639673242939383	0.382995412915483	0.4014314812395522	0.4320297920506852	0.4538630238267111	0.47007007613142626	0.4899663287462488	0.5026411257190464	0.5110505952466093	0.522463872458008	0.5308097693361775	0.5390702404667249	0.5587161757745612	0.5758648979484153	0.5807560186611155	0.5850769721745692	0.5886390271858899	0.5904687275012421	0.5917163407455863	0.5925368252518192
DC_2017_R1_val_1 - polyg	0	0	0.00010355672077748239	0.00014191106180617955	0.00016492366642339786	0.00017642996873200702	0.00018026540283487674	0.00018793627104061618	0.00020711344155496477	0.00023012604617218306	0.0002377969143779225	0.00023971463142935734	0.00024163234848079222	0.00024930321668653165	0.0002550563678408363	0.00031067016233244716	0.0004334040536242781	0.0005101127356816725	0.0005868214177390668	0.0007248970454423766	0.000815029746859815	0.0008495486537856425	0.0008648903901971214	0.0008802321266086002	0.0008974915800715139	0.0009722825450774735	0.0011161113239350879	0.0011256999091922622	0.0011391239285523064	0.0011621365331695244	0.0012004908741982219	0.0012561046686898327	0.0013385665019015314	0.0014440409397304486	0.0016147177573081512	0.001670331551799762	0.0017623819702686353	0.001837172935274595	0.00224181123312735	0.004153775133407905	0.005444398709023564	0.006875015629393969	0.009195453261630147	0.012785419581916204	0.01898923424330797	0.028140580012755118	0.03599938448953517	0.04158952969446779	0.04668682161718164	0.05360210930465574	0.059890303516310646	0.06647574387093795	0.075335596648567	0.08454255621250575	0.09346569365283215	0.10640069516476028	0.12065700372512703	0.1323569954559311	0.1449659850691153	0.1589058703159953	0.17423226499106267	0.1979218237274375	0.2220697168391052	0.2414712602484717	0.2628269573332503	0.27977957606793447	0.29270690671165683	0.31722683693130294	0.3787471999413332	0.4248913076329588	0.45135004979160553	0.49523892223074373	0.5304386187098304	0.5466145620386835
DC_2017_R2_val_2 - polyg	0.13752716062659948	0.14744942865072344	0.14961261348474195	0.15019176403427528	0.15100487606408367	0.15176429201645186	0.15338668064196576	0.15398500836201343	0.15498222122875957	0.15601970615358582	0.1567829575400569	0.1574637470933163	0.15787413854232332	0.15825576423555887	0.15837849812685068	0.1584628776771138	0.15857026983199418	0.15874861751777763	0.15883875021919508	0.15892696520356106	0.15898066128100125	0.15901326247087563	0.15905736996305864	0.15911298375755023	0.15914942038152752	0.15921078732717342	0.15930092002859086	0.1593469452378253	0.15935078067192818	0.15938146414475113	0.15941022990052264	0.15944283109039703	0.15948693858258006	0.15957707128399748	0.1598800705781242	0.16176326872263322	0.1622177676638233	0.16293691155811135	0.16448067378451642	0.16773503962080138	0.17331559624047682	0.1839608435929917	0.19013205706450909	0.19653339658219865	0.20671263869121487	0.21927176766106177	0.2335549242601486	0.25118449711398927	0.27873633799195385	0.30396390580357946	0.32782414135753196	0.3555504944871771	0.3893579283869223	0.4076356896041479	0.4217961123119429	0.4483852592300872	0.4733654415420777	0.5145464975045899	0.5463901891436658	0.5703923357594244	0.6026387479793016	0.6201858589999305	0.6342829970450281	0.6569523303100396	0.6727370593604	0.6866270839639427	0.7257485118132138	0.7658192096029451	0.7789594068393768	0.7901627098538593	0.79957294742525	0.8030248381178329	0.8055830726644468	0.8070750565304633
DC_2019_R1_val_1 - polyg	0	0	0.00009366955622174348	0.0001776491583515825	0.00018410912774618546	0.00019379908183808997	0.00019702906653539147	0.00021640897471920047	0.00021963895941650197	0.00024063385994896173	0.0002632437528300722	0.00027777868396792896	0.00028423865336253196	0.00028746863805983346	0.00030523355389499175	0.00041989801064919494	0.0007719663426550584	0.0010933498200365577	0.0013598235575639312	0.0017135068819184454	0.002057500252181055	0.002149554816054148	0.0022173844946974794	0.0022755242192489065	0.00234658388258954	0.0025662228420060412	0.002774556854981988	0.002802011724909051	0.0028246216177901613	0.002858536457111827	0.002892451296433493	0.0029247511434065078	0.002966740944471427	0.0030378006078120605	0.003162155018658168	0.0032235247279068964	0.0032945843912475297	0.003352724115798957	0.003512608358315381	0.004389549203632738	0.004904731762852327	0.005327859758198824	0.005865652210299523	0.006615008660073471	0.007831097898607486	0.009954812837083223	0.012663155005770529	0.01488538447751396	0.016568206504808045	0.018813045869432585	0.021027200379432762	0.02354658844332793	0.026921922452008	0.0304765206113883	0.03445586175846375	0.040573452775152785	0.047755323749602674	0.056116139138567604	0.06387940735853176	0.07038136655419969	0.07902642059652715	0.09427356336013887	0.11248260209117608	0.12824169742931008	0.1435227550322435	0.15841782946384936	0.16913976366654168	0.18034296558913193	0.21771873351395624	0.2901866701826127	0.31947940140244	0.3434749577186928	0.3714579301437644	0.3896637388901043
DC_2019_R2_val_2 - polyg	0.16047855970072772	0.17688688196301933	0.17992952754787733	0.1804980048546024	0.1815606698200146	0.18245537558116712	0.18387979883267708	0.1845774755272942	0.18550771112011702	0.18658975599371302	0.18736656731341406	0.18793988959718505	0.18828711295214495	0.1886730961234725	0.18880068051901588	0.1889121149910728	0.18903485440957027	0.18914790387397584	0.18924157343019754	0.1893417029558139	0.1894111476268059	0.1894434474737789	0.18947413232840327	0.18950158719833032	0.1895258120835601	0.18955811193053312	0.1895984867392494	0.18963240157857103	0.18964855150205756	0.1896727763872873	0.189706691226609	0.18974545104297658	0.18978905583639016	0.18985204053798754	0.19000384981876073	0.1909389303886295	0.19108266470765942	0.19128776873593806	0.19166244696082502	0.19258299259955597	0.1939557360959091	0.19683365246120474	0.19856007928191238	0.2009922577589804	0.2063378824330144	0.2132242098076612	0.22181435411013453	0.23192420621268822	0.24700823474908623	0.26056932550070655	0.27520438616417964	0.2915109639085063	0.309740997540076	0.3212025982384503	0.33218293121692677	0.34820042533084494	0.3641936945595333	0.39059235949057847	0.4087497184664588	0.42319744001748844	0.4451354960815602	0.4576161569519332	0.4668991329719777	0.48140176426286146	0.4914017968857069	0.5010917509776114	0.5242749661424929	0.5457559793718966	0.552671376608819	0.5593186851158656	0.5650163781219053	0.5674840864306436	0.5694317672031166	0.570835195554094
DC_3007_R1_val_1 - polyg	0	0	0.0001552261518634212	0.00024836184298147396	0.00025723190880224084	0.00027940707335415816	0.000297147204995692	0.000297147204995692	0.00033262746827875973	0.00034149753409952666	0.00034149753409952666	0.00034593256700991013	0.00034593256700991013	0.00036589021510663575	0.0003725427644722109	0.0004368507416727712	0.000594294409991384	0.0007073877492061624	0.0007960884074138316	0.0009158342959941851	0.0009801422731947453	0.000982359789649937	0.0009845773061051288	0.0009890123390155123	0.000991229855470704	0.0010355801845745387	0.0011775012377068094	0.00119080633643796	0.0011930238528931516	0.0012085464680794936	0.0012462442478177532	0.0012905945769215877	0.001330509873115039	0.0014724309262473098	0.0018139284603468364	0.0019070641514648892	0.0020578552704179267	0.002372742607055153	0.003856261115578421	0.00890111105113961	0.01109201730886904	0.013107739766638326	0.016103604497602356	0.020518679759889094	0.02785422419366334	0.03719218598647572	0.044210625567157553	0.04952823002670732	0.05494118769383034	0.06285328640595444	0.07074320995352662	0.07948465981989242	0.09061437490849972	0.10116531820230198	0.11130823846834897	0.12595936968780075	0.13855708066974498	0.1484095062801618	0.15931746972324995	0.17245403720380578	0.18706303561060889	0.21064410559511776	0.2339701611872796	0.2516681600161648	0.2700181086828764	0.28319459145962567	0.29469241427979476	0.321723939868582	0.37183759423945995	0.40157892493649144	0.4274418193533926	0.4661086537825708	0.49161009301727576	0.5026666300628617
DC_3007_R2_val_2 - polyg	0.128460728249257	0.14638269624011657	0.15025004493797098	0.1508532094137831	0.15178900135787401	0.15239660086659657	0.15354970942329627	0.15410852357000457	0.15484917406603863	0.15564526247345245	0.15626394956445094	0.156785065931421	0.1571021707845134	0.15739931798950912	0.15751462884517908	0.15758558937174522	0.15768981264513923	0.15775633813879497	0.1578073410172644	0.15784947382991305	0.15788938912610648	0.15798030730076934	0.15803352769569395	0.15808009554125296	0.15809340063998412	0.1581044882222601	0.15813331593617758	0.1581510560678191	0.15817101371591585	0.1582064939791989	0.15826636692348908	0.1583395449665104	0.15843933320699405	0.15853912144747767	0.15907797794608924	0.163273519079312	0.16389885871967608	0.16492113380551945	0.16687476580254337	0.17091951581681308	0.17715960712172263	0.18726926464094173	0.19329647436615285	0.1996718341748291	0.20997219810919468	0.22379176065794956	0.2404297866212531	0.2624231148238447	0.2985021075498142	0.3284674074088201	0.35291774384376406	0.37725720445594857	0.4024237987059195	0.4167068221938094	0.42935331853776787	0.4490648223079672	0.4691266936780868	0.5048708414193223	0.5303279303249233	0.5482742909967901	0.5717112224117116	0.5850229736922274	0.5958710641910254	0.6121010671265736	0.6236831555720401	0.6353029417972447	0.6664590479926886	0.6938254185662097	0.7020634921972471	0.7096429634410923	0.7158187467688013	0.7183866308239133	0.7202870424260126	0.7213669729396911
DC_3024_R1_val_1 - polyg	0	0	0.00012583803504944585	0.00022206712067549266	0.00024057271406511703	0.00024427383274304193	0.00025537718877681654	0.00025907830745474145	0.00027018166348851606	0.0002905378162171029	0.00029238837555606534	0.0002960894942339902	0.0003442040370470136	0.000362709630436638	0.00037381298647041263	0.0003867669018431497	0.000438582563334098	0.0005107543775536331	0.000586627310451093	0.0006199373785524169	0.000632891293925154	0.0006476957686368536	0.0006532474466537409	0.000662500243348553	0.0006754541587212902	0.0007032125488057267	0.0007513270916187501	0.0007531776509577125	0.0007587293289745998	0.0007698326850083745	0.0007938899564148862	0.0008216483464993229	0.0008438550585668721	0.0008956707200578203	0.001184357976935961	0.0012417253164437965	0.0012972420966126696	0.0014693441151361762	0.0019652940179781097	0.0038269567129743235	0.0047448341450996925	0.005997662817577264	0.007742740274218844	0.010135513499497277	0.014327030402247202	0.01995458135203198	0.02473827724324988	0.02842459144646306	0.031746345459900634	0.036026689210920754	0.0401830454862304	0.04525912975300436	0.052616953684719026	0.06027456822934559	0.0671567984109469	0.07651507698807997	0.08621015736490417	0.09359944080538118	0.1026301703795179	0.11708303881681453	0.131545160050806	0.1510204465340467	0.1698554394860064	0.1847154309778748	0.2019885518477502	0.21440580501218814	0.22404721916818246	0.2613711504757159	0.3485935637990325	0.38412985478512823	0.40693059640048446	0.4532834067228156	0.48671191062183305	0.49942340272116603
DC_3024_R2_val_2 - polyg	0.10695862867335104	0.11665926072819213	0.11839508538813891	0.11872448495047422	0.1191538147171135	0.11963125902656581	0.12051582639058986	0.12091554720780574	0.1215484385017309	0.1222923633559938	0.1227605548687513	0.12314917232993342	0.12337494056928683	0.12353038755375967	0.12365437502947016	0.12374875355575723	0.12378946586121442	0.1238338792853495	0.12386163767543396	0.12389494774353527	0.1239134533369249	0.12394491284568726	0.1239726712357717	0.12400968242255095	0.12402448689726264	0.12404114193131331	0.1241151643048718	0.12417993388173548	0.12419103723776927	0.12422804842454852	0.12426691017066673	0.12432057639149663	0.12438904708703824	0.12447232225729155	0.12478136566689829	0.12619704356120454	0.12648573081808268	0.12693171561877264	0.1279180637464396	0.1299629318159931	0.13339942050844636	0.13981901085530707	0.14389764363838026	0.14845001961222787	0.15661283685639119	0.16727205864881484	0.18089032482423942	0.19680698569865535	0.22014809064098861	0.24170710693990102	0.25877296516381265	0.27600167260955294	0.29512535281839075	0.3067857272131931	0.31679355211830196	0.33852652099507685	0.3563011434458111	0.384435197076057	0.40441753681817344	0.42006031491042295	0.4429221249839649	0.4550007257893728	0.4646624960980956	0.48414888593737015	0.49694180264761745	0.5069477769933873	0.541157216933447	0.5775706730462109	0.587765404444555	0.5964149187948654	0.6040836366955258	0.6065282255822951	0.608058638155617	0.6090671929953516
DC_3028_R1_val_1 - polya	0.07156652413546984	0.07334181775743498	0.0756971078752126	0.07807761523193858	0.07931830338819831	0.08235445895758188	0.08364558159173835	0.08521913730211654	0.08691877920723658	0.08822755390865691	0.09078206021412663	0.09231779006608229	0.0931398720557991	0.09496560015566097	0.0969048058307905	0.09763358403639835	0.09810514640473286	0.09836992741369072	0.09859940428812088	0.09886418529707874	0.09907853182813987	0.09935844318046677	0.09961061556995046	0.1005234796198814	0.10180451535845852	0.1023038166896362	0.10282833525976227	0.10316120281388075	0.10329989762809677	0.10341337520336442	0.10352433105473724	0.10393537204959566	0.10431867408161086	0.1044523254480372	0.10452545544098749	0.10461119405341193	0.10475997576320731	0.10478267127826084	0.10479023644994534	0.1048356274800524	0.10496423539868908	0.10503232194384968	0.10509788676511544	0.10523153813154179	0.10527692916164885	0.10533997225901978	0.10537275466965265	0.10542066742365455	0.10547110190155129	0.10552405810334287	0.10555936223787057	0.1056703180892434	0.10575101325387817	0.10581153462735426	0.10585692565746133	0.10589222979198905	0.1059224904787271	0.10598049012830835	0.10603596805399475	0.10605866356904828	0.10606622874073279	0.10608135908410181	0.10612927183810372	0.10616709769652627	0.10620744527884365	0.10624779286116104	0.10632344457800615	0.10639153112316674	0.10644448732495831	0.1064772697355912	0.1065251824895931	0.10656300834801566	0.10658822558696401	0.10663361661707108
DC_3028_R1_val_1 - polyg	0	0	0.00014625998590053735	0.00017652067263857957	0.00019165101600760067	0.00019165101600760067	0.00019165101600760067	0.00019669446379727437	0.00021686825495596918	0.00023704204611466398	0.00025469411337852193	0.0002597375611681957	0.00027486790453721676	0.000287476524011401	0.0002950416956959116	0.0004135627187532436	0.0006052137347608442	0.0007237347578181762	0.0007817344073994237	0.0010112112818295772	0.0011877319544681569	0.0012230360889958726	0.0012381664323648939	0.0012482533279442412	0.0012785140146822835	0.001323905044789347	0.0014272957244776576	0.0014449477917415157	0.0014651215829002105	0.0014752084784795578	0.0015054691652176002	0.0015357298519556423	0.0015962512254317266	0.001674424666171669	0.001979553257446928	0.0020879873849249126	0.0022014649601925706	0.0025772018205232616	0.004077627537951188	0.00883359880361349	0.010323937625462068	0.011506626132140551	0.01328444147800053	0.01567251400641103	0.01935423089287283	0.024029506993900353	0.02801383074774258	0.03131728904997885	0.03477457250980018	0.039338892759454874	0.04384521335952833	0.04919378974047729	0.05637818111686747	0.0634011821639881	0.07034096632257912	0.08174168005113652	0.09202022664649154	0.09956018109205371	0.10796508683354494	0.12009710049160502	0.13316215199075476	0.1560619266797682	0.17817492351359254	0.1947653450177242	0.21172645993439684	0.22520003070451017	0.23614179068420724	0.2682786400000081	0.3227655281957479	0.34640416798594853	0.37135914764925404	0.4055738974544004	0.4273187225995786	0.43685588236985157
DC_3028_R2_val_2 - polyg	0.15428915478169788	0.17202696065798032	0.17522450655663344	0.17569354720107308	0.17650554229521054	0.17706536499986433	0.17811944558790613	0.17870448553150828	0.17953161096901477	0.18035873640652125	0.18104968875370656	0.18162464180172935	0.1819222052213201	0.18225507277543856	0.18242655000028749	0.1825097668888171	0.18265854859861247	0.18278211306945946	0.18286028651019942	0.18292332960757035	0.18297124236157225	0.18301663339167928	0.18305193752620702	0.18308976338462957	0.18311498062357795	0.18314776303421082	0.1832032409598972	0.1832486319900043	0.18327384922895265	0.18329402302011136	0.18332680543074423	0.18337723990864097	0.18341002231927384	0.18349323920780347	0.1838109764185529	0.18650669926213348	0.18699339197383702	0.18763895329091523	0.18863755595327064	0.19072554333819555	0.19342126618177613	0.19815958538017459	0.20157147780988885	0.20592397325237727	0.21503243996052795	0.22762592909134322	0.24211827631497057	0.26126320412457193	0.28877016836945235	0.3101644738932482	0.33019704851383214	0.35234282775828935	0.37505347315519	0.38860269564214844	0.4001597562521857	0.41792782281520613	0.4352520659727353	0.4700795946843271	0.495677613940816	0.5126689895442267	0.535909196959043	0.5487775539943955	0.5576237614174833	0.5707594211856883	0.5807479695331371	0.5919292932828437	0.6215545055993871	0.6466960928309105	0.6543243076127919	0.6603688797887158	0.6653845886155463	0.6676970094271117	0.669207522040119	0.670259080904266
DC_3030_R1_val_1 - polyg	0	0	0.00014971183279284244	0.00022924624396403998	0.0002526387178379216	0.00026199570738747423	0.0002713526969370269	0.0002947451708109085	0.00033217312900911915	0.0003579048502703889	0.00036024409765777706	0.00036258334504516527	0.0003719403345947179	0.00037427958198210605	0.00039533280846859955	0.0004351000140541983	0.0005731156099101	0.0007041134636038371	0.000774290885225482	0.0009146457284687717	0.00100587637657691	0.001019911860901239	0.0010292688504507917	0.0010503220769372851	0.001062018313874226	0.0011392134776580353	0.0013310317634238648	0.0013427280003608056	0.0013567634846851345	0.001366120474234687	0.0014012091850455096	0.00146436886450499	0.0015088145648653652	0.001595366718198727	0.0019602893106312807	0.0020445022165772545	0.0021333936172980047	0.002252695234054801	0.0027579726697306442	0.005504249102524348	0.006680890538380594	0.00779437229477736	0.009413131486849968	0.011637755752256111	0.015406283293338442	0.02072573185225912	0.025525867491179632	0.028812510070460002	0.03188394189010066	0.03628640547316518	0.04060231690289634	0.04564105577533045	0.05264242320578322	0.059844965911551376	0.0662053795578598	0.07581266857786298	0.08634863881065925	0.0954506503949866	0.10408013400706154	0.113984507445263	0.1260807556854472	0.14400874766239008	0.16178936705392752	0.1765921245213198	0.19156330780060404	0.20385839206871625	0.21362007141628703	0.2347177436031409	0.3015383452238838	0.3571633088485869	0.3766749713067915	0.4043365716626566	0.4290928267633855	0.441570372327714
DC_3030_R2_val_2 - polyg	0.09733608378922146	0.10704863894165711	0.1088685734090451	0.10923817449625244	0.10995398419679321	0.11041715517949606	0.11131542617625312	0.11181602511715419	0.11241955094310033	0.11313302139625372	0.11368508377967733	0.11407105959859637	0.1144406606858037	0.11471435263012812	0.11480792252562365	0.11488979618418224	0.11497868758490298	0.11504652575913724	0.11508863221211023	0.11515413113895709	0.11520325533409224	0.11523132630274091	0.11524068329229045	0.11527811125048867	0.11530618221913733	0.11531553920868688	0.1153482886721103	0.11537635964075897	0.11538571663030853	0.11540443060940764	0.11544653706238062	0.11548864351535361	0.11554244620526354	0.11562431986382211	0.11598690320886729	0.11843843447085008	0.11883142803193128	0.11935775869409362	0.12056948884076069	0.12283621955913981	0.12593104385265436	0.1321043177079717	0.1357675791166216	0.13990336849752386	0.14739363863194077	0.15731906529662873	0.16926560170402008	0.18553506728330477	0.2115521767258359	0.2304065106681845	0.24832748490296522	0.26765668606495363	0.28960116580604195	0.3024202414889291	0.3137609128229869	0.33224330643074074	0.3498835709790349	0.3767662019548997	0.39551760901220323	0.4091367073015771	0.42842614125797984	0.43958201204843406	0.4489811080509597	0.46504705910754157	0.47605321806520284	0.4856160613848457	0.5074693104778258	0.5275400530616163	0.5341881941365735	0.5398094056084672	0.544719485874595	0.5469464493873886	0.5483616940567584	0.5493769274228848
DC_3031_R1_val_1 - polyg	0	0	0.0001222011538381068	0.0001814501981232495	0.00019255939392671376	0.00019626245919453515	0.00020737165499799942	0.00020737165499799942	0.0002406992424083922	0.00025551150347967786	0.0002629176340153207	0.0002666206992831421	0.0002666206992831421	0.0002666206992831421	0.00027032376455096355	0.00033142434147001695	0.0004851015500846058	0.0006795124766452302	0.0008183774241885334	0.0010720373950343005	0.0012627452563271037	0.0012868151805679427	0.0012997759090053178	0.001316439702710514	0.001336806561683532	0.001355321888022639	0.001425680128111246	0.0014275316607451566	0.0014367893239147103	0.001451601584985996	0.00148863223766421	0.0015071475640033173	0.0015293659556102456	0.0015608420103867277	0.0017552529369473523	0.0018293142423037806	0.001890414819222834	0.0020348343646678694	0.002569927295868064	0.004495521235135202	0.0052213220276282	0.00590083450427343	0.00705063626993198	0.008865138251164476	0.01188128491180502	0.01619535594881697	0.019876202825031462	0.022597955796880204	0.025025315079937147	0.02890427594798008	0.03272769083700569	0.036910303057009985	0.042190874128923334	0.047291846535347334	0.05240763120284262	0.06107095239691082	0.06963243929611396	0.07696265699376645	0.08462800209815678	0.09513730132823398	0.10696118872838775	0.1251062085407127	0.14442880310820488	0.16002611401626865	0.17839702080993075	0.19273714105956918	0.20297241345982758	0.22284861628485902	0.27051447241225635	0.29898548972390127	0.31929124812000004	0.35116538241277295	0.376814663990338	0.38943100735780556
DC_3031_R2_val_2 - polyg	0.13381766958326258	0.14963346134212788	0.15253666451209985	0.15300695380111318	0.15384384655164082	0.15436968181967145	0.15548430446528572	0.1558805324489426	0.1566581761551851	0.15747840511200756	0.15808941088119807	0.15853377871333663	0.15881521167369106	0.15907812930770637	0.15918736973310713	0.159272540234267	0.15934845307225737	0.15940029598600686	0.15944843583448853	0.15949102108506846	0.1595076848787737	0.15954286399881798	0.15957804311886228	0.15962247990207615	0.15965210442421873	0.1596817289463613	0.15972431419694122	0.15975949331698552	0.15976875098015508	0.1597891178391281	0.15982059389390457	0.15984651535077934	0.1598724368076541	0.15993909198247486	0.16014090903957112	0.16139069356746089	0.1616036198203606	0.1619091227049559	0.16262751736691322	0.16429945133533458	0.1668582694353992	0.1714019305190161	0.1741736748719804	0.17732683494753035	0.18324248171287505	0.1915854877612767	0.2028724306975964	0.21550543785876916	0.23537608608589888	0.2526434794297502	0.2677445795919259	0.28426395375167723	0.3033125214893506	0.31549005162258137	0.32699547540970253	0.3437574003444962	0.3602767745042475	0.3901586596829324	0.41225114707075505	0.430001790432057	0.4546438382567746	0.4674934747361149	0.47634565225884207	0.4887509209060438	0.4980752392504181	0.5080364848208577	0.5362779120858978	0.5608551562684285	0.5680057753005916	0.5749564288082925	0.5806535947228357	0.5828902461445999	0.584401096773871	0.5853213084929246
DC_3042_R1_val_1 - polyg	0	0	0.00019115222739629942	0.00025151608867934134	0.00028840511501897805	0.00029175866286803594	0.0002984657585661517	0.0003085264021133254	0.00031858704566049904	0.0003286476892076727	0.00033032446313220165	0.00033200123705673054	0.00033200123705673054	0.0003504457502265489	0.00037056703732089624	0.0004242238029058224	0.0005080624991322695	0.0006153760303021219	0.00069753795260404	0.0008132353533965369	0.0008585082493588184	0.0008803063103776947	0.000898750823547513	0.0009339630759626209	0.0009540843630569682	0.0009892966154720758	0.0010815191813211677	0.0010899030509438125	0.0010966101466419282	0.0011033172423400438	0.0011351759469060939	0.001165357877547615	0.0011988933560381936	0.0012374591563023593	0.0013296817221514511	0.0013833384877363773	0.001452086218642064	0.0015828745847553216	0.0020993209535102356	0.003955509687963775	0.004606097970681004	0.00511919079158686	0.0058049913267191975	0.00683285374245544	0.008506274119135324	0.010850404065626786	0.013152614664005023	0.015307269157024713	0.0173747314059689	0.020359388991630416	0.023323925290197584	0.027098343394312236	0.032438868343936916	0.03743900818688222	0.042538077691374736	0.05029483386624562	0.057551911411606885	0.06426571420542077	0.07280217025519761	0.08470391157150405	0.09765195981671654	0.1176139533882336	0.13787944304009037	0.15714725220685247	0.17774138954791693	0.19290613292135667	0.20453791363581397	0.23664981106446775	0.302131186365172	0.33738703490231753	0.3628153114677989	0.4018506084308327	0.4309040702211457	0.44525222469333986
DC_3042_R2_val_2 - polyg	0.20886902068287222	0.22464746331268956	0.22773272733382283	0.22824917370257772	0.22923511677020075	0.23035184820393703	0.23234720917412646	0.2328703626385795	0.23412458953412715	0.23584998990246742	0.23682419555261874	0.23765755219310963	0.2379644018212984	0.23825616048416645	0.2384674339986571	0.23862840429541188	0.23883632426205348	0.23926390161280836	0.2393360028915631	0.23940810417031783	0.23944499319665746	0.23947852867514807	0.23950703383186506	0.23958248865846887	0.23961602413695943	0.2396445292936764	0.23971160025065757	0.23976190346839343	0.23977531765978968	0.23979879249473307	0.23985077248639347	0.23987760086918594	0.23990945957375198	0.2399396415043935	0.24009055115760114	0.24131627289643176	0.2414906573845828	0.241735466377564	0.2421647205022434	0.24305844100401736	0.2441802027595272	0.24651930238424508	0.24818266211737777	0.2507011765520203	0.2560618227887393	0.26283598944383624	0.2710857171525186	0.28276612431078724	0.3016985786926435	0.3156208325880073	0.32992874448601284	0.34584803612549053	0.3626090682750819	0.37373781681218043	0.38413046159641084	0.4047531040941923	0.42329654692555785	0.45520723148326814	0.48032530487271174	0.5014207976172104	0.5327412577534865	0.548793014533002	0.5608322513111199	0.5796406244225609	0.5933734028644531	0.6062527033787599	0.6413509351669997	0.6745879478990123	0.6855087764694693	0.6967599295030585	0.706636127918534	0.7103552124831392	0.7129290604572911	0.7149898156105372
DC_3047_R1_val_1 - polyg	0	0	0.00011431106289560616	0.0001474981456717499	0.0001548730529553374	0.0001548730529553374	0.00016593541388071863	0.0001806852284478936	0.00019912249665686235	0.00021940349168672797	0.00022677839897031546	0.00023784075989569667	0.0002728715694927373	0.0002876213840599123	0.0003134335595524685	0.0003871826323883434	0.0005328370512391965	0.000656366748239287	0.0007485530892841308	0.0008886763276722931	0.0009439881322991991	0.0009734877614335491	0.0010122060246723836	0.0010509242879112178	0.0011025486388963304	0.0013643578474636865	0.00166304159244898	0.0016777914070161548	0.0016851663142997426	0.0016888537679415362	0.001707291036150505	0.0017552279334938237	0.0017902587430908643	0.0018326644599714922	0.001897194898702883	0.0019432880692253048	0.0020188808688820763	0.002085255034434364	0.002302814799300195	0.003364801448136794	0.003849701602032672	0.004174197522510522	0.004548474067152588	0.005090529752496268	0.00594417527057152	0.007295627030288928	0.008754014945618355	0.01003724881296258	0.011180359441918641	0.01271987133736753	0.01431838249108512	0.01626535801395222	0.019351756712133586	0.02306317880259899	0.02676169480531812	0.03210112767863547	0.03800474095914726	0.04502380896630165	0.051487915200366094	0.0584387653151473	0.06840410878209491	0.08360563642038962	0.09950778025062516	0.11304442256965001	0.12698852851609305	0.1398098048286099	0.1491980618006168	0.16290617071398505	0.22107575191328144	0.29693036077862056	0.3199529775911598	0.3467976401034183	0.37728366308694816	0.39529871785393145
DC_3047_R2_val_2 - polyg	0.20913762074797415	0.22007092079589263	0.2220916453915956	0.222548889643178	0.22340069143443236	0.2244479282687018	0.22682633586765877	0.22760070113243544	0.229396491055989	0.23185786636188632	0.23301203935176779	0.2339431213963207	0.23444277136478375	0.23520054308817237	0.23538675949708293	0.23554347627685918	0.23574259877351605	0.23612240649862082	0.23621828029330744	0.2363067791807105	0.23634549744394934	0.23638237198036727	0.2364137153363225	0.23648746440915838	0.23656121348199427	0.2366109941061585	0.23673083634951675	0.23681380405645713	0.2368469911392333	0.23686542840744224	0.23690045921703928	0.23693549002663633	0.23697605201669605	0.23703320754814386	0.2371862368742783	0.23814866227478645	0.23831275396184629	0.23849528291711508	0.23872943622336898	0.23917746184084693	0.23993892101787734	0.24141390247459482	0.24244454576747618	0.24421452351553719	0.2485638750860329	0.2546573922290971	0.2625651365639238	0.2744534871050668	0.2937720567344242	0.3091137076111071	0.3259524646663583	0.3454701567923726	0.3660498355672235	0.37891351759662095	0.3901731572918382	0.4079706522939557	0.4248462838856248	0.45157847906180854	0.47463243923030307	0.49349192088125715	0.5188837266586489	0.5347231837769739	0.5468383127170873	0.5663560048431016	0.5818174979631427	0.5936523804264797	0.6218540258789185	0.6519418038691345	0.6631885374766053	0.6725509822731197	0.6809546891227677	0.6844596138092927	0.6870666435340409	0.6886872794096092
DC_3049_R1_val_1 - illumina_universal_adapter	0	0	0	0	0	0	0	0	0	0	0	0	0	0	0.0000017741916082227251	0.0000070967664328909005	0.000035483832164454504	0.00005145155663845903	0.00007274185593713173	0.00008338700558646809	0.00008870958041113626	0.00009935473006047262	0.00011177407131803168	0.00012419341257559075	0.00014193532865781802	0.00015967724474004528	0.00017741916082227252	0.00020758041816205884	0.0002341932922853997	0.0002820964657074133	0.0003299996391294269	0.00036903185451032683	0.0004488704768803495	0.0005198381412092585	0.0006511283202177401	0.0008622571215962444	0.0011780632278598896	0.0018114496319954023	0.0026488680710765287	0.004179995428972741	0.006686928171391451	0.010382569291319388	0.015430144416713042	0.02180836324827374	0.028443839863026732	0.03543238060781605	0.04276688871620879	0.0509884926287129	0.05825558145599318	0.06521041256022626	0.0745426604194778	0.08259039355437608	0.08987522429773859	0.09624812055447463	0.10089650256801816	0.10458859530472965	0.10721262469329106	0.10932923528190078	0.11188584538934973	0.1142810040604504	0.11621842129662961	0.11842728984886691	0.12081180337031824	0.12360970353648548	0.12648566813341452	0.1295142132086507	0.1317213075692798	0.13394969222920755	0.13629517353527798	0.13828936490292032	0.14040065291670537	0.14287919859339251	0.1447545191232839	0.146212904625243
DC_3049_R1_val_1 - polyg	0	0	0.00013838694544137257	0.00018451592725516342	0.00021645137620317247	0.00021645137620317247	0.00021999975941961792	0.00022354814263606337	0.00022709652585250882	0.00023596748389362245	0.00024838682515118156	0.00026435454962518603	0.0002749996992745224	0.0002820964657074133	0.00029096742374852693	0.0003495157468198769	0.000523386524425704	0.0007575798167111037	0.0009083861034100353	0.001123063288004985	0.0013253211313423757	0.0013590307718986075	0.0013980629872795075	0.001453062927134412	0.0014690306516084164	0.001531127357896212	0.0016925787942444798	0.001704998135502039	0.00171209490193493	0.0017174174767595981	0.001729836818017157	0.0017529013089240524	0.0017795141830473935	0.0018096754403871796	0.0019445140026121068	0.0019888687928176748	0.002033223583023243	0.002123707355042602	0.0024483844193473607	0.003892576388440659	0.004399995188392358	0.004722898061088894	0.005185962070835026	0.005879670989650112	0.007091443858066233	0.008924183789360308	0.010719665696881705	0.011945632098163609	0.013134340475672836	0.014906757892287337	0.016849497703291222	0.019186108051320552	0.02264223330413842	0.026368035681406145	0.0299483543467996	0.03539157420082692	0.041500115907937764	0.04707640013258179	0.05344929638931782	0.06305654394784388	0.07492765999846213	0.09100361016056824	0.10583230362209378	0.1188495474516239	0.13472323977039263	0.14758967731322387	0.1566043448746035	0.17569464657908002	0.23033265134590708	0.272750024315296	0.2915600037456733	0.3264867397451459	0.35554622409622594	0.3709462072555991
DC_3049_R2_val_2 - illumina_universal_adapter	0	0	0	0	0	0	0	0	0	0	0	0	0	0	0.000008870958041113626	0.000021290299298672703	0.00004967736503023631	0.00006741928111246356	0.00008693538880291354	0.00009758053845224988	0.00010290311327691807	0.00011532245453447715	0.00014193532865781802	0.00017209658599760434	0.00021645137620317247	0.00024306425032651335	0.0002625803580169633	0.0003016125733978633	0.0003459673636034314	0.00039919311185011315	0.0004577414349214631	0.0005198381412092585	0.000587257422321722	0.0006848379607739719	0.0008604829299880217	0.001130160054437876	0.0015559660404113299	0.002253223342442861	0.0032378996850064732	0.004850639856880931	0.007416120922370991	0.011173858748586722	0.01632965956208196	0.022745136417415338	0.029442709738456127	0.036574960003511486	0.04399462930909892	0.052283652502715494	0.059648321868448026	0.06676992698385403	0.07622814244728938	0.08447813342552507	0.09199360907795653	0.09850134389691748	0.10332537087967507	0.10718246343595128	0.10990584755457317	0.11217149023827358	0.11482035830935011	0.11731132332729481	0.11935341786835918	0.12170599594086251	0.12414550940216876	0.12703211914874712	0.13005356745755042	0.1331974349873211	0.13544178737172285	0.1377340429295466	0.14018774992371863	0.14226887668016389	0.1444333904421956	0.14695096833426366	0.1488688694627524	0.1501143519717248
DC_3049_R2_val_2 - polyg	0.1852397974313183	0.20869106210880628	0.21346008915170897	0.21418041094464738	0.21541169992075396	0.2164620213528218	0.21858750289947262	0.21924750217773148	0.220581694267115	0.22229556336065814	0.22338136862489044	0.22442104490730896	0.22492668951565242	0.2253365277771519	0.2255565275365715	0.225751688613476	0.2259149142414325	0.2260710431029561	0.22618281717427413	0.22626975256307702	0.2262999138204168	0.2263602363350964	0.22641346208334306	0.22648088136445554	0.22654120387913512	0.22659088124416535	0.2266583005252778	0.2267097520819163	0.2267292681896067	0.22673813914764784	0.22676297783016297	0.22680201004554384	0.22683571968610008	0.2268818486679139	0.22705039687069503	0.2281503956677931	0.22831716967896606	0.2285087823726541	0.2288849109935973	0.22957507152919598	0.23055087691371848	0.23233926205480698	0.23373200246726183	0.23542458126150628	0.23945731878699655	0.24586924725911347	0.25439956051144835	0.26659003105154666	0.286849525025842	0.3034470875207656	0.31745787865090047	0.33267157169141026	0.3492336503541694	0.3604500897013535	0.37161685168350733	0.3922400549374883	0.41129842119301685	0.43772677938910254	0.45638062995795625	0.47338270813955463	0.4968712308408153	0.5108536349052186	0.5218163648524268	0.5375073154355486	0.5490200447813058	0.5598230974837741	0.5917674173898242	0.6213414173072889	0.6305849555861293	0.6405612349991656	0.649238806154983	0.6530941245196509	0.6556258959445848	0.6571747652185632
DC_3051_R1_val_1 - polyg	0	0	0.00013230292185944286	0.0001828893331586416	0.0001945631203815336	0.0002101281700120563	0.00021401943241968697	0.00021791069482731765	0.0002218019572349483	0.00023931263806928633	0.00025682331890362436	0.0002743339997379624	0.00031908351742571513	0.00034632235427912983	0.00036966992872491386	0.00047084275132331136	0.0006303845100361689	0.0008268932616215178	0.0009805981267229293	0.0011771068783082783	0.0013522136866516586	0.00141836514758138	0.0014767340836958401	0.0015448311758293769	0.0016304389487972516	0.0019825981966878274	0.0022647147212410514	0.0022724972460563125	0.00228611666448302	0.0022938991892982813	0.0023230836573555113	0.0023678331750432643	0.0024378758983806164	0.0024981904656988917	0.0025565594018133516	0.002587689501074397	0.0026518953308003034	0.0027336118413605476	0.002959305061003126	0.004218128449871648	0.0051286838532572255	0.006214346064986184	0.007712482091923992	0.009805981267229294	0.01334508442696939	0.018170249812431424	0.023388432701064155	0.027661038824642634	0.031491986664955035	0.03663818119904659	0.04129796793218432	0.04596748282134113	0.0522810560777219	0.058392283688905866	0.0641688627330336	0.07180157394560116	0.07960550070410448	0.08840559063896125	0.09685741258833507	0.10437922282228515	0.11336025645909675	0.12806728272873688	0.1456538431800237	0.16621138247953654	0.18714831986379338	0.20612600662580816	0.21921426773387392	0.23222470359378705	0.265076686470209	0.3107445420861626	0.33585874966501095	0.3728490901119481	0.41138620736591847	0.4353116342792357
DC_3051_R2_val_2 - polyg	0.1650284387076168	0.1784766415883884	0.18133282819558932	0.18187760493265762	0.18274146518715162	0.183527500193493	0.18546145761008548	0.1860373644464148	0.18728645967926424	0.18861727142267393	0.18954922876930147	0.19032358998842	0.19068158612992203	0.1910065065409592	0.19122441723578648	0.1913645026824612	0.19153571822839693	0.1919345726251791	0.19202212602935076	0.19210384253991103	0.1921408095327835	0.1921544289512102	0.192177776525656	0.19222058041213994	0.19225949303621626	0.1922906231354773	0.19233537265316505	0.19238790469566808	0.1924034697452986	0.19242487168854056	0.19245211052539396	0.19247740373104358	0.1925085338303046	0.1925980328656801	0.19292100764551345	0.19452226212625348	0.19492500778544325	0.19541141558639707	0.19653988168461	0.1986353264911191	0.2018962043887136	0.2078712378156305	0.21170607691835053	0.21623356072962882	0.22419313798443735	0.23403608624453914	0.24556784238955265	0.25944797539757125	0.27917862143546257	0.2967554537307303	0.31288279077915565	0.33010162693292133	0.3480422922633026	0.3593619746071002	0.3693566821010996	0.3852213589370098	0.4004575968940878	0.42370010725486573	0.44632001563042284	0.4670118034829989	0.5034651497176831	0.5205944868360733	0.530849908911384	0.5457514983014056	0.5582930370411993	0.5711030728871194	0.6068209705267613	0.6381650892202264	0.6488349307419496	0.6606604771987393	0.6696103807362899	0.6727739770736936	0.6751982335536475	0.6769356822186546
DC_3059_R1_val_1 - polya	0.0493581436847955	0.05128564494240187	0.053110517181300415	0.054685231187098636	0.055717935687846144	0.05782503772819121	0.05894433546347345	0.06050942799876781	0.061320838677926565	0.06258285489234938	0.06675696951260676	0.06833168351840499	0.06970113948678755	0.08117474306263914	0.09276861501978896	0.09359926863995544	0.0956069488184273	0.09608802234362024	0.09651457420262465	0.09689141513069244	0.09716081630480049	0.09797062340554194	0.09880608776096034	0.1003872160804278	0.10236603184738807	0.10313414590927947	0.10361040869922047	0.103939142274769	0.10414760746901927	0.10442181937837924	0.10476819231651816	0.10625310593094703	0.10861678051806167	0.1091764293857028	0.10963344923463608	0.10980823928212284	0.10992530050658646	0.11007443329939627	0.11019951241594644	0.11038713109077168	0.110751143391501	0.11108629128071876	0.11144068211094421	0.11170847970663494	0.1119281699498064	0.11203400612534883	0.11215587808506439	0.11223445342751256	0.11232746097571653	0.1124701794548571	0.11266421244335159	0.11284220964767297	0.11302501758724628	0.11317735753689073	0.11334412969229093	0.11353976625920273	0.11383161753115312	0.1141731797340401	0.1143191053700153	0.11447144531965972	0.11460454232829644	0.11472641428801199	0.11479697173837361	0.11488837570816027	0.11501345482471043	0.11511768742183558	0.11524276653838574	0.11539831364486479	0.11551697844774572	0.11558272516285542	0.11564526472113049	0.11570459712257096	0.11574147942616908	0.1157751545729326
DC_3059_R1_val_1 - polyg	0	0	0.00015073637122712074	0.0001924294100771754	0.00021808666475413215	0.00022129382158875174	0.0002309152920926105	0.0002309152920926105	0.00024053676259646928	0.0002629868604388064	0.00027741906619459456	0.00028704053669845333	0.0003014727424542415	0.00030788705612348066	0.0003271299971311982	0.00041532681008323697	0.0006702957784354943	0.0009862007266455241	0.00117381940147077	0.0013165378806113417	0.0014720849870903919	0.0015233994964443053	0.001589146211554007	0.00172224322019072	0.0017847827784658022	0.0019339155712756128	0.0022530276763202623	0.0022674598820760505	0.00227066703891067	0.002275477774162599	0.0022915135583356974	0.0023299994403511324	0.002379710371287736	0.0024486642432320575	0.002655525859065021	0.00273730835834782	0.0027838121324498047	0.0028623874748979843	0.003181499579942634	0.005421698628924417	0.006795965332558912	0.008316157672168598	0.010294973439128885	0.01290880625934385	0.017267332397591872	0.023360930383369095	0.029404817438209715	0.03440317136496435	0.038756886767960436	0.044249142847246486	0.049553780251707286	0.05542608441589576	0.06344558008086204	0.0717392876551883	0.07901793009135746	0.088337927852762	0.09834425717677511	0.1084900978230942	0.1178052848492468	0.12884271509559012	0.14221976625278843	0.16269425548499988	0.1860279250352747	0.20555630300127342	0.22842012407527645	0.24967234883988318	0.26443649532805447	0.2834372959947582	0.34107311146970687	0.4012570130497608	0.42831900242028087	0.4736826322675577	0.5183647412874779	0.5422324024507168
DC_3059_R2_val_2 - polyg	0.17615950345515025	0.1853576292568392	0.1873845523763188	0.18774054678496158	0.18849102148426256	0.18919659598787888	0.1908546960713772	0.1913325624397355	0.1924229957635062	0.19395922388728898	0.19474818446860537	0.19544734465855246	0.19571353867582586	0.19593803965424925	0.19615291916216876	0.19626516965138044	0.19638383445426139	0.19670936087297525	0.19677510758808497	0.19686971871470624	0.19689056523413126	0.19692905111614672	0.1969755548902487	0.19703007655643723	0.19708299464420842	0.19712148052622386	0.19719684871183743	0.1972577846916952	0.19727702763270294	0.19730749562263183	0.19735079223989918	0.19739088170033192	0.19745021410177238	0.19757850037515717	0.1979745842442327	0.2004793737320706	0.2009091327479096	0.201563392742172	0.20291200219112954	0.20560601393221	0.20968551742584612	0.21635640364185488	0.2211045993355092	0.2266096840421337	0.23434855348407077	0.24367977629439647	0.2549673647738401	0.2709037270850648	0.29596445059078236	0.3189517472029183	0.3368140071933321	0.3552070516398754	0.37555966891237136	0.38885012683503495	0.4018952372598501	0.42408555539858306	0.44568896383658063	0.47815982320868666	0.5025598724064725	0.5237271075149618	0.556074491348935	0.5744851751580686	0.5894786333599153	0.6128235279591113	0.6295231935969756	0.6455285097801446	0.6875759394604247	0.7274809883751789	0.7410488653640372	0.7532023861888282	0.763248804973274	0.7675640344942547	0.770346243048287	0.771898506956243
DC_3060_R1_val_1 - polyg	0	0	0.0001300757170749093	0.00018210600390487303	0.00018953890202343926	0.00023041984167555363	0.00023413629073483675	0.00023785273979411988	0.0002638678832091017	0.0002935994756833667	0.0003028905983315745	0.0003214728436279901	0.0003307639662761979	0.00033633863986512263	0.00036978668139867076	0.0004273916418175591	0.0006039229721335075	0.0007953200986865884	0.0009012388968761573	0.0010406057365992746	0.0011855472499113164	0.0012450104348598462	0.0012933242726305269	0.001334205212282641	0.0013676532538161893	0.0015088783180689479	0.001730007037096294	0.0017448728333334263	0.001750447506922351	0.0017671715276891251	0.001809910691870881	0.0018359258352858626	0.0018693738768194108	0.0019176877145900915	0.002071920350550341	0.002127667086439588	0.0022131454148030996	0.002330213560170518	0.0027111495887470385	0.004799793960064153	0.005801376981540955	0.00668775008217998	0.007942051639688034	0.009740812984381064	0.012892361786653154	0.017513766191871716	0.021661323342031684	0.02479057344994807	0.027793464289848836	0.03187970003053063	0.035607298436991605	0.03980502764945189	0.045812667553783055	0.051896494663829534	0.057612393317006974	0.06550427289439469	0.0738477010324853	0.08083834171299685	0.08857784687895395	0.09808266534807053	0.10952561200160328	0.1261548633173656	0.14269120340664587	0.15777069546468714	0.17396883868957264	0.18700242554047852	0.19612816620554824	0.2121739350190031	0.26090587330885306	0.3011067027831186	0.31939906505291016	0.34987394733903177	0.3768795244283126	0.3911990026537304
DC_3060_R2_val_2 - polyg	0.14346236658644712	0.15431439783955384	0.1570571372453048	0.15759230590984155	0.1583318792726389	0.15900455655236914	0.16045768813454883	0.16107090222933054	0.16204089543380346	0.16338624999326393	0.16416856252024303	0.16483380690185473	0.16516085441907163	0.16543401342492892	0.16554736512123708	0.16567744083831198	0.16579079253462012	0.1659283011498136	0.1660007719064696	0.1661066907046592	0.16613642229713343	0.1661605792160188	0.1661791614613152	0.16626649801420834	0.16630552072933083	0.1663222447500976	0.16639657373128325	0.16644860401811323	0.16646161158982073	0.1664783356105875	0.1665136418766507	0.16654337346912496	0.16658425440877705	0.16665115049184415	0.16698377268265	0.16914117136156387	0.16954440608449606	0.16999223819613968	0.17091205933831227	0.1726625068452346	0.17541267914910413	0.18043174360366598	0.1838936159023882	0.18792967958076967	0.19538673461822126	0.20467785726642906	0.2155447543157729	0.2293234892030651	0.24878095825294191	0.2646985095738515	0.2807052556721839	0.2973493727841834	0.31550422643878145	0.3264157208768367	0.33727890147712125	0.3556418762790392	0.3731463513482627	0.3983754657872062	0.41833279723555655	0.4356737485461716	0.4608341086775183	0.472899560548481	0.48129316074887196	0.493475680765202	0.5028206919247694	0.5124518696619016	0.5384558637297057	0.5611726586045738	0.5687059008477406	0.5761871128040776	0.5824790610614439	0.5850694260557643	0.5869165012382279	0.588243273552392
DC_3079_R1_val_1 - polyg	0	0	0.0001289329286116425	0.00015840331229430364	0.00016945470617530156	0.00018418989801663213	0.00019155749393729742	0.0001989250898579627	0.0002173440796596259	0.00030759712968777566	0.0003794311899142622	0.0004457395532002497	0.0004696842399424119	0.0005083641185259047	0.0005765143807920586	0.0006722931277607072	0.0007514947839078591	0.0007975422584120171	0.0008325383390351772	0.0009098980962021627	0.0009283170860038259	0.0009430522778451565	0.0009762064594881503	0.0010112025401113104	0.00103146342889314	0.0012506494075329323	0.0015416694463992109	0.0015545627392603751	0.001571139830081872	0.0015950845168240342	0.0016466576882686913	0.0016927051627728493	0.0017516459301381716	0.0018363732832258222	0.001978199504698629	0.0020389821710441176	0.0021126581302507706	0.0022434329578425796	0.00271864289472549	0.0050560127005565515	0.006072740937608361	0.0070821015787395055	0.008369588965875764	0.01011386730009327	0.013000123002013895	0.01708177114206246	0.02094423330347124	0.023806544318649703	0.026324420224537064	0.029711672449062927	0.03297183364395732	0.03704795608706539	0.04288861775317279	0.049283691012310255	0.05558298552447907	0.06424359452922113	0.07366859161073219	0.08255022849309418	0.09073378566197315	0.10054926532727948	0.11316995713937911	0.13340321743650616	0.15338597947233057	0.1690089666221013	0.18708167941549325	0.20270466656526398	0.21241699988768098	0.2286312366100851	0.2773494646354843	0.32142979102882474	0.3413904502768872	0.37162890583427766	0.397336289900459	0.41119657972621054
DC_3079_R2_val_2 - polyg	0.12701366987430918	0.1407947580439136	0.14357602550396475	0.14409544101637164	0.14485430339620017	0.1455800115943857	0.14679198112333514	0.1472414044744957	0.1479707964706416	0.14901331129341572	0.14964692454259293	0.15017186575194036	0.1504370992050843	0.15067286227454557	0.15078706001131587	0.15090862534400687	0.1510265068787375	0.15114070461550783	0.1512125386757343	0.1513120012206633	0.15133410400842529	0.15135989059414762	0.1513930447757906	0.15142251515947328	0.1514317246543741	0.15144461794723527	0.15148882352275927	0.15151092631052127	0.15153118719930309	0.15154960618910474	0.15157170897686673	0.15158828606768826	0.1516343335421924	0.1516988000064982	0.151973242954543	0.15379303914694734	0.15406564019601193	0.15453164063799402	0.1553586532800887	0.15706425173572272	0.15953423826812574	0.16425502535429204	0.1671394391572325	0.17059115784606416	0.1765994323193667	0.18403517850229817	0.19281735283973117	0.2076372720341494	0.2325065920643551	0.24982228437689866	0.2670956130128984	0.2852033218869135	0.305152929741095	0.31737761327245884	0.32931496056291676	0.34869173783426644	0.3683411161546808	0.4010145621638511	0.42321681247077597	0.4409800862355	0.47028101521198584	0.4853366974758653	0.49592024901590104	0.5108248955634069	0.521246359993188	0.5321872399353759	0.5588395181783825	0.5833699287962375	0.5907983073832483	0.59934287675224	0.6062960454023678	0.6092154552859315	0.6112378603661541	0.6126634901768028
DC_3083_R1_val_1 - polyg	0	0	0.00015294025343117636	0.0002255868738109851	0.00024470440548988217	0.0002485279118256616	0.00025235141816144096	0.0002599984308329998	0.00027529245617611745	0.0002886747283513454	0.0003001452473586836	0.00032882154487702916	0.0003861741399137203	0.00039573290575316885	0.00043587972227885263	0.0005008793299871026	0.0006098492605568157	0.0006882311404402936	0.000743671982309095	0.0008947004825723816	0.0010094056726457639	0.0010438172296677786	0.0010629347613466756	0.0010973463183686903	0.0011260226158870358	0.0011680811855806093	0.0012885216351576608	0.0013057274136686681	0.0013076391668365578	0.0013152861795081164	0.0013439624770264624	0.0013783740340484768	0.001416609097406271	0.001468226432939293	0.0018027832373199912	0.0018983708957144765	0.001963370503422726	0.002102928484678675	0.0025751315171474317	0.005234380173682011	0.0067752532270011125	0.008620095034014678	0.01144566621615566	0.01520417294422682	0.022354129792134313	0.033119211880521235	0.04293415264446698	0.050973074715443184	0.058371559475176346	0.06665327419847454	0.07469028451628286	0.08364493635467823	0.09608280246496866	0.1080312597642793	0.11901045820746987	0.13352066475175273	0.14867322036044656	0.1616196128133956	0.17474571006412631	0.1913091395107227	0.20956829401723728	0.23865561846667915	0.2688574950130007	0.29103000825418546	0.31459810130792976	0.33232005317426727	0.3432208697375744	0.3577062234906747	0.4006728759389958	0.4446909926296563	0.46683865307965844	0.49903831168642476	0.524149189546656	0.5373708744557812
DC_3083_R2_val_2 - polyg	0.12006192244980922	0.13110803225387593	0.133394489042672	0.13388772135998755	0.13451859990539117	0.1351074198811012	0.1360518259460387	0.13636152995923684	0.13695034993494687	0.13759843425886148	0.13812225462686323	0.13859254590616413	0.13878563297612098	0.1389443084890558	0.1390418079006182	0.13914504257168425	0.13929607107194752	0.13940886450885304	0.13947195236339338	0.1395254814520943	0.13955033424327684	0.139600039825642	0.13962489261682456	0.1396573924206787	0.13968798047136494	0.13970518624987593	0.13974150956006584	0.13978930338926307	0.13981797968678145	0.13986195000964288	0.13993650838319058	0.1400053314972346	0.1400779781176144	0.14021944785203827	0.14083885587843453	0.14375427945946634	0.14443677534040295	0.14548250432323862	0.1474305808013182	0.15125599889026553	0.1579069881613538	0.16956868248548101	0.1770379021124261	0.1863710810780636	0.2004109963430456	0.21593443206631002	0.2334040325144861	0.2592585823570265	0.2982449647098012	0.3266784695758248	0.351842876524757	0.3770493420433827	0.4060869609104595	0.4237955305046218	0.4395980821903981	0.46762247187849326	0.493746578917706	0.5380074882606884	0.5699375896707823	0.5949700856511302	0.6279267985123808	0.6436719976031204	0.6546741370843256	0.6723788831721522	0.6853902752328095	0.6976197602477998	0.7268485544316656	0.7506594401377318	0.7580177780809394	0.7651600879161753	0.7711916691608673	0.7738203297667157	0.7757645827384595	0.7772844265069317
DC_3099_R1_val_1 - polya	0.04615193116393446	0.04732070434947253	0.04949267451926411	0.050973120554278994	0.051893529437890225	0.05336423569635896	0.05435769290406632	0.0561352021237388	0.05740137307473837	0.058387525450036115	0.06383206053933428	0.06572644707756056	0.06740168864349846	0.07281943934729472	0.07829319376623134	0.07928178108566562	0.08050168809807098	0.08102276614329004	0.0815511490209187	0.08187743153521475	0.08231085159151844	0.08267852815613563	0.08322152069858352	0.08424663218006587	0.08604118600869412	0.08661826776905354	0.08691776589784767	0.08729761718314753	0.08758981047953204	0.08783086994904929	0.08819611156952992	0.08929183643097185	0.09082585123699058	0.09123492185192891	0.09158798875172686	0.09185339766260947	0.09208958724385362	0.09230629727200547	0.09247187347329003	0.0927738065462207	0.0931439180549744	0.09368204070914923	0.09429321168742019	0.09465601836376429	0.09504073953733724	0.09536458710749673	0.09559103691219475	0.09574687333693316	0.09596114842094847	0.09618029339323686	0.09631665026488297	0.09651388073994252	0.09672572087982129	0.09705200339411733	0.09742211490287106	0.09772404797580173	0.0980917245404189	0.09855436392636105	0.09881490294897058	0.09909735646880895	0.0993457207707358	0.09957460551957033	0.09988140848077406	0.10013220772683745	0.10042927091149503	0.10064841588378343	0.10076042331406415	0.10104287683390253	0.10115244932004672	0.10127176158273707	0.10136185451578895	0.10145925228125047	0.1015980440970331	0.10167596230940232
DC_3099_R1_val_1 - polyg	0	0	0.00017531597783071023	0.00020940519574223722	0.00022401486056146305	0.0002386245253806889	0.00024349441365376418	0.00024349441365376418	0.00025323419019991476	0.00025566913433645237	0.00025810407847299004	0.0002629739667460653	0.0003019330729306676	0.0003141077936133558	0.00033845723497873223	0.0003725464528902592	0.0004407248887133132	0.00046507433007868964	0.0004772490507613778	0.00048698882730752836	0.0004918587155806036	0.0005137732128094425	0.000538122654174819	0.0005478624307209694	0.0005673419838132705	0.000679349414094002	0.0008887546098362393	0.0009009293305189275	0.0009131040512016157	0.0009228438277477663	0.0009496282132496804	0.000993457207707358	0.0010178066490727344	0.0010640705876669497	0.0012077322917226703	0.0012613010627264985	0.0012905203923649503	0.0013708735488706923	0.0016947211190301988	0.0032530853664142897	0.003754683858541044	0.0040152228811505715	0.004324460786490852	0.0049551113178541014	0.0057902971566865125	0.00716604059383028	0.008439516377239466	0.009535241238681404	0.010582267217392591	0.011994534816584424	0.013394627695093569	0.014970036551433422	0.017402545743834527	0.020141857897439372	0.02287873510690768	0.0265408910882603	0.030653511734872373	0.035153288499193934	0.039524013224279	0.04510977507349635	0.05310856656202251	0.06545129839013182	0.07872661382253504	0.09051904827578683	0.10448588784296675	0.1180339170186622	0.12630298730634404	0.14094430639934485	0.21190344842632483	0.2854192817966693	0.30570723634230096	0.3449439261584685	0.3832017684317479	0.4013250576399976
DC_3099_R2_val_2 - polyg	0.13129705773038272	0.1414312952266524	0.14360813528471705	0.1440464252292938	0.1446989902578859	0.1454294734988472	0.14693426897522746	0.1473433395901658	0.14799590461875786	0.14933512389385356	0.150107001185136	0.1507011275544512	0.15092514241501265	0.15113698255489144	0.15127333942653753	0.15138047696854517	0.15153144350501052	0.15161910149392588	0.15170188959456815	0.1517944174717566	0.1518212018572585	0.1518723356841258	0.15193320928753923	0.15198677805854308	0.1520062576116354	0.15204278177368344	0.15211339515364303	0.15217670370119302	0.15221079291910455	0.15224244719287952	0.15227897135492757	0.15231549551697565	0.1523495847348872	0.1524080233941641	0.15256142487476596	0.153856815155404	0.1540321311332347	0.15416605306074427	0.15444363669230954	0.1549841942906209	0.15570980764330913	0.1571439897397298	0.15809361795297946	0.15950101566389824	0.16290263262264132	0.16745110826969362	0.17355307827585698	0.18055841255667576	0.19197586561290075	0.20243395067932993	0.21192536292355368	0.2213412918995447	0.23243489738561024	0.23983225767241156	0.24657705293062082	0.258815082160859	0.27155470988322394	0.292161642110742	0.3077306749197637	0.32160742155389177	0.34273299688249237	0.35533139784493806	0.3646401892789215	0.38020922208794317	0.3916826788593085	0.4011400018856207	0.43404583694679044	0.47193600265545266	0.48252557470525487	0.49221665236867473	0.5013720423220562	0.505175425063328	0.5078197743956079	0.5096289378890554
DC_3112_R1_val_1 - polya	0.07279634425417726	0.07497509814129151	0.07836740665464814	0.08064776046395943	0.08211531489569442	0.08462709075001006	0.08635428942735969	0.08845966559288719	0.08992722002462218	0.09160644096093432	0.10526880827637482	0.10792733957386397	0.11046169318866783	0.1184993759224779	0.1267656584812313	0.12794816868680237	0.12922663437444842	0.12998016713074312	0.13060952220435257	0.13111469959527672	0.13160012144577365	0.13208836551633166	0.13265280952853742	0.13395949741679375	0.13594634033975805	0.13686920629971447	0.13749291693320184	0.1381250942268723	0.13834804961169356	0.1386754271387729	0.13914109344884265	0.14069331448240852	0.14240357983939197	0.14297931273184183	0.14354940118416967	0.14372720104801448	0.1439332231124696	0.144167467377535	0.14455693374595696	0.14484480019218188	0.14564066624939204	0.14632646572422203	0.14681753201484105	0.14711386512124908	0.14730013164527694	0.14750897592979312	0.14765008693284454	0.14781659791644525	0.14790973117845918	0.1480197977608393	0.14822581982529442	0.14847417519066497	0.14866326393475388	0.1488608193390259	0.1490273303226266	0.14934341896946185	0.14969901869715146	0.15012517392636682	0.15036788485161529	0.15052028473491086	0.1506416401975351	0.1507432401197321	0.1508787066826615	0.1510734398668725	0.15133872855260921	0.15169715050035987	0.1518777725842657	0.1520245280274392	0.15212330572957522	0.15230392781348107	0.15247326101714276	0.1525438165186685	0.1526425942208045	0.15273572748281847
DC_3112_R1_val_1 - polyg	0	0	0.00011853324256321025	0.00013546656292938314	0.00015804432341761366	0.0001636887635396713	0.00016933320366172892	0.00017497764378378655	0.00020884428451613236	0.00022013316476024761	0.00023988870518744932	0.00024271092524847813	0.00024271092524847813	0.0002681109057977375	0.00027375534591979507	0.000366888607933746	0.0005729106723888495	0.0008325549180035006	0.0009426215003836243	0.0012671768074019381	0.0014308655709416094	0.0014731988718570416	0.0015239988329555604	0.0015493988135048197	0.0015804432341761368	0.0017300208974106639	0.0021392428062598423	0.002147709466442929	0.002153353906564986	0.0021618205667480726	0.002201331647602476	0.0022295538482127644	0.0023001093497384845	0.002398887051874493	0.0026528868573670863	0.0027431978993200084	0.0028899533424935073	0.0031100865072537544	0.004021663586966062	0.00852874902442908	0.010247481041595629	0.012183524003461397	0.01474609981887556	0.01827387489516158	0.023593759710200897	0.030697287603810422	0.03671143855386283	0.04139632385517067	0.045779231609948415	0.05171718261835305	0.05682822314887623	0.06268432977551103	0.07013781295668813	0.07786222926372399	0.08542860124734225	0.0970787256592692	0.10884738331375936	0.1190581754945616	0.12972898954531156	0.14084289214564305	0.1539549265491829	0.17531348797104898	0.19772755969573985	0.21741536684147686	0.23786517340369165	0.2544428940421749	0.26683244011009144	0.29021171109565413	0.35285652979031074	0.4025784028255164	0.4256613407046711	0.4598638256242793	0.48665516066362585	0.4996768840252128
DC_3112_R2_val_2 - polyg	0.1100665823801238	0.12015319687824079	0.12236581740608739	0.12281737261585199	0.12359066091257388	0.1241099494038032	0.12492274878137949	0.12545897059297495	0.12608550344652336	0.12693499168489303	0.12753330233783114	0.12795381312692444	0.1282247462527832	0.12850979047894712	0.12861703484126621	0.12873839030389045	0.12883434578596542	0.12891619016773526	0.12896699012883378	0.1290065012096882	0.12904319007048154	0.12906294561090875	0.12909399003158006	0.12918147885347198	0.12922098993432637	0.12924638991487564	0.12929436765591312	0.12936210093737782	0.12941572311853738	0.12944112309908662	0.12949756750030722	0.12957094522189394	0.12965561182372481	0.1297910783866542	0.13031601131800555	0.13326805350184168	0.13391716411587834	0.1348936522569943	0.1364599843908653	0.13949951539659333	0.14418722291796218	0.1522785278329318	0.15721741293973224	0.16301989738520745	0.17272551217508558	0.18523641370562632	0.20049615757560912	0.21895065455467655	0.24564038967182605	0.26855399434731897	0.2920546207955059	0.3182674007223416	0.345041802441322	0.3609873457861348	0.3740711579890643	0.39380694287583884	0.41503003773477554	0.4495740112817682	0.47588839113080095	0.4977549521636522	0.5301399273639579	0.54523316025034	0.5569227957431213	0.5744600712023544	0.5876087944666877	0.59880736366885	0.6289260961601495	0.6553815870122336	0.6637551139333061	0.6719451965504117	0.6782556806068721	0.6808888119238121	0.6829320992479969	0.6843883647994877
DC_3117_R1_val_1 - polya	0.07849118943195146	0.08057800821532692	0.08397052462279601	0.08646322008697478	0.08855386789564083	0.09116143411853751	0.09289981160046863	0.09531209753354485	0.09681307544745894	0.09835808715221489	0.1032420089103716	0.10550879188240511	0.10790193268902835	0.11719689158195298	0.12632145884944607	0.12733997957674492	0.12877777857336414	0.12941722579689385	0.12989776847086382	0.13040128529657735	0.1308186490532524	0.13135854161922664	0.13176633281267525	0.132495762130534	0.13359852141422598	0.13414607203078138	0.13493485124064442	0.13541730842725963	0.1356202467676613	0.13582509962070824	0.13610078944163123	0.13673832215251566	0.13740457255307958	0.13772812519013505	0.13799807147312215	0.13812825833300243	0.13822015493997677	0.1383101370343058	0.13838863205276303	0.13852073342528864	0.13865474931045957	0.13877344909446807	0.13893809718196376	0.13906062599126284	0.1391544371108825	0.13930951263515168	0.13938609314096362	0.13945884462148495	0.139510536462908	0.13956605732962168	0.13962732173427123	0.13970773126537378	0.1397938843344122	0.13986280678964297	0.1399355582701643	0.14003128390242925	0.14011743697146767	0.14024379480605736	0.14029548664748043	0.1403624945900659	0.14043141704529666	0.14052331365227097	0.14058457805692054	0.14067647466389488	0.14075688419499738	0.1408602678778435	0.140908130693976	0.140998112788305	0.14106512073089048	0.14109192390792466	0.14113021416083063	0.14116850441373657	0.14118764954018959	0.14124699943219382
DC_3117_R1_val_1 - polyg	0	0	0.0002335705427264276	0.0003254671497007598	0.00032929617499135693	0.00034078325086314844	0.00034461227615374565	0.0003599283773161343	0.0003599283773161343	0.00038864606699561314	0.00040779119344859895	0.00042502180725628627	0.00042693631990158487	0.0004365088831280778	0.0004671410854528552	0.0007198567546322686	0.001389936180486774	0.002054272068405384	0.0024678067997898783	0.003959212150477478	0.005557830209301798	0.006254712812190483	0.0066605894929937836	0.006846297219587747	0.007024346895600515	0.007319181842976497	0.007633161916805466	0.007690597296164423	0.0077116569352627075	0.007721229498489201	0.007738460112296888	0.007782493903138755	0.00781504061810883	0.007862903434241297	0.00830515585530527	0.008448744303702663	0.008500436145125726	0.008611477878553044	0.008915885389155519	0.010342197309902965	0.010861030236778882	0.011293710094616364	0.011896781577885419	0.012894242666085982	0.014556039642205157	0.01727273308588385	0.020720770360066604	0.024166893121604062	0.027840842887932052	0.031953216050033414	0.03559653361403663	0.04013775760868487	0.045645810489208904	0.05132616950780981	0.05775510297072247	0.07229391199911994	0.08654745864336791	0.09540016511522859	0.10519864083386675	0.1144725400876931	0.12470178115152346	0.14189984824424068	0.16536220071237484	0.19730775871182707	0.22362656404674675	0.24620824069804356	0.2640266098878375	0.28294390933603286	0.32245562130970506	0.36835606198073867	0.38986369703802304	0.41408611102634074	0.43741827663459465	0.45141144955908197
DC_3117_R2_val_2 - polyg	0.1414097330070442	0.14676271036329908	0.14798416943099957	0.14829049145424733	0.14871551326150362	0.14923243167573425	0.1502279782512895	0.1505266422239561	0.15122352482684479	0.15186680107566508	0.15230522447143846	0.15259048685558796	0.1528527750879939	0.15322993407911767	0.1533524628884168	0.15345776108390824	0.15354582866559197	0.1537200493163141	0.15382343299916026	0.15388469740380983	0.1539210731440705	0.15396127790962177	0.1540167987763354	0.15407423415569438	0.15411060989595504	0.15414315661092512	0.1541967629649935	0.15426951444551484	0.1543001466478396	0.15432694982487377	0.15436715459042505	0.1544035303306857	0.1544494786341729	0.15450308498824125	0.15466390405044633	0.15556755401902728	0.15575134723297593	0.15599066131363826	0.15643482824734753	0.15720637684340286	0.15856376630891955	0.16104497469722653	0.16299203405749518	0.16659131783065653	0.17602603614668796	0.18826168646279123	0.20175517158685569	0.21777964242800485	0.23669885638884547	0.25598757129022875	0.274596634202531	0.2934756433978204	0.3136565211919128	0.3291028092141818	0.34215595642982755	0.3564248191752379	0.3707760059643961	0.3976193877641276	0.43060261161733165	0.4577542299529562	0.4919263661588907	0.509817486829206	0.5199644038492885	0.5335172388653572	0.5463942509176355	0.5569144979035512	0.578142614114622	0.598155014795928	0.605598639960849	0.612286032630877	0.6178591789413411	0.6204858902906908	0.622551649434968	0.6244872217193649
GB22_32_R1_val_1 - polyg	0	0	0.00022006672108602297	0.000261984191769075	0.0002672238756044565	0.0002777032432752195	0.00028294292711060097	0.0003012818205344362	0.00031438103012289	0.00033533976546441596	0.00034581913313517896	0.0003497488960117151	0.0003510588169705605	0.0003510588169705605	0.0003549885798470966	0.0003942862086124578	0.0004702616242254896	0.0005475469607973667	0.0006392414279165429	0.0010924740796770427	0.0013950658211703243	0.0014880702092483458	0.0015260579170548617	0.0015574960200671509	0.0016164424632151926	0.0016937277997870698	0.0017749428992354828	0.001791971871700473	0.0018024512393712358	0.0018194802118362257	0.001862707603478123	0.0019151044418319382	0.0019792905688153614	0.0021561298982594873	0.002372266856468974	0.002411564485234335	0.0024482422720820056	0.0024993291894769756	0.0026290113644026674	0.0031569095108173535	0.0035210675373763675	0.0038564073028407838	0.004413123710350068	0.005111311581414653	0.006353116650400068	0.008146398443059387	0.010250131502965058	0.012253000649039638	0.014088199912382006	0.016463086610768674	0.018759378051624614	0.021635964477249057	0.02571374842213471	0.029960512170711412	0.034106412005457026	0.04117474549938667	0.049051300224923905	0.05733393044770321	0.06511355102228589	0.07207709083950792	0.08050119252584251	0.09453699559987071	0.11131184339884458	0.13510786753722964	0.16026096978897852	0.1817554628026723	0.19462019653949272	0.20523579598997566	0.2309194162300569	0.27750544521043385	0.30180840875989207	0.3351550666092188	0.37709611586952996	0.40484155169883385
GB22_32_R2_val_2 - polyg	0.08315378246750439	0.09078276213181986	0.09240182443695275	0.09267690783831027	0.09319039685417765	0.0936357699801851	0.0945972519639776	0.09491163299410048	0.0953570061201079	0.09603947493966634	0.09650449688005647	0.09687389459045086	0.09710182083728995	0.09732712724221135	0.09741882170933053	0.09753147491179123	0.09761923961603387	0.09769521503164691	0.0977502317119184	0.09778035989397185	0.09781310791794298	0.09786157499342027	0.09789170317547372	0.09791790159465061	0.09794148017190984	0.0979807778006752	0.09803055479711131	0.09808295163546513	0.09811438973847741	0.09813010878998357	0.0981510675253251	0.0981746461025843	0.09819298499600815	0.09824276199244428	0.09837244416736995	0.09891737128624964	0.0989998963066569	0.09916625626843026	0.09955530279320735	0.10048141691111101	0.10161187869859457	0.10373264073096525	0.10502946248022216	0.1076925317895548	0.11376532535476197	0.12091487394814002	0.13158156031601792	0.1469600323728626	0.16969764037650065	0.18826053028429846	0.20562877227762927	0.22643424686697033	0.2455983904948782	0.2579234367966543	0.269710105584345	0.28455020012710425	0.29824542375183266	0.319590585776218	0.3448249031274153	0.37111370685048317	0.41449566916552427	0.43209052748473536	0.44103597771269043	0.45464867631701156	0.4696420316119557	0.48211902874495793	0.5139763064640774	0.5455323023626626	0.5566103039116178	0.5671276592901874	0.5754522069836497	0.5783851200105046	0.5808648003855988	0.5828807687412618
GB22_33_R1_val_1 - polya	0.068493589514298	0.07022316757166408	0.07308760166334843	0.07535731373198498	0.07685704752923597	0.07923880867467864	0.08073566941867819	0.08243651694352988	0.08335014787748737	0.0842652153380706	0.08687825727025407	0.08820560787241874	0.08911492922649908	0.09181847233610288	0.09423901970043996	0.09465561242189856	0.09498745007243972	0.09521298475267767	0.09540547932052405	0.09550890923757585	0.09571002296517656	0.09596428817792887	0.0962774509823357	0.09666674969790563	0.09714511306427018	0.09742667228291116	0.09788492427651563	0.09825267509269978	0.09840494691502602	0.09848970198594348	0.09861180674912962	0.09885314322225047	0.09925393415082616	0.09943637303229251	0.09956278737535582	0.09961737538713315	0.09966909034565904	0.09973660709706786	0.09985727533362829	0.09992335555841136	0.10013596149901782	0.10024801057582394	0.10035862312600433	0.10041895724428454	0.1004606165164304	0.10057122906661078	0.1006243805517624	0.1006602937174054	0.10069189730317121	0.10074648531494855	0.10079963680010016	0.10090306671715196	0.10100793316082947	0.10108550559861831	0.10116882414291004	0.10124496005407316	0.10136275523738214	0.10149635221357405	0.10159116297087152	0.10167017193528607	0.10170321204767763	0.10174774437307493	0.10180664196472941	0.1018641030297582	0.10191869104153553	0.102013501798833	0.10207670897036467	0.10215859098803065	0.1021973772069251	0.10224765563882526	0.10227782269796537	0.10229937059735116	0.10231517239023406	0.10235395860912849
GB22_33_R1_val_1 - polyg	0	0	0.0001896215145949525	0.000247082579623726	0.00026432089913235805	0.00027006700563523536	0.0002729400588866741	0.0002873053251438674	0.00031890891090969285	0.00035338554992695695	0.00037924302918990497	0.00040797356170429175	0.0004180292480843271	0.00042664840783864313	0.0004381406208443978	0.0006033411828021216	0.0010256800107636068	0.0014063595665792308	0.0016563151994543957	0.0036099914104326942	0.005251941343629897	0.005391284426324672	0.005468856864113516	0.0055205718226394125	0.0055708502545395895	0.0056915184911000135	0.006159826171084518	0.006172754910715991	0.006178501017218869	0.006198612389978939	0.006256073455007713	0.0063020423070307315	0.006340828525925154	0.006461496762485579	0.0068996373833299755	0.007061964892036261	0.007217109767613949	0.007396675595828867	0.007913825181087828	0.01044642162223102	0.011660286620963859	0.0127032049512361	0.014290566872655966	0.01670824118374161	0.020831072599556105	0.026726577871508266	0.032844744770446924	0.038562120740809884	0.044204797326635445	0.05154688491068697	0.05896223535265019	0.06709297605422164	0.0775724377888442	0.08664410343026183	0.0946958351674187	0.10616075416728474	0.1182304508765786	0.12993957940281692	0.14032853996001915	0.1496774552402006	0.1607746234238825	0.17948681925050258	0.20184635617982405	0.22351636032880026	0.244610317300863	0.2623629133415026	0.27609323483012804	0.2885048248763431	0.31476884117436976	0.3554268542621041	0.3761386951517255	0.397561616721078	0.4180062636583156	0.4326502160808985
GB22_33_R2_val_2 - polyg	0.1268855237965376	0.14490818684281243	0.14797948076860035	0.14849663035385932	0.14930395831751359	0.1500710635356477	0.15137255665854943	0.15181213380601954	0.15275162221924	0.15386780340742393	0.15461336072617227	0.15527272644737744	0.1558502101509166	0.15664891895481656	0.15681842909665145	0.1569922488183635	0.15709855178866672	0.15720485475896995	0.15729391940976456	0.15736861879430195	0.1574160241729507	0.1574619930249737	0.15751370798349962	0.1575582403088969	0.15759415347453987	0.15762288400705426	0.1577018929714688	0.15774786182349185	0.15778664804238626	0.15780101330864346	0.1578110689950235	0.1578182516281521	0.15785991090029797	0.15790157017244383	0.1581888754975877	0.15983800806391346	0.16025891036524925	0.16088092639418572	0.16210772013255004	0.16489745483969698	0.16829196725627177	0.174161615048961	0.17825427940563537	0.18570123343336442	0.20248561052826916	0.2284091700160003	0.26146221114717655	0.3060534341361305	0.36689177326197014	0.40772647912466803	0.44324603647220434	0.47926837813874246	0.5162891058101555	0.541724246245142	0.56104121978119	0.5825374042084541	0.6037448467839487	0.64026279013636	0.6768985286720803	0.7061864335172461	0.7418237860480914	0.7586052900897446	0.7684598627421794	0.7831526570700367	0.7982591710661013	0.810160794160186	0.8318566557884252	0.851363250839068	0.8607954846635413	0.8682295099516388	0.8744496702410035	0.8774232803562425	0.8794157427861153	0.8810303987134238
GB23_01_R1_val_1 - polyg	0	0	0.00019093308802601325	0.0002567720838970523	0.00026664793327770816	0.0002831076822454679	0.0002995674312132277	0.00031602718018098746	0.0003226110797680914	0.0003324869291487472	0.0003390708287358511	0.000347300703219731	0.0003538846028068349	0.00035553057770361087	0.0003719903266713706	0.0004789786949618091	0.0007489185780330692	0.0010402561347624172	0.0012690466454142778	0.0018352620099052136	0.0022549856085830877	0.0023224705793509024	0.00236032800197675	0.0023998313994993735	0.0024376888221252207	0.002508465742686588	0.002589118512628611	0.0026055782615963703	0.0026154541109770263	0.0026253299603576823	0.002631913859944786	0.00264672763401577	0.0026598954331899776	0.002691168956228721	0.0028096791487965916	0.002844244621628887	0.0029018537430160465	0.002975922613370965	0.003259030295616433	0.004072141894623765	0.004416150648049944	0.004699258330295412	0.005095938280418422	0.005727992640780398	0.0068406716710009575	0.008269377881402504	0.009750755288500883	0.010912813565624723	0.012142356813516378	0.014043457819292629	0.01617005738592719	0.018951754961478592	0.02322305981861225	0.027204673093913334	0.031041440578298135	0.03755620921973746	0.04452855888248049	0.051765910503604455	0.06002212058583275	0.07098431339836075	0.08358589720807763	0.10100195759086422	0.1194483982590326	0.13602665741936024	0.1543298982715091	0.17105629517254656	0.18376486735055386	0.20377992209534973	0.2575802575713693	0.29730092378036715	0.31883356737999047	0.35890976416669196	0.39508993837272466	0.41208462918193667
GB23_01_R2_val_2 - polyg	0.09476865065677362	0.10179037956641993	0.10311045143363426	0.10336063961794421	0.1039301469322287	0.10437785210415176	0.10514158445625581	0.10549711503395942	0.10616538084205047	0.10699495219002556	0.10752331013189065	0.10788377863428458	0.10812409096921388	0.10834629758027864	0.10843188827491099	0.10849772727078202	0.10855698236706596	0.10861952941314346	0.10868701438391126	0.10876108325426619	0.10879071080240815	0.10882033835055013	0.10884667394889855	0.10888782332131794	0.10892238879415023	0.1089322646435309	0.10897341401595029	0.10901456338836968	0.10902443923775035	0.10903760703692456	0.1090474828863052	0.10905900471058264	0.10908040238424072	0.10911496785707302	0.10924170792412477	0.10980792328861572	0.1099247875062868	0.11007127927209986	0.11040705815104215	0.11096833559084276	0.11183247241165016	0.11334676931668405	0.11442159092427878	0.11598526707621595	0.1196607290207167	0.1257590660132717	0.13510655745206246	0.1483879288941478	0.17139372002638564	0.1873251110522803	0.20075297426017874	0.21683085705188648	0.23428148290750536	0.24656210161235093	0.25741072215700134	0.2758588088000665	0.29104786514751524	0.31569140130204515	0.3356982261723571	0.3534006861871828	0.3840125273174224	0.39802471161367625	0.4069853989517247	0.42040174033534566	0.4315268846626545	0.44188994261275605	0.47232895637883415	0.503526764572326	0.5131623016180527	0.523151723266586	0.5313289265537691	0.5341122701042171	0.5359524700388127	0.5372297465587109
GB23_03_R1_val_1 - polyg	0	0	0.00013801928461907133	0.0001882081153896427	0.00020389212500544627	0.00020389212500544627	0.00021643933269808912	0.00021957613462124983	0.00022271293654441054	0.00024467055000653554	0.00026662816346866047	0.00027133336635340157	0.00027603856923814267	0.00028388057404604445	0.00029172257885394623	0.00036543742404822295	0.0006085395730931781	0.0008312525096375886	0.001008481818296169	0.0013880348509986151	0.0018271871202411147	0.001966774805821766	0.0020467632548623643	0.0021000888875560967	0.0021314569067877034	0.0021769405346735342	0.002272612993329936	0.002297707408715222	0.002313391418331025	0.0023212334231389265	0.0023620118481400163	0.002391811466410043	0.002435726693334293	0.0024655263116043196	0.0025564935673759804	0.0025925667894923284	0.0026411872193013194	0.0027258808712266585	0.003022308652965346	0.003779846317408658	0.004040200877030997	0.004208019779920095	0.004473079542427176	0.004843222169360139	0.0054690141530307	0.006352023894400442	0.007202097215576995	0.008019234116560359	0.008817550206004762	0.010058155366614823	0.011316012937802267	0.013033411990732758	0.015450317872528086	0.017685289242780095	0.02000338586399586	0.02419885843622331	0.028759768432498986	0.03348849733166376	0.03862030527795468	0.04578319246949217	0.05450193341491737	0.06778785796046456	0.08233634528008395	0.09679700214585482	0.11402745510977662	0.12800347607841916	0.13796752738733917	0.1641300238274611	0.22947744989170663	0.2650158472801559	0.28791763812115223	0.3396607542446498	0.3832811217881227	0.40122206038764036
GB23_03_R2_val_2 - polyg	0.1227712904705871	0.1328561086535488	0.1346503593535967	0.13498599715937493	0.13557571592092912	0.13624385473056236	0.13789694934406804	0.13843961607677485	0.13935556223833778	0.14080476472683806	0.1415340711739729	0.14210810592591133	0.14241551251438106	0.14267273027208022	0.14286093838746988	0.14296131604901102	0.14305698850766743	0.14318402898555543	0.14324362822209546	0.14329695385478924	0.14332832187402084	0.1433643950961372	0.1433847843086377	0.14342713113460037	0.14346006755479357	0.1434820251682557	0.1435306455980647	0.14356671882018104	0.14357612922595053	0.14359808683941266	0.1436184760519132	0.14363729686345217	0.14366866488268376	0.14369375929806905	0.143761200539417	0.14425367844135323	0.14430073047020064	0.14438856092404917	0.1445187382038603	0.14486378641540798	0.1453343067038821	0.14619379043082814	0.1467552779750739	0.14761476170201993	0.15016027646266486	0.15393698597815036	0.15963498667157178	0.16824550795064797	0.1829398565596943	0.19366615073594234	0.20230960843521167	0.21304060781434447	0.22476126820023448	0.23350667196200656	0.2408499252641258	0.2520812445500027	0.2625848257897063	0.2825490016296627	0.29891997086663846	0.3127407201400846	0.33186423306463386	0.34368997631494974	0.3516104011709305	0.3646438131616633	0.3752132672417533	0.3851396769275954	0.42112350018913347	0.4650763687364614	0.4799887250791674	0.49332640685644674	0.5044589168817442	0.5086685050626258	0.5113238078905813	0.5132529410733252
GB23_05_R1_val_1 - polyg	0	0	0.00012337264084368726	0.00019739622534989962	0.00021220094225114208	0.00023194056478613204	0.0002467452816873745	0.000251680187321122	0.000251680187321122	0.000261549998588617	0.0002689523570392382	0.00027635471548985945	0.00029362688520797567	0.00031336650774296565	0.00033557358309482935	0.00035284575281294557	0.00041206462041791546	0.0004663485823891378	0.0005082952802759915	0.0005576443366134664	0.0006045259401340677	0.0006217981098521838	0.0006440051852040474	0.00065880990210529	0.0006662122605559112	0.0007056915056258911	0.0009055551837926644	0.0009104900894264119	0.0009178924478770332	0.0009598391457638868	0.001006720749284488	0.0010486674471713417	0.0011103537675931853	0.0011868448049162715	0.0013200872570274537	0.0013768386718155498	0.0014681344260398784	0.0016482584816716619	0.0024156363077193965	0.006940944773865845	0.011527939560434138	0.017805139526560945	0.026330189008859736	0.037307886591131025	0.05423708036770179	0.07572612694985524	0.09325984666656008	0.10676668338612695	0.11918784086626938	0.13569510021115472	0.14967815532437825	0.16397704439816163	0.18093831506135172	0.197174154596381	0.210639044618061	0.22885871621785675	0.2464294477268147	0.2608739165167936	0.2769592414299935	0.29498891916288994	0.31246588746480675	0.3406491335391386	0.3678626706564392	0.38985507761323485	0.4163999350171626	0.4354363334993435	0.44908381502947226	0.474103786592572	0.5318717919412201	0.5706157360717716	0.6135173381987555	0.6843134944204969	0.7325645342544631	0.7520524766021319
GB23_05_R2_val_2 - polyg	0.12974360401685528	0.13614417662382577	0.13759010397451377	0.13787139359563738	0.1383303398195759	0.13892746340125936	0.14051650301532603	0.1409063605603921	0.14212034734629397	0.14347251148994078	0.1441831379012004	0.1447851963885176	0.14506155110400748	0.14527868695189236	0.1454168643096373	0.14550075770541102	0.14561179308217032	0.1456907515723103	0.14573269827019714	0.14578944968498525	0.1458313963828721	0.14588074543920956	0.1459226921370964	0.14598437845751827	0.14602385770258824	0.14605099968357385	0.14608060911737633	0.1461102185511788	0.14612749072089692	0.14616696996596693	0.14623605864483938	0.1462977449652612	0.1464211176061049	0.1466209812842717	0.1476721161842599	0.15247624681871308	0.15402827464052665	0.1568238986820446	0.16265448968831728	0.17351128208256175	0.18827405228591737	0.21206523234621405	0.22726720915097318	0.24263697274727974	0.26175973207805125	0.2810231362193846	0.30275399317759166	0.32975286189982417	0.3689557522543142	0.40093147330818113	0.42808825901069353	0.45539802678785213	0.4851678450234339	0.5029014284183055	0.5191224632364335	0.5476338805354096	0.5761132209477664	0.616811387709282	0.6450538526512188	0.6698912327058699	0.7057630617575805	0.7236372899630139	0.7372058130030026	0.7621566958872299	0.7803516929588569	0.8003898772846886	0.8618491920473799	0.9139247837475002	0.9290157251755	0.944728464713352	0.9571348174765932	0.9610605349082394	0.9634514966877901	0.9649517080004493
GB23_06_R1_val_1 - polyg	0	0	0.00008350511727709185	0.0001280411798248742	0.00014474220328029256	0.00014474220328029256	0.00015030921109876534	0.00015030921109876534	0.00016144322673571093	0.0001753607462818929	0.00019206176973731126	0.00021154629710196603	0.00021711330492043884	0.000225463816648148	0.0002365978322850936	0.00031731944565294905	0.0004620616489332416	0.0006179378678504798	0.0007598965672215359	0.0009964943995066295	0.001132886091059213	0.0011829891614254678	0.0012080406966085955	0.0012664942787025597	0.0013694839233443063	0.0016673188416326007	0.002232370135207589	0.0022546381664814803	0.0022657721821184255	0.002279689701664608	0.002368761826760172	0.0024550504479465005	0.0025803081238621383	0.0026387617059561025	0.002705565799777776	0.002783503909236395	0.0030173182376122525	0.0034125757927238208	0.004637317512787835	0.013291231166603787	0.017015559397162084	0.020358547592154996	0.02421648401035664	0.02901802825378942	0.03644441668363212	0.04523193852509142	0.05300348143967944	0.05965048877493595	0.06614718689909369	0.07360976087975647	0.08087748958677271	0.08816470282115357	0.09725005958090117	0.10538067449978068	0.11242015588623953	0.12266066676832023	0.13214684809099786	0.14175828708959115	0.151600756912651	0.16126786598942905	0.17216528379408952	0.19077579093124405	0.21195825568053303	0.22744010442370585	0.24530741601709427	0.26005441972822874	0.2707208067084226	0.2931753327442326	0.37080725677283566	0.43216403344413346	0.4598738148605818	0.5068315258093998	0.5522583096081377	0.5730399497944967
GB23_06_R2_val_2 - polyg	0.12987272539715172	0.13914179341490893	0.1407450916666291	0.14109024615137442	0.1418250911834128	0.14239292598089703	0.14434137871736252	0.1448368424132066	0.14598364602381197	0.14780684108436182	0.14855003662812793	0.14926261362889245	0.14954374752372535	0.1497246752778257	0.14984993295374133	0.14994457208665538	0.1500586957469341	0.15011158232120955	0.15014220086421115	0.15017003590330352	0.15018673692675893	0.15020900495803285	0.15023683999712517	0.15027302554794525	0.1502980770831284	0.15031477810658384	0.1503537471613131	0.15037044818476852	0.150376015192587	0.1504066337355886	0.15042890176686252	0.1504734378294103	0.15057642747405203	0.15072952018906005	0.1518345712410269	0.16312167959298046	0.16443270993423081	0.16615013184622968	0.16881116158345966	0.17327868535778407	0.17870095097297656	0.18708208124368736	0.19324475889873674	0.2015563015717166	0.2125678430366558	0.22394402351370496	0.23932566611614525	0.25813380203085556	0.2850391508175346	0.3046043997955572	0.3215587221067161	0.3381762404448574	0.3567589125429196	0.36991653552188	0.3812314789129259	0.3975789973718713	0.4136704334711669	0.44178103945054525	0.4609760824086394	0.47491586998609525	0.49712544767789246	0.5091446175579752	0.5178597682977943	0.5370937803106179	0.5515763511503748	0.5641995413787619	0.6021052976147432	0.6402977547533757	0.6531491923023202	0.6652602178114078	0.6753309349550249	0.6785430984662837	0.680700313995942	0.6822535091772959
GB23_08_R1_val_1 - polyg	0	0	0.00013353641645257207	0.00019679050845642198	0.00022490343823591084	0.00022490343823591084	0.00022841755445834696	0.00023193167068078307	0.0002459881355705275	0.00026180165857148997	0.00027937223968367054	0.000296942820795851	0.0003004569370182871	0.00030748516946315935	0.0003127563437968135	0.0003812816101343176	0.0006009138740365742	0.0009488113800577489	0.0011719577601824417	0.001576081125762594	0.0019397921547847311	0.002041701525235378	0.002108469733461664	0.0021857802903552585	0.0022138932201347474	0.002368514333921936	0.0025477342612661774	0.0025723330748232305	0.0025758471910456663	0.0025811183653793204	0.002598688946491501	0.002619773643826118	0.0026268018762709896	0.002649643631716825	0.0027339824210552916	0.0027814229900581786	0.0028341347333947203	0.002893874709176134	0.0030028123120716533	0.003645895580777461	0.004055290120691267	0.0043364194184861565	0.00476689865573458	0.005341456658102883	0.006277968631382105	0.007709970992024819	0.009458243812686782	0.01079536503532372	0.01186014225072186	0.013606658013272606	0.015441026681384255	0.017524897601288864	0.02082289567604515	0.024287814271367152	0.027494445324340103	0.031974943507946135	0.03679455390701726	0.04263677212681728	0.04845439153306026	0.0549010377431193	0.06358090481253649	0.07731934218415044	0.09235448844184332	0.1060156152565637	0.12043227705910783	0.13495436234832503	0.14459182608835605	0.15535380701956664	0.2026907095938922	0.26997724996298755	0.2919246628302123	0.326862006313672	0.37849315891181456	0.4081944692238445
GB23_08_R2_val_2 - polyg	0.12402721795465996	0.13292847434609062	0.1344641431352952	0.1347874418277593	0.13532510160979205	0.13602792485427925	0.13763739008415501	0.13803097110106785	0.13886733076200763	0.14019390963597728	0.14088443347368595	0.1414220932557187	0.14166105315884436	0.14178580428474083	0.14191582658497096	0.14201246478108798	0.14208801827987033	0.142230339986879	0.14226372409099214	0.14229710819510527	0.1423217070086623	0.1423498199384418	0.14236914757766522	0.1424165881466681	0.1424359157858915	0.14244997225078126	0.14250092693600658	0.14253255398200848	0.14253782515634217	0.14254485338878703	0.1425624239698992	0.14258526572534502	0.14261513571323575	0.14265730510790497	0.14278029917569024	0.1437203252651919	0.1438485905073108	0.1440401098414336	0.14440382087045572	0.14511894352172147	0.1461643930978962	0.14809188584590244	0.14911625072474255	0.15067476126939294	0.15428727274605727	0.15981673462206047	0.16920645316840977	0.18059921796154763	0.19920822041745803	0.2131346630069723	0.224002067424856	0.23469903720595148	0.24668217352445862	0.25623705553326237	0.2643072234380869	0.2775115151438906	0.29006393829043237	0.3098062432280784	0.3245690454785325	0.3375132925838759	0.35844161174659417	0.37031581046220574	0.37822432902079817	0.3929414477603606	0.40361381872789903	0.41293149789168837	0.44684623355441927	0.48861677603240605	0.5035359564547586	0.5166892934753369	0.5286759439100664	0.5324413194424067	0.5347588790911033	0.5361943955679686
GB23_11_R1_val_1 - polyg	0	0	0.00017661850023540076	0.000212847936181124	0.0002264339746607702	0.0002264339746607702	0.0002264339746607702	0.0002264339746607702	0.00026719209009970886	0.0003373866222445476	0.00039852379540295554	0.0004596609685613635	0.00048004002628083286	0.0004868330455206559	0.000493626064760479	0.0005389128596926332	0.0006000500328510411	0.0006747732444890952	0.0007268530586610723	0.00089667853965665	0.0009487583538286272	0.0009714017512947042	0.000989516469267566	0.0010212172257200738	0.001039331943692935	0.0011299055335572432	0.0013201100722722904	0.0013427534697383673	0.0013518108287247982	0.0013563395082180135	0.001390304604417129	0.0014287983801094602	0.0014967285725076911	0.0015374866879466296	0.0016212672585711146	0.001664289713756661	0.0017367485856481075	0.0018024144382997307	0.0022620754068610944	0.003776918697341647	0.00484795139748709	0.005885019001433418	0.007336460779008955	0.00931096503805087	0.012517270119247376	0.016706298650471626	0.020537561501731857	0.02392727810240359	0.027312466023582102	0.031664527016562104	0.03595318649663709	0.04083736733006991	0.04754434165952192	0.05421282221328161	0.05977404063095012	0.06721239669855641	0.07487265806133028	0.0831420268159416	0.09088380440959334	0.09867992615716366	0.10760595343829121	0.12317781787571239	0.14016489465476337	0.1570523404849636	0.1774766849993651	0.19405844496377328	0.2055273257803413	0.22450928587615365	0.28325078758265065	0.3385776649512633	0.36629771212923473	0.4121234199210814	0.45657920216623044	0.4770556264948039
GB23_11_R2_val_2 - polyg	0.13367303260123908	0.14086910431595837	0.14223676552290943	0.14245867081807698	0.14316061613952535	0.14396219240982447	0.14554723023244986	0.14592311063038674	0.14740398882466818	0.14903431344222573	0.1498449470715113	0.15050386993777415	0.1507620046688874	0.15095673788709568	0.15107448355391928	0.15116279280403697	0.1512329873361818	0.15134167564401896	0.15139149111844435	0.1514413065928697	0.151468478669829	0.15149338640704169	0.15151829414425438	0.15153867320197384	0.1515545235802001	0.15156584527893313	0.15161339641361193	0.15163603981107798	0.15166321188803727	0.15167906226626354	0.15170397000347624	0.1517266134009423	0.15174472811891515	0.15179454359334055	0.15200286285002845	0.15319164121699747	0.15348826972380308	0.15404303296172198	0.15512312302085385	0.15710442029913557	0.1597355830846937	0.16443408805890472	0.1674818893578387	0.1716980899660222	0.17923154830298604	0.18780207424389622	0.19854636634154976	0.21511454026747828	0.2454793362694876	0.27090787162389207	0.2850849027774029	0.29951780432228037	0.3162942975048969	0.3280258417320714	0.3390939344134898	0.35404536976034046	0.3686118673502678	0.39269538489518735	0.41191057198490033	0.4288433046100327	0.4535948023802015	0.46752502050133204	0.47695825988569973	0.4942578155497826	0.5084439040622799	0.5221454238690031	0.5643255446688114	0.6045515402672972	0.6172137281303274	0.6284018308183161	0.6367323367460858	0.6395763474678251	0.6414398990792832	0.6429411563312841
GB23_12_R1_val_1 - polya	0.06775007279855497	0.06917954633948784	0.07180141000480861	0.07341915567064483	0.07497414396151328	0.07764481891847566	0.0788162899178743	0.08105463629172528	0.08200994299956824	0.0830803048948521	0.08490724181058096	0.08634368839317691	0.08766507978833193	0.09349802913950434	0.09948089888643313	0.10052685513589621	0.10162859571866398	0.10206441082260694	0.10249673940571835	0.10291860842633511	0.1034450730718982	0.10416678288402773	0.10503144005025053	0.10624474929962768	0.10804728056953572	0.10873412517334982	0.10948372715213169	0.10990210965191692	0.11011478742264108	0.11031351911003906	0.11063427902654108	0.11114679758877798	0.11215788862992562	0.11243332377561757	0.1128761119212236	0.1130120862336538	0.11339211700429205	0.1137093903999625	0.11400225814981217	0.1142602606913464	0.11452872279537527	0.11487040183686653	0.11522254044085242	0.11551192166987055	0.11581873550304639	0.11611857629455913	0.11638355187775645	0.11657531052349134	0.11677055569005779	0.11688561087749871	0.11700763910660275	0.11740161596056717	0.11768751066875374	0.11788624235615172	0.11816167750184367	0.11840224743922018	0.1188764142723101	0.11953536670947185	0.11978639620934298	0.11995723573008862	0.12013853481332888	0.12030240129241143	0.12061967468808191	0.1208114333338168	0.12111824716699263	0.12147735881264163	0.12181555133330135	0.12210144604148793	0.12235247554135906	0.12256863983291477	0.12278480412447046	0.12288591322858523	0.12300096841602617	0.12311951012429866
GB23_12_R1_val_1 - polyg	0	0	0.0001743260415771793	0.00020919124989261516	0.00023011037488187668	0.00024405645820805102	0.0002719486248603997	0.00027892166652348686	0.00031378687483892275	0.00035562512481744575	0.00036957120814362014	0.0003835172914697945	0.0004009498956275124	0.00040792293729059953	0.00042186902061677387	0.000749601978781871	0.0015759074158577008	0.0024196454570912487	0.002904271852675807	0.004347691476934852	0.005651650267932153	0.006070032767717383	0.006282710538441542	0.0063663870383985875	0.006509334392491874	0.007346099392062336	0.008963845057898559	0.008995223745382452	0.009019629391203259	0.009057981120350236	0.009138171099475739	0.009274145411905937	0.00939268712017842	0.009567013161755601	0.009915665244909957	0.010041179994845526	0.01040377816132606	0.010714078515333441	0.011979685577183761	0.020706447218537358	0.02499486784133597	0.028655714714456736	0.033732089045184196	0.041231595353834444	0.05237451593144775	0.0671608507780241	0.0807443359377179	0.09141308968224128	0.10026536607353045	0.1111816627970934	0.1214355205626631	0.1317068109323905	0.14496604965475074	0.15763606635658015	0.1685105248301646	0.18185344005248189	0.19509524617068444	0.20791169674743865	0.2204492256576694	0.23086694990232165	0.24304885368773493	0.2647419863015991	0.2896740967679673	0.313846145693059	0.33813673632642316	0.3583167188993974	0.37500669411999654	0.3946009411932715	0.44323790679330455	0.506469448594179	0.5389742823066599	0.571301303456732	0.5991620914215968	0.6153883593716006
GB23_12_R2_val_2 - polyg	0.12755087810119056	0.13930742634515553	0.14148998838570181	0.1419292900104763	0.1427451358850575	0.1433936287597246	0.14466969538406957	0.1451368891754964	0.1459527350500776	0.1468173922163004	0.14746937161179907	0.14797840365320442	0.148264298361391	0.14853276046541986	0.1486966269445024	0.1488326012569326	0.14894765644437352	0.14902784642349903	0.1490731711943091	0.1491847398609185	0.1492161185484024	0.14926144331921246	0.14929979504835944	0.1493520928608326	0.1493764985066534	0.14939741763164266	0.14944274240245273	0.14946017500661044	0.1494706345691051	0.14954733802739903	0.1497600157981232	0.14995874748552118	0.15011564092294064	0.1503701569436433	0.15188679350536477	0.1614468336254573	0.16332258183282772	0.16587820160234917	0.17034792130838805	0.1779729423669739	0.1884429644240993	0.205418834352885	0.21546698738939363	0.22725840084167404	0.245935692936253	0.26578445603023065	0.2880842432687834	0.32110508206433275	0.3760282447236388	0.4210531747421927	0.44927307435270647	0.4765167481303881	0.5038894231788368	0.5202865306495863	0.534305830913223	0.5556468249231012	0.5769355211205065	0.6127734687479429	0.6409166649001627	0.6622820645558618	0.6887970554797509	0.7035380655555171	0.714966880841317	0.7337104168316952	0.7488279711572683	0.7621778594212487	0.7924757254473624	0.8165536383100025	0.8251339660764312	0.8325846610934399	0.8393066732566559	0.8422841620467941	0.8445329679831397	0.8458648189407894
GB23_14_R1_val_1 - polyg	0	0	0.00011908296178586336	0.00017085816256232568	0.00018639072279526438	0.00021227832318349555	0.00022263336333878803	0.00023298840349408049	0.00024334344364937297	0.00027181980407642726	0.00028217484423171974	0.0002899411243481891	0.0002899411243481891	0.0002899411243481891	0.00029252988438701217	0.0003986690459787599	0.0006342462095116635	0.0007688617315304656	0.0008387582525786897	0.0010380927755680698	0.0012089509381303953	0.0012762586991397966	0.0013228563798386127	0.0013435664601491974	0.001356510260343313	0.0014315843014691835	0.0016593951848856178	0.001664572704963264	0.0016697502250409102	0.001708581625623257	0.0017862444267879504	0.0018328421074867663	0.0018846173082632289	0.0019674576295055685	0.002203034793038472	0.0023402390750960973	0.002492975917386661	0.002710431760647803	0.003823598577341743	0.008519609287766877	0.01085725960282415	0.013091359516328501	0.016050312240703322	0.020057712780801505	0.026519257837704008	0.03474374848104505	0.04194050138897331	0.047930892118810006	0.05394717044903492	0.061842888567445436	0.0692855736790619	0.07866206253967922	0.09145571465154306	0.10332000190946941	0.11306150593556079	0.1259509421688611	0.13767025886461334	0.1481029618210705	0.15955563623282398	0.172214672822669	0.18497725981406699	0.20724836242806222	0.23106495478523492	0.25187599673733396	0.27261714216838473	0.28809016092043055	0.29983277645653217	0.32515084963622226	0.37390755620741684	0.4044756347458402	0.4306065785777207	0.4656117918226869	0.49555856795179276	0.5093825465591082
GB23_14_R2_val_2 - polyg	0.10455484044798803	0.11351712770239367	0.11506002868553224	0.11538621245042395	0.11625603582346852	0.11672719015053433	0.11773680656567534	0.1180785228908	0.11873606794066106	0.11947386455172565	0.12003303672011145	0.12043429452612903	0.12068281548985604	0.12093651397366072	0.12104524189529128	0.12121092253777596	0.12126528649859125	0.12131188417929006	0.12134294929975595	0.12145167722138651	0.1214956861420465	0.12150604118220179	0.12151639622235709	0.12156040514301708	0.12159664778356061	0.12161735786387119	0.1216510117443759	0.12168725438491941	0.12168725438491941	0.12171055322526883	0.12182445866697704	0.12194613038880173	0.12202897071004407	0.12217394127221816	0.12298163440433096	0.128133266881589	0.12911440693630294	0.13050974859722858	0.1327490260308106	0.1367952579714911	0.14242581105593138	0.15139845335049235	0.15714808939671848	0.16481599663171254	0.1770530653352294	0.19117734010704834	0.2078256559167198	0.23600948645938707	0.2868216685014072	0.3291220075357769	0.35284281577151316	0.3773143644185081	0.40203443402923	0.41668422708893	0.42913357411563036	0.4496417311431871	0.4688684519515264	0.5032937829477961	0.529978721427985	0.5512842165474992	0.5791910497660123	0.5930538597739101	0.6028833816413215	0.6199536653373212	0.6329777170926403	0.6458438544855911	0.6773878955586508	0.7048442845304088	0.7153002863272153	0.7243997778636786	0.7317751552142857	0.7342370660112064	0.7362562988414885	0.7378432087452871
GB23_16_R1_val_1 - polya	0.07532713898110258	0.07708207232654045	0.08054131594014395	0.08294591211057566	0.08393306211738445	0.08646421598099677	0.08861569676506724	0.0906406198559571	0.09197369422412625	0.09312958782184255	0.09631040451044869	0.0985125083717914	0.09941106799337378	0.10079054684904248	0.10227970903880107	0.10281125135015966	0.10313608276265657	0.10335123084106362	0.10356216032969798	0.10370981097174203	0.10394183340923982	0.1040810468717385	0.1044100968740081	0.10481930008195876	0.10572629688308652	0.1063548667592169	0.10742638856147946	0.1081013629251094	0.10843041292737901	0.10861181228760455	0.10893242511032877	0.10910116870123626	0.10937537703646094	0.10943443729327856	0.10966224114100366	0.10972551998759397	0.10984785909100189	0.10994910524554638	0.11005035140009088	0.11013472319554463	0.11025706229895255	0.1103076853762248	0.11044268024895079	0.11054814499326798	0.11064939114781247	0.1107337629432662	0.11082657191826534	0.11091094371371907	0.11099109691940012	0.11108812448417194	0.11115984051030761	0.1113285841012151	0.11141295589666886	0.11147623474325916	0.11154373217962216	0.11167872705234815	0.11191496807961862	0.11210480461938954	0.11222292513302479	0.1122862039796151	0.11232838987734198	0.1123874501341596	0.1124844776989314	0.11253088218643095	0.11258572385347589	0.11267853282847501	0.11278821616256487	0.11291055526597281	0.11303289436938073	0.1131383591136979	0.11316788924210672	0.11319741937051553	0.11323116808869703	0.11324804244778777
GB23_16_R1_val_1 - polyg	0	0	0.0001265576931806159	0.00018561794999823663	0.0002278038477251086	0.00023624102727048298	0.00026155256590660615	0.0002699897454519806	0.00028686410454272936	0.00031217564317885256	0.0003417057715876629	0.00034592436136035007	0.0003670173102237861	0.00037123589999647327	0.00037967307954184763	0.0003965474386325964	0.0005020121829497763	0.0005737282090854587	0.0006074769272669562	0.0006834115431753258	0.0007551275693110081	0.0007804391079471312	0.0008141878261286289	0.0008268435954466905	0.0009365269295365576	0.00215148078407047	0.0038642282317814716	0.003893758360190282	0.003914851309053718	0.003961255796553277	0.004100469259051954	0.004319835927231688	0.004463267979503053	0.004602481442001731	0.004842941059044901	0.005049651957906574	0.005353390421540052	0.0058596211942625155	0.008146096851058975	0.02363675849636636	0.028876246994043855	0.03171535791106234	0.034778054086033246	0.03865915667690546	0.043822710558674594	0.050699011888154726	0.05624645743923838	0.06065910234146919	0.06424068505848063	0.06877145047434667	0.07358064281521007	0.07833921207880123	0.08478521725146726	0.09118059934686105	0.09698537887407864	0.10458727764446096	0.11219339500461598	0.11961811300454545	0.1274435970328802	0.1367962105589277	0.14825811897131883	0.16561339729615393	0.18383348652438994	0.19937477124696956	0.2141946771184197	0.22757182528761077	0.23940075101022568	0.258304251781637	0.3114500457379503	0.37485966861121156	0.3990279694189365	0.4365691998060799	0.47535913276593866	0.4955155546998381
GB23_16_R2_val_2 - polyg	0.15285638182354785	0.16234820881209405	0.16455874985298213	0.164938422932524	0.16604369345296804	0.16673554217568873	0.16808549090294864	0.16870140500976097	0.16989104732565877	0.17115662425746492	0.1720256537506385	0.17253610311313364	0.17295796209040235	0.17351903453016976	0.17364981081312306	0.1737637127369856	0.17388605184039355	0.17400417235402876	0.17414338581652744	0.17435009671538915	0.17443446851084288	0.17447665440856974	0.17452305889606928	0.17458211915288693	0.174594774922205	0.17460743069152304	0.1746538351790226	0.17469602107674947	0.1747171140256129	0.1747846114619759	0.17496179223242878	0.17513897300288164	0.17525287492674418	0.17545536723583316	0.1765395448074138	0.1911907070879564	0.19235925645499077	0.19368389364361455	0.1958986532742753	0.199598356504922	0.20390131807306294	0.21041482068209197	0.21453216430023467	0.21944682138541527	0.22722590092625045	0.23767956638296933	0.251373108785112	0.26804075697699903	0.29263513535176544	0.312411884206123	0.32989372022413876	0.3470169761114761	0.36481942495221603	0.37611258977369966	0.3865367251020097	0.40414933740297876	0.4215172714971319	0.4479931409105168	0.4669725762978365	0.4825982328158699	0.504754266302023	0.5171189529257691	0.5290533433927013	0.5447169672186888	0.5560185692197179	0.5677715603264244	0.6004065708079325	0.6295823376758372	0.6387493332518864	0.6469333974108995	0.6536957968165171	0.6562944481164925	0.6580789115903392	0.6594499532664625
GB23_17_R1_val_1 - polyg	0	0	0.00010231251434240273	0.0001534687715136041	0.00017904690009920479	0.00017904690009920479	0.000200362007253872	0.00020462502868480545	0.00021315107154667236	0.00022167711440853924	0.00023659768941680632	0.0002557812858560068	0.0002813594144416075	0.00029201696801894113	0.0003048060323117414	0.0004561432931098788	0.0007950534968690879	0.0012490652792635	0.0014430327543709718	0.0015602658437216415	0.0016220796544701766	0.001641263250909377	0.0016604468473485775	0.0017052085723733789	0.0018053895760003148	0.0022849794869803275	0.002728333715797406	0.0027453858015211398	0.003158898880321684	0.003491414551934493	0.003529781744812894	0.0035724119591222284	0.0036363572805862302	0.0037088286449120985	0.003928374248605171	0.004037081295093974	0.004145788341582777	0.004280073516657181	0.004725559256189726	0.00860064573690823	0.01161247037786271	0.023823895266771568	0.04825527108745115	0.05723745724242793	0.06233176785239339	0.06653937000472471	0.07104538365722135	0.07459861201990439	0.0774995981036546	0.08101445927345922	0.08423943498596037	0.08795465816301887	0.09307667841228541	0.09823493434371489	0.10379604580036757	0.11440244312052998	0.1289158995821429	0.1386526405303949	0.14676303880274577	0.1556215973362255	0.16892861873288423	0.18857901601877197	0.21068491364887734	0.2283871101408285	0.2457461334075895	0.26139142205911525	0.2727950043868622	0.2923111164976755	0.37796161157727487	0.4794705463799467	0.5062252688804849	0.537002152101109	0.5751604569293942	0.5993616295928035
GB23_17_R2_val_2 - polyg	0.2518081498823768	0.26229944562390406	0.2640515474320177	0.2644309563393708	0.2651087767468892	0.26593153988305934	0.26744491249104074	0.2679223708913053	0.2693334309849442	0.27146494170041097	0.2722770472830038	0.27282910855830966	0.2732191750192401	0.27384797068030275	0.27397799283394625	0.2740696477947113	0.27416982879833823	0.2743616647627303	0.27443839914848706	0.2745577637485532	0.2746195775593017	0.2746728653271884	0.2747133640307823	0.27475599424509156	0.2748007559701164	0.2748348601415639	0.27490733150588975	0.27494569869876817	0.2749520932309145	0.27498406589164653	0.27503095912738684	0.2750693263202652	0.2751012989809972	0.2751609812810303	0.2754593927811956	0.2782410142648797	0.2785948450436472	0.2789678594188538	0.2797501238514301	0.2809501643842379	0.2826361893601721	0.2858441129869495	0.2882292734775568	0.2916332960901571	0.2979383047865076	0.30550729933713	0.31584725781785905	0.32805868270676797	0.346180786809666	0.36454375162341185	0.3808647291717405	0.398673501199465	0.4169192329238602	0.4284038126587949	0.43777606527470203	0.4573902268784269	0.47437197274855025	0.5012865585527485	0.5206683854884875	0.535179710439385	0.556219852711757	0.5692646982904133	0.5820708146689374	0.6064190615717138	0.6214803162872016	0.6316497539106933	0.6594254700439403	0.6915750461653248	0.704504790165346	0.7147360415995863	0.7229082536826856	0.7257559519985493	0.7275272374031021	0.7286057818251283
GB23_18_R1_val_1 - polyg	0	0	0.0001543382598486959	0.00020578434646492788	0.00024008173754241587	0.00026866289677365585	0.0002915278241586478	0.0002915278241586478	0.0003143927515436398	0.00033439956300550786	0.00034583202669800385	0.00035726449039049984	0.0003629807222367478	0.0003715550700061198	0.0003801294177754918	0.0004630147795460877	0.0006230692712410317	0.0008345698495522075	0.0009117389794765555	0.0010289217323246394	0.0010632191234021273	0.0010803678189408713	0.0010918002826333672	0.0011175233259414835	0.0011518207170189713	0.0013375982520220312	0.0017062952061050272	0.0017234439016437712	0.001726302017566895	0.001734876365336267	0.001829194190799359	0.001906363320723707	0.001983532450648055	0.002086424623880519	0.0023093576658841904	0.0024008173754241587	0.0025980273741197145	0.0029467175167408426	0.00392419316244925	0.010720792827638118	0.014047639762154453	0.01758312915905884	0.021830289420821103	0.027094938951215508	0.035249143679888274	0.045149657237589805	0.05387548515088737	0.0601433333702983	0.06586813956431567	0.07289624661927759	0.0796271096182346	0.08633796580572975	0.09527243618141537	0.10407543322463728	0.11232681389469626	0.1231819381707212	0.13310817477173087	0.14163107645448664	0.15054554001871037	0.16177507748066455	0.17521108043527045	0.19409751045527385	0.21454447176930294	0.23270779846075595	0.25125982891775384	0.26738531895601947	0.2790292832268266	0.30039369975217844	0.3621890241260425	0.4086048267175762	0.42914610585706836	0.4643380872184942	0.502965523919515	0.5215804329268217
GB23_18_R2_val_2 - polyg	0.11615383111575929	0.1247053139577463	0.12636302119315823	0.1267059951039331	0.1272661858248654	0.12777493045918148	0.12881528465519862	0.1292039884207435	0.13015859913906688	0.13139330521785647	0.13203352318463624	0.13248796361641296	0.1327823495564947	0.1331882020175783	0.13325108056788704	0.13332539158188828	0.13337969578442765	0.13344257433473639	0.13351402723281447	0.13358548013089255	0.1336254937538163	0.13363978433343193	0.1336626492608169	0.13371695346335627	0.13373696027481813	0.1337541089703569	0.1337941225932806	0.1338141294047425	0.13383413621620435	0.13386843360728184	0.13401419751936117	0.13414852896774798	0.13422569809767232	0.13436002954605916	0.13528605910515135	0.14288293122881493	0.14379181209236835	0.1452751742564697	0.14797895191974503	0.15306354014698262	0.15998589691278894	0.17099535944866256	0.17848362316724747	0.18653207760676463	0.19730431652101899	0.2095884987586059	0.22341034736283358	0.24090201681235246	0.26746820431779006	0.2930197606705186	0.31382112835901504	0.334196636774966	0.35485224055138315	0.367087834818277	0.37791151981914756	0.39872717808725966	0.4164732198539366	0.4429279408383723	0.46329201679063076	0.4795175408862057	0.5033170721780593	0.5168931228128982	0.5269708395578334	0.5431992217693316	0.5550375379229111	0.5647265509023015	0.5931105001348459	0.6244040113771305	0.6360622662275534	0.6456312383381725	0.6536854090095359	0.6564835044982743	0.6586585307157717	0.659933250417485
GB23_20_R1_val_1 - polyg	0	0	0.00013230563130052947	0.00018843529306439047	0.00019645381617351346	0.00019645381617351346	0.00020447233928263647	0.00021650012394632096	0.00022451864705544397	0.00024256032405097072	0.0002485742163828129	0.00025659273949193593	0.0002666158933783397	0.0002786436780420242	0.00030069461659211244	0.0003848891092379039	0.0006114123870706286	0.0008860468035580913	0.0010704728350679205	0.001240866451136784	0.0014092554364283669	0.001457366575083105	0.0014774128828559125	0.0015014684521832814	0.0015175054984015275	0.001545570329283458	0.0016037046218245997	0.001633774083483811	0.0016357787142610917	0.001649811129702057	0.001679880591361268	0.0016939130068022335	0.0017239824684614448	0.0017640750840070597	0.0020667743313764527	0.002140945670135841	0.00219306607034514	0.002323367070868389	0.002786436780420242	0.005057683451079331	0.005781355161677682	0.006330623994652607	0.007168559659555961	0.008409426110692744	0.010720765396897449	0.013841975517123576	0.01634175009639267	0.018069741826408678	0.019829807648861175	0.02240575819766694	0.025051870823677526	0.02849783112982314	0.03331495888762878	0.03802584121423854	0.042347825170055836	0.04926380135167442	0.05578686990094598	0.061217414676599524	0.06805320562712688	0.0793192305954447	0.0918982887228814	0.10818390915751022	0.1251490994256372	0.14075314539599054	0.15702673804595568	0.1687077215851706	0.17747196734344206	0.19891550276801423	0.2513706763171196	0.28383366712440405	0.30338884035677777	0.33624473879640926	0.36567271860689066	0.3799637314181251
GB23_20_R2_val_2 - polyg	0.09255380298705221	0.09997093686299098	0.10155058591548821	0.101863308316744	0.10253285499635578	0.10290571632093	0.10373563346272423	0.10402430029465266	0.10466177288182794	0.10544357888496743	0.10592469027151481	0.10635368125785288	0.10654412118169457	0.10666640365910869	0.10677665835185912	0.10685684358295036	0.10691297324471422	0.10697712142958721	0.1070292418297965	0.10707534833767396	0.10709339001466948	0.10712947336866055	0.10715753819954246	0.10718961229197896	0.1072056493381972	0.10722168638441545	0.1072497512152974	0.10725576510762923	0.10726378363073835	0.10729385309239756	0.10734396886182959	0.10741212630825712	0.10746825597002099	0.10751035321634389	0.10774088575573118	0.10940873856242875	0.10966934056347526	0.10993194719529903	0.11049123918216036	0.11180226771050197	0.11366456970259578	0.11681384465370384	0.11878840596932538	0.12100953687055245	0.12532951619559246	0.1316040105284812	0.14015175616280634	0.15464523668254615	0.1805190061249088	0.1986769517055178	0.21165493135763339	0.2255690735827391	0.23952932231572222	0.24885486469163226	0.25871564348507625	0.2772043531439366	0.2927121768369805	0.3159879447919873	0.33477935369821704	0.3518908820130855	0.3764556275578838	0.3878218840650657	0.396070939713576	0.40795238633051895	0.41676073396589053	0.425867771587077	0.4538744681764664	0.4788441491382754	0.48711124646378123	0.49535829748151416	0.5026170655260478	0.5050947891667668	0.5067987253274554	0.5080616427171423
GB23_22_R1_val_1 - polya	0.06494935161555068	0.06657398464931606	0.06970934655580795	0.07201140959996259	0.07377992157398765	0.07604001992723322	0.07735891021294683	0.07940319015580291	0.08072807539736065	0.08182515231684062	0.08578182317398142	0.08794899971164263	0.08890219769086291	0.090044236779174	0.0911982657791734	0.0920345621194327	0.09245720650644548	0.09280191646748426	0.09310466173761398	0.09326952302332817	0.09350932125709428	0.09361723046228904	0.09389299843112006	0.09439957219995096	0.09530181305449595	0.09582936916878139	0.09624601859995	0.0966027184726771	0.09687848644150812	0.0972351863142352	0.09731312074020919	0.09741503498955978	0.09780770459735179	0.09792760371423484	0.09806848517657243	0.0980984599557932	0.0981733969038451	0.09826931619735155	0.09835924053501384	0.09841619261553329	0.0985031194752735	0.0985660665116371	0.09862901354800072	0.0986679807609877	0.09872493284150716	0.09878787987787076	0.09883883700254606	0.09885682187007852	0.09892876134020835	0.09900969324410441	0.09908163271423424	0.09934541077137696	0.0996721358648833	0.09991792905449354	0.10006780295059736	0.1001517323324155	0.10021168189085702	0.1002926137947531	0.10037054822072708	0.10042450282332446	0.10049344481553221	0.10057137924150619	0.10061933888825941	0.10065231114540225	0.10075722287267493	0.10087112703371383	0.1010389857973501	0.10122782690644092	0.10144664279475249	0.10171641580773937	0.1018393124025445	0.10186628970384318	0.10192024430644056	0.1019532165635834
GB23_22_R1_val_1 - polyg	0	0	0.00010790920519474913	0.00015586885194797097	0.00016785876363627642	0.0001798486753245819	0.00019183858701288736	0.0002397982337661092	0.0002457931896102619	0.0002937528363634838	0.0003057427480517892	0.00036269482857124015	0.0003806796961036983	0.0003926696077920038	0.0004076569974023856	0.0005815107168828148	0.0011120643090903313	0.0017924917974016662	0.0022211311402585863	0.002553851189609063	0.002793649423375172	0.0028625914155829286	0.002922540974024456	0.0030424400909075102	0.0033601727506476055	0.0047989621532442605	0.006096870093503326	0.006150824696100701	0.006177801997399388	0.006216769210386381	0.006297701114282442	0.0063996153636330395	0.006519514480516094	0.00668737324415237	0.007325836041554635	0.007646566179216807	0.007931326581814061	0.008440897828567044	0.010242382059734939	0.022268263483105316	0.02794548666751795	0.032777421077905045	0.03837371235842163	0.0458344349064697	0.05732077030386633	0.07379490896359803	0.08831469201813594	0.10010976764150645	0.11034915222331929	0.12244997059474158	0.13343872465707352	0.14448742827784702	0.15839572583628136	0.1718364168388718	0.183307764846658	0.19881371813755905	0.21501808378430387	0.22898633090117976	0.24157873565182256	0.2555679651141529	0.2731871403401178	0.3001554492050389	0.3305258955115166	0.35555483616085426	0.3787223430205825	0.3981400049997932	0.4107354072283581	0.4288701486569201	0.4993318621711692	0.5878893499009933	0.6178491417321466	0.6561029549736852	0.6981036156178191	0.7239268879165071
GB23_22_R2_val_2 - polyg	0.1731523096466633	0.18310393634795682	0.1848184937193845	0.1851602062025012	0.18571773709600742	0.18619733356353962	0.18726443570379883	0.18755219358431816	0.18847541678431767	0.18957249370379764	0.19028289597132975	0.1907684873947061	0.1910862200544462	0.19134700063366683	0.1914758921843161	0.191589796345355	0.1916917105947056	0.19180261727782244	0.1918955390934068	0.19192551387262757	0.19195548865184833	0.19199145838691326	0.19200644577652365	0.19203642055574438	0.1920484104674327	0.1920484104674327	0.19206639533496517	0.19206939281288724	0.19208438020249763	0.19222825914275726	0.19261493379470512	0.19285772950639332	0.19299861096873092	0.19324140668041911	0.1947371481635352	0.20917899679209911	0.21088156425183852	0.21349836247781118	0.2179436222362504	0.2247059324284547	0.23419894500767055	0.25013054016350644	0.26072962209596845	0.27327406719985803	0.2899760141816675	0.3064051906725681	0.3244889749764548	0.3480401590102088	0.38407284111148876	0.4162897338179656	0.44208902629327684	0.46737874752183517	0.4946288193114313	0.5101047978231117	0.523428587186741	0.5493987359036108	0.5732676525971048	0.6112217180464357	0.6393590433009666	0.6599277368022546	0.6875524933321104	0.70221915280483	0.7146047315788495	0.7370528437372794	0.7514677150645447	0.7627472244853181	0.7991575888047797	0.8366140729190459	0.8487088963346241	0.8591521094151381	0.8683663565476009	0.8713038849112357	0.87304242210604	0.8741604813709745
GB23_26_R1_val_1 - polyg	0	0	0.00009091557070976695	0.00013637335606465044	0.00016819380581306885	0.00018637691995502224	0.0001909226984905106	0.0001909226984905106	0.00019546847702599894	0.00022047025897118484	0.0002318347053099057	0.0002318347053099057	0.0002341075945776499	0.00024319915164862659	0.00024547204091637077	0.00029774849407448675	0.0004295760716036489	0.0005341289779198808	0.0005795867632747643	0.0006614107769135546	0.0007364161227491122	0.0007432347905523448	0.0007568721261588099	0.0007773281295685075	0.0007886925759072283	0.0008386961397976001	0.0011023512948559243	0.0011114428519269008	0.001113715741194645	0.001125080187533366	0.0011569006372817844	0.0012000855333689237	0.0012455433187238073	0.0013000926611496674	0.0014569220206240153	0.001543291812798294	0.001675119390327456	0.0019569576595277337	0.0030161240582965185	0.007727823510330191	0.009621140270361088	0.011175796529498103	0.013375953340674462	0.016721646342793887	0.021565173372356722	0.02758151126407555	0.03226820893416403	0.03585028242012885	0.03913006163348369	0.04358492459826228	0.047917051542582675	0.05259693054486793	0.05901329694770973	0.0658910598719036	0.07219605470062593	0.08168082161492238	0.09062009510496022	0.09806380745682239	0.10726900899118627	0.120056284011515	0.13420047392468698	0.15608612468379565	0.1762943831633091	0.19255008720621541	0.21048318352871695	0.22478192991209556	0.23661231855070397	0.26587122209437475	0.3229980209498568	0.3536615700609934	0.380363473178452	0.4319739697811189	0.4688538710395359	0.4842799704997156
GB23_26_R2_val_2 - polyg	0.13977814418773118	0.14659226621242824	0.14814237669302976	0.14838784873394611	0.1490606239571984	0.14962884627413445	0.1510562207342778	0.15153807325903956	0.15254269031538248	0.15380641674824824	0.15453828709246187	0.15515424008402054	0.15541107657127562	0.15579064907898893	0.15591565798871482	0.15604066689844076	0.15609294335159887	0.15613612824768602	0.15619295047937962	0.15624749982180547	0.15627250160375067	0.15629750338569587	0.1563361425032475	0.1564134207383508	0.1564497869666347	0.1564861531949186	0.15658843321196708	0.15662025366171553	0.15664298255439296	0.1566816216719446	0.15678617457826083	0.1569066377094513	0.15698618883382234	0.15712483507915476	0.15780442897021024	0.16290479248702816	0.16400941667115182	0.1651549528620949	0.16700735761530638	0.1705417004266486	0.17492155804559162	0.1818152311946597	0.18587688431611854	0.1905113055330489	0.19790728721028844	0.2074852425845624	0.21931108544463535	0.23496901961012495	0.2583093195005899	0.27979948752711103	0.29831217061288734	0.31859543443823635	0.34044471896906103	0.35354337981907075	0.36456689276763	0.38637981107017083	0.40750858970312065	0.4406382236697597	0.4673014876696666	0.48734837101117023	0.5156003846092303	0.5313265054527523	0.5443319778427844	0.5617832216405242	0.5746864140135078	0.5867713662501036	0.6294835013695521	0.6722683689455684	0.6859147961091046	0.6967428405806377	0.7059389505579307	0.7092869164493179	0.7113302439010198	0.7126098805587598
GB23_27_R1_val_1 - polyg	0	0	0.00005629157968738049	0.0001477653966793738	0.00015832006787075764	0.0001618382916012189	0.0001618382916012189	0.00016535651533168018	0.00017591118652306403	0.00018470674584921724	0.0001970205289058317	0.00020581608823198492	0.00020757520009721556	0.00021461164755813813	0.00023220276621044452	0.0003553405967765893	0.0006315211596177999	0.0008566874783673218	0.0010431533360817696	0.0011733276141088372	0.00120850985141345	0.001252487648044216	0.0012964654446749818	0.0013351659057100561	0.0013756254786103607	0.0015832006787075764	0.0019086363737752447	0.0019156728212361674	0.0019191910449666287	0.001931504828023243	0.0019543732822712412	0.001971964400923548	0.002026496868745698	0.002109175126411538	0.0022868454247998325	0.0023572098994090584	0.0024469246045358203	0.002538398421527814	0.002809301648773333	0.004399538774941831	0.005463801453406369	0.006723325548911507	0.008341708464923697	0.010714750371119831	0.014574241803435854	0.020038043256842226	0.02577274793749411	0.03090583636023712	0.035599146816672464	0.04185630772129786	0.04746435634765314	0.05302666806551242	0.06043604724186388	0.06877775570678757	0.0768221742664873	0.08786411944454002	0.0990978078159029	0.10963136966490397	0.11981310914085891	0.1302252922711591	0.1434151130366584	0.16504339341966914	0.18769371779637886	0.2059357078388206	0.22538972595640627	0.2404072639498802	0.2536621718543931	0.28885672294206255	0.4459946676393852	0.6208310368127932	0.6577864588775586	0.6899078415366701	0.7211813322767404	0.7422009599543813
GB23_27_R2_val_2 - polyg	0.20660417034760825	0.21921700242131192	0.22126109040870995	0.22174308705978313	0.22251357805675415	0.22384698485059898	0.22624641343477359	0.22701338620801415	0.22870565182236602	0.23080251316572092	0.23200926390526916	0.23280262335648816	0.23318610974310844	0.23371032507894718	0.23389679093666163	0.2340040967604407	0.234136030150333	0.23429962755379946	0.23435591913348683	0.23443859739115266	0.23450192541830098	0.2345318303200099	0.23455293966239266	0.23460395390648436	0.23464617259124987	0.23466904104549788	0.2347394055201071	0.23479217887606402	0.23481504733031203	0.2348414340082905	0.2349047620354388	0.2350085496354874	0.23511057812367075	0.23524602973729353	0.23563831168323995	0.2373235408501309	0.23774748680965152	0.23851973691848777	0.2397862974614538	0.24197111439807026	0.2453714776335611	0.25149494603642897	0.256353613008196	0.26237153469915	0.2721222917681234	0.28404555199065673	0.29921261449267533	0.3142002475844404	0.33476954262458225	0.3581164752999233	0.3790305562656504	0.4004002472044722	0.4242168627478299	0.4380276500017556	0.4490344129425037	0.46830900164983585	0.489757852622593	0.520296034602997	0.5423852022946981	0.5603175886488592	0.5830206863815259	0.5987471464566878	0.6193903241951695	0.6637604027718818	0.6896281427500983	0.7018311017592034	0.7276759732831719	0.7540784832684186	0.765041268412536	0.7750998700579248	0.7826587737428208	0.7856897234866131	0.7876511332163454	0.7889088981999852
GB23_28_R1_val_1 - polya	0.06738321807995408	0.06885028402304098	0.07216390930774202	0.07487127074845447	0.07656510713700276	0.07824043165245217	0.07985096461205547	0.08150777725440599	0.08342375612014094	0.08445116507712926	0.09687957387889551	0.09935090893759713	0.10047319124421723	0.10197959491763929	0.10377756059236884	0.10455737324665951	0.10508496162997782	0.10555470040986212	0.10586940225254324	0.10608923074559254	0.10630211728622974	0.10657979538271307	0.10695928878124028	0.10756092465695416	0.10827131778712401	0.10870403282081054	0.10926633096618926	0.1096388824123044	0.10982631512743064	0.11002068979496898	0.11023820430388091	0.1104348929555566	0.11091851564026506	0.11111289030780339	0.11124710138777033	0.11133734676912742	0.11140908027738561	0.1114808137856438	0.11159882697664922	0.11170527024696783	0.1119204707717424	0.11214029926479172	0.11228608026544545	0.11234161588474212	0.11243186126609919	0.11252904859986836	0.11257070031434085	0.11264937577501113	0.11270722537844516	0.11278127287084072	0.11282061060117585	0.11291085598253293	0.11300572933216474	0.1130612649514614	0.11311680057075807	0.11319547603142835	0.11326489555554918	0.1133643968734557	0.11344538631826334	0.11349397998514793	0.11358885333477972	0.11363513301752695	0.11370223855751041	0.1137392623037082	0.11380173987541695	0.11390818314573556	0.11400537047950471	0.11410949976568596	0.11415346546429582	0.11423214092496611	0.11431313036977374	0.11438023590975721	0.1144288295766418	0.11445428340215276
GB23_28_R1_val_1 - polyg	0	0	0.000041651714472499086	0.00010181530204388665	0.00018511873098888483	0.00019437466753832906	0.00019900263581305118	0.00019900263581305118	0.00019900263581305118	0.00020825857236249544	0.00021982849304930072	0.0002267704454613839	0.0002267704454613839	0.0002337123978734671	0.00024296833442291133	0.0003378416840547148	0.0006294036853622083	0.0008908838928840082	0.0010250949728509498	0.0011662480052299744	0.0012773192438233054	0.0013212849424331654	0.0013606226727683034	0.0014369841493012184	0.001464751958949551	0.0015850791340923263	0.0018303614526525987	0.001841931373339404	0.001841931373339404	0.0018558152781635705	0.0018812691036745421	0.0018997809767734306	0.001918292849872319	0.001957630580207457	0.0022121688353171735	0.0022746464070259225	0.0023255540580478656	0.002371833740795087	0.0025060448207620285	0.00349180206327784	0.003991622636947829	0.004320208384453099	0.004706643735392396	0.005292081722144745	0.006280152948797918	0.00783515028910455	0.009605348154185761	0.01099836660487712	0.012576503786557364	0.01499693119423703	0.016929107948933517	0.01896078602153653	0.02199441922561688	0.02577546930606485	0.029885105134018094	0.03563304173122297	0.04198030022000436	0.048788041552120597	0.05541992008979739	0.062176753770891685	0.07190242910022022	0.08755190382119307	0.10553156056848852	0.12240744688226272	0.1382698081438728	0.1505177261829249	0.15992175771716025	0.178095789131994	0.26885256098343213	0.39829220565913515	0.42781632926772495	0.4524949700926806	0.48365508048638467	0.5053926474727545
GB23_28_R2_val_2 - polyg	0.1354467474962923	0.14712773942169094	0.14896041485848088	0.14936767606665644	0.15018682645128226	0.15128828290066612	0.15296360741611553	0.15357912719665356	0.1547777709798066	0.1563235123835638	0.15718431448266212	0.1576795070880574	0.15796181315281543	0.15834824850375473	0.15846163372648542	0.15852411129819416	0.15861667066368862	0.15878096353744123	0.15885038306156207	0.1589082326649961	0.15894062844291915	0.15897533820497955	0.1590447577291004	0.15908872342771024	0.1591280611580454	0.1591697128725179	0.1592298764600893	0.1592946680159354	0.15930392395248483	0.1593363197304079	0.1593640875400562	0.15938491339729247	0.15942656511176495	0.15946821682623746	0.1596325096999901	0.160708512323863	0.16084040941969258	0.16104404002378037	0.16133097405681313	0.16191872602770283	0.16286283155574616	0.16466311121461305	0.16596588428394732	0.1680646678965338	0.17411110844745825	0.1832906835203696	0.19501101317610336	0.2072381053579192	0.22336426081118843	0.23942793869274892	0.2555448382094687	0.27280947385831955	0.29071276912908206	0.30164403019397573	0.3105852649007389	0.3245547871379876	0.33963502176116966	0.36488984463632823	0.3854981873636658	0.4018025195955119	0.42024960113855425	0.4334369967373749	0.4529369410629166	0.4803136873920353	0.49585671884268956	0.5039302094979423	0.5249643253065543	0.5489140611282413	0.5581792536142349	0.5664401769846139	0.5726439684568789	0.5753073641989815	0.5773066464936615	0.5787413166588253
GB23_32_R1_val_1 - polya	0.06067074202459054	0.06233752065163973	0.0647316208614013	0.06705500925062138	0.068701584500373	0.07005015993498553	0.07117649821932483	0.07322209017070339	0.07510605510370141	0.07632330858587977	0.0871523188173751	0.08967016471308425	0.09084196059634309	0.09289765423637042	0.09514527996072464	0.09656961806020303	0.09702671947156047	0.09747877003859351	0.09782727829697652	0.09801921038130339	0.09831721019644249	0.09863288796671696	0.09896876911428898	0.0999057007364636	0.10102698817647852	0.10136539474621276	0.10197149606513972	0.10244880085379472	0.10257759738406672	0.10272659729163625	0.10289327515434118	0.10310793603812782	0.10361302047056696	0.10375696953381212	0.10400446090570731	0.10408274899273537	0.10416356250192563	0.1042393251667915	0.1043605454305769	0.10443883351760497	0.10455752835922817	0.10464086729058063	0.10476461297652823	0.10481007057544775	0.10491361288409777	0.10500452808193682	0.10504240941436975	0.10504998568085634	0.10505756194734293	0.10511059581274904	0.1051888838997771	0.10529747705275153	0.10544900238248327	0.10550708709221376	0.10556012095761988	0.1056081039787016	0.10571669713167603	0.10597681561438219	0.10612581552195173	0.106206629031142	0.10628239169600787	0.10631017133979201	0.10634552725006276	0.10638593400465789	0.10646422209168596	0.10653745933438963	0.10662837453222868	0.10673444226304091	0.10679000155060922	0.1068506116825019	0.10694910314682754	0.10699708616790926	0.10700971327872023	0.10712083185385685
GB23_32_R1_val_1 - polyg	0	0	0.00009596604216343825	0.00018688124000248502	0.00020203377297565948	0.00020203377297565948	0.00021213546162444246	0.0002323388389220084	0.00024244052757079138	0.0002676947491927488	0.0003182031924366637	0.00036871163568057857	0.0004571014113574296	0.0005177115432501274	0.000570745408656238	0.0006641860286574805	0.0009394570443368165	0.0012551348146112844	0.0013889821892076588	0.0015657617405613609	0.0016314227167784504	0.0016869820043467565	0.0017450667140772587	0.0018056768459699564	0.001838507334078501	0.0021895410146237095	0.0026693712254409006	0.0026794729140896837	0.002687049180576271	0.002707252557873837	0.0027476593124689686	0.0027830152227397093	0.002863828731929973	0.0029825235735531728	0.0031163709481495474	0.0032022353016642026	0.0032628454335569008	0.0033941673859910794	0.003901777240592424	0.006725199217927265	0.007803554481184847	0.008679875971466772	0.009649638081749935	0.010975484716902701	0.012937737736928794	0.015768735980750223	0.018549225781327734	0.020923122613791735	0.023107612784091052	0.02643106834954065	0.029643405339853636	0.03300474223773617	0.03771212914806904	0.043924667667070566	0.05000335881147572	0.05898628544240598	0.06729492435602998	0.07554547855992347	0.08354601596975958	0.09236731558230932	0.10432518952030617	0.12108389098863712	0.13772642303750707	0.15333353199987676	0.17084986011686643	0.18473715658678083	0.1974627588620852	0.23476324419771633	0.3998955485393716	0.5367961585298406	0.5627524475128884	0.6485662925842999	0.8197722372260359	0.8695508334650762
GB23_32_R2_val_2 - polyg	0.17690582246181183	0.18894703533116114	0.19074513591064451	0.19108859332470313	0.19171994886525207	0.1929927616349987	0.19535150593448955	0.1959677089420653	0.1972102166458656	0.19894265624913188	0.19984423196103576	0.20046548581293594	0.20084682455942748	0.2013620106805154	0.20146050214484107	0.2015413156540313	0.20161960374105936	0.20194033235565823	0.2020059933318753	0.20209438310755218	0.20215751866160708	0.20219792541620218	0.2022509592816083	0.202311569413501	0.20233934905728518	0.20238733207836687	0.2024858235426925	0.20256916247404497	0.20258936585134255	0.20262977260593767	0.20270300984864137	0.2027408911810743	0.20279392504648042	0.20289494193296823	0.2032611281464866	0.20521075405570172	0.205511279293003	0.20590777057246773	0.20659468540058498	0.20773617621789747	0.20947114124332594	0.21243346143958156	0.21456744316663695	0.2179818139299256	0.22535099579921278	0.235778463906919	0.2504284378698165	0.26505315761109205	0.2846605352783798	0.3070660807013804	0.3269209497405634	0.3490335461927493	0.3703455838195192	0.3836217281261822	0.393837060772264	0.4101866438503192	0.42643521004188667	0.4490074333275922	0.4659075584370061	0.4803403460939548	0.4985385381947373	0.5131708342024994	0.5342379058795363	0.5721874247108518	0.5962597487609016	0.6072529114329397	0.6297594737424281	0.6570643381600885	0.6692166696045745	0.6798815273955271	0.687414861705357	0.6904680970994517	0.6925010619400191	0.6939506542611196
GB23_33_R1_val_1 - polyg	0	0	0.00007240679329053099	0.0001490728097157991	0.00016610970225474755	0.00017036892538948466	0.00018740581792843313	0.00018740581792843313	0.00018740581792843313	0.00019166504106317024	0.0001937946526305388	0.00019592426419790736	0.0001980538757652759	0.00020657232203475013	0.00021296115673685582	0.0002512941649494899	0.00035564513175054925	0.0004642553216863457	0.0005217548340052968	0.0005899024041610907	0.0006537907511821473	0.0006665684205863587	0.0006793460899905701	0.00069425337096215	0.0007347159907421526	0.000858233461649529	0.0010243431639042765	0.0010349912217411193	0.0010435096680105936	0.0010626761721169106	0.0010861018993579647	0.0011201756844358617	0.0011521198579463902	0.0011925824777263925	0.001316099948633769	0.0013948955766264056	0.0014673023699169367	0.001548227609476942	0.0017526703199443234	0.0033328421029317937	0.004116539159723423	0.004766070687770833	0.005539119686725619	0.006684850709969905	0.008454557922453176	0.011174071893982826	0.014023492171121955	0.01628088043253263	0.018348733264447498	0.02087019336021187	0.02338313500970677	0.026228296063711163	0.029927431356230348	0.03428887584620116	0.03856939509661196	0.04426823565089022	0.050452627642528516	0.056404891973323636	0.0618460495279503	0.06759387114827803	0.07666175720213336	0.09170320370245749	0.10604613760868473	0.11781650074153074	0.13037907937743787	0.14060334451237433	0.1497415077479528	0.17110790060336156	0.2848738801437573	0.4371347183759071	0.47096359812355665	0.4971535611790552	0.5264272017841034	0.5458471296669373
GB23_33_R2_val_2 - polyg	0.12488468153362699	0.13428904621512655	0.13600125391529086	0.1363377325429351	0.1370405043601667	0.13780290530128467	0.13942992853875424	0.13991122075297954	0.14108250711503226	0.14287564005475656	0.14372535507013662	0.14432590553213456	0.14455590358141035	0.1448646972586788	0.14497117783704722	0.1450499734650399	0.14512450986989778	0.14521608316729462	0.14527784190274828	0.14534385986133674	0.14538858170425148	0.14543117393559885	0.1454482108281378	0.14547163655537884	0.14548441422478306	0.14549293267105254	0.14552700645613043	0.14556320985277568	0.1455759875221799	0.14559515402628623	0.14563987586920096	0.1456782088774136	0.14571441227405885	0.14580172634832098	0.14607005740580942	0.14812513256832005	0.14839133401424115	0.14874484953442432	0.149430584459117	0.15052520480474443	0.15214157998437716	0.1552422944264658	0.15742088705988383	0.16020215976686716	0.16648451389060442	0.1762913751583366	0.18950561493385853	0.20179986251227722	0.21780176382948457	0.23425514279897403	0.24850437379623705	0.26320934166891696	0.278544674565538	0.2873293222809332	0.29480638849396423	0.30752655838585663	0.32171828987080076	0.3417771012238452	0.35664604918721243	0.3692427016081975	0.38504441943807216	0.39655496995969924	0.41364297317626453	0.44124273908936107	0.4571019564315547	0.46546281144504364	0.48738290330796824	0.5116498271181329	0.5209860442294767	0.5290061613921867	0.535133053871506	0.5377013654217526	0.539490239138342	0.5405891187071042
GB23_36_R1_val_1 - polya	0.0863144740394121	0.08854849572043218	0.09270121066338098	0.09634084885662182	0.09844125680073879	0.1013112798694177	0.10406372284962186	0.1064206691685928	0.10869210269594574	0.11081388883796721	0.12510521413712436	0.12881165919881676	0.1306074278227946	0.13547364012080604	0.14098654290542856	0.14305221127795073	0.14428412993219744	0.14497624908935558	0.14583672155501165	0.1464834120416227	0.14694037102183136	0.1476030951568708	0.148340642984576	0.14981039409051028	0.15188140701250855	0.1525280974991196	0.15338856996477568	0.15377070525231856	0.1540593109240293	0.15460178269585595	0.15516296039084904	0.15584973499853105	0.15702820815801652	0.15730879700551306	0.15751723443508192	0.15777644508467398	0.1578459242278636	0.15798221023950476	0.15836701780178575	0.1586743293966629	0.15896026279363556	0.15923550709165596	0.15940386040015392	0.1595321295875809	0.15964703740131758	0.15996771036988505	0.16013873595312103	0.16021088737104872	0.16029372788792864	0.16048880394380718	0.160651812702829	0.1607720650660418	0.16093240155032554	0.1610473093640622	0.16125841906836913	0.16144280602529543	0.16161115933379336	0.16185968088443314	0.16215897565509613	0.16223647162249993	0.1623193121393799	0.16244223677733072	0.16256248914054353	0.1626560187563757	0.16276825429537434	0.1628991957575394	0.16297669172494317	0.1630889272639418	0.16324391919874942	0.16338554975986672	0.16348976847465113	0.163569936716793	0.16366881088210133	0.1637543236737193
GB23_36_R1_val_1 - polyg	0	0	0.0001336137369031147	0.00015499193480761307	0.00016033648428373764	0.000181714682188236	0.00018705923166436057	0.00019240378114048518	0.0002191265285211081	0.00025921064959204254	0.0002698997485442917	0.00028058884749654085	0.0002832611222346032	0.0002859333969726655	0.0002886056717107278	0.0003393788917339113	0.0004943708265415244	0.0005745390686833932	0.0006253122887065768	0.0006894468824200719	0.0007295310034910063	0.0007322032782290685	0.0007615983003477538	0.0007856487729903145	0.0008551279161799341	0.0013468264679833961	0.0018705923166436058	0.0018705923166436058	0.0018839536903339173	0.0019240378114048517	0.0020122228777609075	0.0021244584167595237	0.00223669395575814	0.00236496314318513	0.002573400572753989	0.0026749470128003567	0.00279519937601316	0.002968897233987209	0.0035380917531944774	0.00641880392082563	0.008118370654233249	0.009756475068665435	0.011680512880070288	0.014398216288679641	0.018676528144317375	0.02453148209541186	0.029934821615773818	0.03459794103369252	0.038550235371286656	0.04384935617686418	0.04884383766230261	0.054028050654143456	0.061024065918390547	0.0687442676366525	0.07590863620939753	0.08530969873790067	0.09409346580191144	0.10296007338280214	0.11103568764122637	0.11903647820698489	0.12964006436761608	0.14702588381344936	0.16511718379013107	0.179828056223164	0.19535130017656788	0.20826640398562296	0.21938573917070014	0.2450288875571459	0.35073873164541414	0.4599091715194731	0.485087344101496	0.5138757598546411	0.5445133897265253	0.5672624645716495
GB23_36_R2_val_2 - polyg	0.14522209836525732	0.15753594035824836	0.16007460135940754	0.16057698901016326	0.16135729323367745	0.16238344673309335	0.16423266085183247	0.16490607408582417	0.16587343754100273	0.16753826470281552	0.16839339261899547	0.1690213771824401	0.16925920963412766	0.16960393307533767	0.16973220226276467	0.1698150427796446	0.16989521102178648	0.17002615248395153	0.17007425342923665	0.17015709394611656	0.17021053944087783	0.17026398493563905	0.17030139678197193	0.17033346407882868	0.1703548422767332	0.17039492639780413	0.1704456996178273	0.17051250648627886	0.17052854013470722	0.17057129653051623	0.17064612022318199	0.17074499438849028	0.17085455765275082	0.17104428915915326	0.17163218960152696	0.17449954039546778	0.17500727259569965	0.17581429956659445	0.17708363006717404	0.17958487922200034	0.18334209750371594	0.18972081730347062	0.19430109620450942	0.20037784895886307	0.21183656303567416	0.22747204252807665	0.24781072555946876	0.26757754179691556	0.2934531780855728	0.3200342949050784	0.3425508818479913	0.36244062272338895	0.3843131914544288	0.3977173215405493	0.4076180994450701	0.4238601853030127	0.4421545781597872	0.46782444929361355	0.48634331322838525	0.50095531149611	0.5209946997568391	0.5349573352632144	0.551279589363299	0.5796377688836161	0.5972453871327086	0.607386669763655	0.631453176054644	0.658865370317687	0.6709413798589905	0.6822157069788752	0.6896392862012124	0.6925333597425338	0.6946471290603411	0.6960313673746573
GB23_40_R1_val_1 - polya	0.04459044480628543	0.04602483764821068	0.04832909743635299	0.050448732403257396	0.051854721426530664	0.05323230663115195	0.05438976224122035	0.05601233038171501	0.05745027370097177	0.05853671976441021	0.08765595959869238	0.0900578575134509	0.09127212076082328	0.09427759982193645	0.09741444654431508	0.0984494106864468	0.09915950615274643	0.09953940722721674	0.09992818449501578	0.10023352554552463	0.100464306572072	0.10083355621454781	0.10125428777833036	0.10198923658595047	0.10292478736280024	0.10316621982134211	0.10344138181453322	0.1035993780557849	0.10371121809172708	0.10392957244761422	0.10407869249553714	0.10441776308069521	0.10501956898838416	0.10515271188831533	0.10526100144692602	0.10534621290288199	0.10541367197218045	0.1055095348601309	0.1055965215547526	0.1056977101587003	0.10596222071989692	0.10617169888245531	0.10631904369171248	0.10643620944365192	0.10656402662758585	0.10664746284487606	0.10670427048218004	0.106761078119484	0.10681966099545372	0.10684984005277146	0.1068764686327577	0.10701316201002037	0.10713387823929131	0.10724571827523349	0.10739128784582493	0.10745697167645764	0.10749957740443562	0.1076362707816983	0.10772503271498575	0.10775698701096924	0.10780136797761296	0.10789723086556341	0.10794338707087289	0.10798066708285362	0.10801794709483435	0.10812978713077653	0.10821677382539825	0.10825760431471047	0.1083374900546692	0.10846885771593462	0.10858247299054255	0.10861265204786029	0.10864460634384378	0.10867656063982725
GB23_40_R1_val_1 - polyg	0	0	0.00008876193328745406	0.0001420190932599265	0.00021657911722138793	0.00023433150387887873	0.0002378819812103769	0.00025208389053636953	0.0002591848451993659	0.0002733867545253585	0.00028048770918835485	0.0003017905731773438	0.0003230934371663328	0.00033729534649232543	0.0003426210624895727	0.000371024881141558	0.0004651125304262593	0.000610682101017684	0.0007100954662996326	0.000807733592915832	0.0008805183782115444	0.0008929450488717879	0.0009142479128607769	0.0009337755381840167	0.0009479774475100094	0.0010172117554742236	0.0011698822807286445	0.0011840841900546371	0.0011947356220491318	0.0012107127700408736	0.0012373413500271096	0.0012834975553365857	0.001311901373988571	0.0014059890232732725	0.0016882519711273764	0.001768137711086085	0.00183559678038455	0.0019048310883487641	0.0021728921268768754	0.0036818449927635945	0.0046742034069173315	0.005934622859599179	0.00784477966394519	0.010694037722472467	0.015526237370641464	0.022426590064408145	0.02906420743564396	0.034697039722065795	0.040116843368597735	0.04726927995290078	0.05346486289636508	0.05976518492110857	0.06895382025502582	0.07926795690302799	0.08776069867997158	0.0996139672511782	0.11179565497554839	0.122219856420827	0.13251446544350592	0.14399848437223672	0.15917499972572563	0.18232056144976216	0.20558328892573813	0.22330372128724543	0.24278341516651009	0.2573616750896416	0.27146417105035225	0.3062428717510425	0.42292930925072963	0.5227634060964608	0.5490724431228622	0.5825498938815583	0.6137497134320984	0.6332915406646642
GB23_40_R2_val_2 - polyg	0.14200134087326902	0.15144916105238562	0.15329895974209617	0.153646906520583	0.15447061726149056	0.155521558551614	0.15695240091620777	0.15755953253989397	0.15820926989155812	0.15937382645628953	0.16003421523994818	0.16050997920236892	0.16080999453688052	0.16101592222210742	0.1611455146447071	0.16122540038466582	0.16130528612462453	0.16142245187656395	0.16150943857118566	0.16156624620848964	0.16158932431114437	0.16162305384579362	0.1616585586191086	0.1617011643470866	0.16174909579106178	0.16176152246172204	0.16188401392965873	0.16197810157894343	0.16199762920426666	0.16204378540957615	0.16211301971754036	0.1621769283095073	0.1622585892881318	0.16234202550542198	0.16265979322659108	0.1640711079658616	0.16444745856300041	0.1651131730626563	0.16641442300465037	0.16909680862859722	0.1732650690157761	0.1808329114478644	0.1863663303690043	0.19329863735875447	0.2050223135073614	0.21891355606684795	0.237187862892069	0.2557249050398209	0.28298369475239804	0.3118455249801466	0.33285902506661846	0.3536381936492115	0.37698613258114344	0.39170641159753483	0.4033732801088378	0.42413114582744177	0.4479903534951094	0.4812885051485649	0.5051104328042519	0.5249984315766387	0.5516855944388448	0.56901014857789	0.5925373866150626	0.630980179921859	0.6520806667029526	0.664146963914049	0.6921957348328845	0.7197740675052965	0.730503610001084	0.740620695157188	0.7482222671239256	0.7515898948728515	0.7536971031690958	0.7549912521564268
GB23_42_R1_val_1 - illumina_universal_adapter	0	0	0	0	0	0	0	0	0	0	0.000004510074649853589	0.000004510074649853589	0.000004510074649853589	0.000004510074649853589	0.000004510074649853589	0.00001804029859941436	0.00004059067184868231	0.00007892630637243782	0.0001240270528709737	0.00018265802331907037	0.00023903395644224023	0.0003472757480387264	0.0004352222037108714	0.0005254236967079432	0.0006201352643548685	0.0007058266827020868	0.00082308862359828	0.0009944714602927165	0.0011523240730375922	0.0013169417977572481	0.00152666026897544	0.0017048082176446568	0.001955117360711531	0.002234741989002454	0.002636138632839423	0.0030488104633010263	0.003571979122684043	0.004203389573663546	0.004929511592289973	0.006187822419599125	0.007637811419527053	0.009022404337032105	0.010627990912379984	0.012844692602783023	0.01625881911272219	0.020827524733023878	0.026429037448142033	0.03321444475884676	0.04087255151429815	0.0498227946569326	0.05628798666749772	0.06278925927526167	0.07034588935109136	0.08041237596956458	0.09225132192543026	0.10605666042863209	0.12148788084310613	0.13932522608327708	0.15437309015251358	0.17085290292307861	0.1878536293157017	0.2022948883445329	0.21391284064255572	0.22266689553792157	0.23124054744729325	0.2390474866661898	0.24795939417430046	0.25615194477575953	0.2633432588049511	0.2717635681762277	0.2804860525490446	0.28666936489399386	0.2938133231393619	0.30105875806435173
GB23_42_R1_val_1 - polya	0.06941906901054645	0.07164253581292426	0.0741862179154417	0.07719894778154389	0.07885865525269001	0.08077994705352765	0.08259750713741863	0.0846901817749507	0.08686403775618014	0.08802538197851742	0.09306088032507898	0.09606007996723159	0.09743114266078709	0.09986883800903296	0.10271469511309057	0.10448264437583318	0.1054275050149775	0.10585821714403852	0.10651217796826729	0.10694063506000338	0.10728791080804212	0.10767803226525445	0.10820120092463748	0.10956098843156832	0.1115273809789045	0.11249253695397315	0.11387938490880314	0.11496856793674277	0.11541055525242842	0.11571273025396862	0.11616148268162904	0.1165606242881411	0.11723037037364435	0.11743557877021268	0.11781668007812532	0.11798580787749482	0.11813013026629013	0.11828572784171008	0.11848642616362857	0.11873673530669546	0.11901410489766144	0.11918999780900574	0.11950570303449548	0.11976277728953715	0.1199364151635565	0.1202476103143964	0.12074146348855537	0.12086549054142634	0.12099177263162224	0.1211473702070422	0.1212646321479384	0.12151268625368034	0.12172691479954838	0.12187574726299355	0.12199751927853959	0.12211478121943578	0.12226586872020588	0.12253647319919711	0.12297169540290798	0.12310699764240357	0.1231678836501766	0.12327612544177308	0.12351064932356548	0.12368654223490977	0.12377223365325699	0.1239661668632007	0.12404058309492327	0.12413303962524527	0.12419167059569336	0.12432246276053913	0.12440589914156142	0.12449384559723356	0.12451414093315791	0.12460885250080482
GB23_42_R1_val_1 - polyg	0	0	0.00007216119439765742	0.00013530223949560769	0.0001713828366944364	0.00018491306064399716	0.00019393320994370435	0.00019844328459355795	0.0002074634338932651	0.00023226884446745987	0.00026383936701643496	0.00027962462829092256	0.0002863897402657029	0.0002954098895654101	0.0003066850761900441	0.0003833563452375551	0.0007283770559513548	0.0011816395582616404	0.0014995998210763184	0.00164617724719656	0.0017296136282188516	0.001813050009241143	0.0018784460916640199	0.0019596274353613843	0.002020513443134408	0.0021806210932042106	0.002428675198946158	0.0024557356468452793	0.0024670108334699133	0.0024760309827696206	0.0024918162440441083	0.002523386766593083	0.0025324069158927905	0.0026113332222652283	0.002848112141382542	0.002875172589281663	0.0029292934850799063	0.003030770164701612	0.003459227256437703	0.005175310660706993	0.005872117194109373	0.00633890992036922	0.0070898373495698426	0.008084308809862559	0.009872553408529508	0.012353094465948983	0.014684803059923288	0.016942095422175008	0.019402341143670142	0.022609004219716046	0.025711935578815313	0.028878007983012533	0.03415479532334123	0.04099883360449405	0.047497851174933076	0.05580991875461325	0.06434297999213623	0.07245209421257298	0.08105280656984379	0.09005717060827648	0.10146540443508112	0.11912234668925792	0.13686949043643182	0.15243150301575162	0.16947733015487326	0.1837720117575842	0.20186192117814694	0.26182336364795045	0.43677817946507086	0.5628122155552294	0.593875354706096	0.6330949638612229	0.679359309619421	0.7074931552852077
GB23_42_R2_val_2 - illumina_universal_adapter	0	0	0	0	0	0	0	0	0	0	0.000004510074649853589	0.000004510074649853589	0.000004510074649853589	0.000004510074649853589	0.000018040298599414356	0.00004059067184868231	0.00006539608242287704	0.00010824179159648615	0.0001668727620445828	0.00023226884446745985	0.0003044300388651173	0.0004149268677865302	0.0005209136220580895	0.0006246453390047221	0.0007441623172258422	0.0008411289221976944	0.0009809412363431557	0.0011658542969871528	0.0013372371336815893	0.0015086199703760257	0.0017093182922945105	0.0019212918008376292	0.002209936578428259	0.002593292923665814	0.0030330252020265387	0.0035561938614095557	0.004273295730736275	0.004963337152163875	0.005838291634235472	0.007171018693267207	0.008602967394595722	0.010012365722674967	0.011638247633947187	0.013854949324350226	0.017291626207538664	0.021898667462364102	0.027513710401431822	0.03427431230156235	0.04186476793726594	0.05083981649047459	0.05726667286651595	0.06381981133275322	0.07148919327482925	0.08159852560247607	0.09354345831261329	0.10736683711441455	0.1228138427901631	0.140714329075432	0.15576895825664328	0.1721901400567602	0.18919086644938332	0.20366595103808838	0.21522527236566313	0.22406501867937617	0.23279652320149272	0.24068238872676173	0.24967096750391993	0.25794695448640126	0.2653209265389119	0.2740253706131293	0.28282227121766873	0.2890732346823658	0.2962239580397087	0.3019314575090984
GB23_42_R2_val_2 - polyg	0.16118104783646758	0.18172443786655068	0.18450715392551034	0.18507993340604176	0.18611274050085821	0.18756498453811107	0.1900996464913288	0.19092048007760215	0.19246292560785208	0.1941406733775976	0.1950810239420921	0.1956966491317971	0.1961093209622587	0.19673622133858837	0.1968489732048347	0.19694593980980657	0.19711506760917608	0.1977261827242312	0.19780961910525352	0.19795845156869868	0.1980441429870459	0.19809826388284413	0.19814110959201775	0.19820199559979076	0.19825160642093917	0.19826964671953856	0.19838465362310984	0.1984996605266811	0.1985312310492301	0.1986011372063028	0.1986597681767509	0.1986913386992999	0.1987432045577732	0.19881311071484592	0.19900253385013977	0.1999947502731076	0.20016162303515217	0.2003848717303199	0.20083587919530527	0.20184388087954755	0.20324425905832708	0.20577215589957001	0.20775433370818067	0.2104761637593673	0.21636181117742626	0.22590512913651645	0.2384679420736836	0.25191923971687197	0.26841709278603637	0.2888342007259236	0.3074698291791186	0.3244164346759435	0.34243869297675844	0.3544377465826939	0.36272500875179986	0.3764559310232791	0.3909265055373343	0.41268536068555295	0.4289577100222247	0.44181818788628224	0.46087099824458877	0.4774838582173244	0.5021539665520236	0.5489843266787783	0.5762229225265691	0.5874417332180799	0.6088893932154587	0.6409560239759176	0.6557693641633617	0.6662304823136971	0.6739472200395966	0.6774199775199838	0.6803041702585653	0.6822976232538006
GB23_47_R1_val_1 - polyg	0	0	0.0001072294525850662	0.00015012123361909268	0.0001973021927565218	0.0002144589051701324	0.00021874808327353504	0.00022303726137693768	0.00023590479568714564	0.00024662774094565224	0.0002509169190490549	0.0002594952752558602	0.0002766519876694708	0.0002787965767211721	0.0002830857548245748	0.00037959226215113434	0.0007248710994750475	0.0011602226769704162	0.0015269474048113427	0.0017800089129120988	0.0019258409684277888	0.002086685147305388	0.002157456586011532	0.002271119805751702	0.002341891244457846	0.0025542055605762767	0.0028501588497110595	0.0028823276854865795	0.0028909060416933844	0.0029037735760035926	0.002920930288417203	0.0029423761789342164	0.002972400425658035	0.0030710515220362957	0.00333698056444726	0.003427053304618716	0.003474234263756145	0.0035235598119452752	0.0037444524842705114	0.005294990368650569	0.0058976198921786415	0.006298658044846788	0.006796202704841495	0.0075811222977641805	0.008764935454303312	0.010607137449714747	0.012445050267022783	0.014113540549246413	0.01580991048914216	0.01824187447377146	0.020418632361248308	0.02282271668820549	0.025940949169379213	0.03021297056036825	0.034690872500320616	0.040972373832753796	0.04721741715130805	0.053387399853052755	0.05938152625255796	0.06549146046085502	0.07375670666611193	0.08605163569951563	0.09907358042144607	0.11163443849726072	0.125655761717284	0.13772550890025903	0.14956364046565032	0.18521528886113314	0.34285974087359405	0.48439618451872635	0.508840210530018	0.5346717856577605	0.5667955850631946	0.5880699084560718
GB23_47_R2_val_2 - polyg	0.17437653579383464	0.18813192997144695	0.190156422036253	0.1906496775181443	0.19141744039865338	0.19269132629536395	0.19477586685361764	0.19558652151516073	0.19675317795928626	0.19871976611969638	0.19966552989149666	0.20032391873036898	0.20065418544433097	0.2011989110634631	0.2013490322970822	0.20147556305113257	0.20163640723001017	0.20194522805345516	0.20202886702647152	0.2021489640133668	0.20220472332871103	0.20223260298638315	0.20227549476741719	0.2023291094937097	0.20237629045284714	0.20242347141198458	0.20258217100181047	0.20271942470111934	0.20274087059163637	0.2027816177836187	0.2028395216880146	0.20289099182525544	0.20297034162016842	0.20307757107275348	0.20327916244361338	0.2047782301907526	0.20493264060247512	0.20514709950764526	0.20546664327634873	0.20613361047142786	0.2071501456819343	0.2091017217189825	0.21062652453474212	0.21293839153247618	0.21869875772534592	0.2272899814664614	0.23928037885452352	0.2505780739788861	0.2640160689768466	0.28052511549684334	0.29574097481866424	0.31106620818212194	0.3270069386034179	0.3368892049536576	0.3438355288921182	0.35528334525009986	0.3661113753721398	0.38289921846885777	0.3954236185307935	0.4057433810475803	0.41979472851432736	0.43191594583454324	0.4499412168140928	0.4848787170553591	0.5052844818822972	0.5129342310297158	0.5306528257748722	0.5543719806866889	0.5649147804648526	0.5737419090016551	0.5800748804713292	0.5829529189787124	0.5848809045361918	0.5860475609803174
GB23_49_R1_val_1 - polyg	0	0	0.00013360177915379797	0.00019337099614365495	0.00022149768649182297	0.00022852935907886494	0.00023556103166590695	0.00024259270425294895	0.00025665604942703296	0.00026368772201407496	0.00027071939460111697	0.00027599314904139846	0.00028126690348167995	0.00028829857606872195	0.00031466734827012945	0.00043596370039660393	0.0007840314934551829	0.0012551535567869969	0.0016542009761016303	0.0019214045344092261	0.002030395459508377	0.0020673117405903474	0.002118291366846402	0.002178060583836259	0.002223766455652032	0.0022817777544951283	0.0024593274873179393	0.002494485850253149	0.0025050333591337117	0.0025067912772804724	0.0025243704587480775	0.0025560129853897666	0.002571834248710611	0.0026034767753523	0.0028126690348167995	0.002895291187714543	0.0029550604047044	0.003115030956059605	0.0037601869159207086	0.0068172065731372175	0.007898326233394926	0.008701694826464473	0.009844341621858797	0.011401857099888602	0.014135419818101177	0.018006355577267798	0.021543286888549923	0.024603822382059954	0.027488566060893935	0.03119953126870535	0.03447629069426692	0.03788840981712905	0.04306020500489844	0.04933421487068666	0.055297073224498276	0.06406029518609938	0.07275847417627032	0.08046694524981511	0.08879771934731312	0.10027340900936565	0.11461626316878458	0.13510831500557172	0.15892107422158946	0.17477398006907563	0.19356260922165186	0.20929246079886482	0.22193540811036633	0.25435493457292346	0.37870830635661445	0.4561094423584793	0.4796831247065375	0.5231775354936858	0.5627640942405855	0.5818533273962577
GB23_49_R2_val_2 - polyg	0.1692699383515685	0.1814909853078475	0.18310475416657365	0.18342117943299052	0.18399074491254094	0.18457437373726543	0.18588226483845524	0.18629010184850367	0.18705303832419773	0.18815173716592304	0.18885314650648047	0.18941040655900354	0.1897567164339154	0.19001688831963592	0.1901592796895235	0.19025420726944858	0.19035089276752043	0.19056535878142522	0.19060754881694747	0.1906725917883776	0.19069368680613874	0.19071302390575307	0.19072884516907393	0.1907657614501559	0.1908097094038249	0.19083432025787955	0.19095034285556575	0.19105054418993112	0.19106812337139872	0.19110679757062743	0.19117887221464464	0.19123512559534095	0.19127907354900997	0.1913757590470818	0.19169042639535191	0.1943694936510149	0.1946683397359642	0.19503574462863715	0.1957775860865701	0.19725072149355538	0.19953601508434404	0.203382339989456	0.2062442307323821	0.2101995465625932	0.21735075758361494	0.22623351797919572	0.23783226191152151	0.25018515272880754	0.268428827255888	0.2892970735760819	0.30624340451085313	0.323595814537526	0.34277470151868306	0.355825485840233	0.367158784132398	0.38630778650506004	0.4025650135263012	0.4339174836737747	0.4561639378210288	0.4716599862847226	0.49447600591152713	0.5086079098933348	0.5219540244635406	0.5462502111699175	0.5623791101664449	0.5739444536539823	0.6076859345629033	0.6456587244510769	0.6591894204266924	0.6699390898941329	0.6782364635468425	0.6812583248411237	0.6831779714573862	0.6843012811531661
GB23_50_R1_val_1 - polyg	0	0	0.00008380578235849658	0.00013117426803938595	0.00015668037571371098	0.00016396783504923242	0.00016396783504923242	0.0001748990240525146	0.00018218648338803604	0.0002623485360787719	0.0003188263459290631	0.0003771260206132346	0.0003898790744503971	0.00040081026345367926	0.00043542569529740616	0.0010639690629861305	0.0030807734340916894	0.0066880658051748035	0.009521065621858765	0.010934832732949923	0.011665400531335947	0.011971473823427848	0.012284834574855269	0.01274394451299312	0.01293706218538444	0.013250422936811862	0.0137477920364612	0.01390447241217491	0.01394455343852028	0.01395001903302192	0.013979168870364005	0.014011962437373852	0.014044756004383697	0.01409941194940011	0.014246983000944418	0.014281598432788145	0.01431621386463187	0.014370869809648284	0.014644149534730337	0.016096175807332982	0.017110954519804343	0.018211360879468085	0.019889298391471893	0.02200448346360699	0.025746593832397253	0.031363403115250404	0.036491952622623614	0.04057839544501726	0.044566457566381376	0.049715047586927276	0.054521127018703666	0.05957680193272166	0.06656183170581897	0.07469828005392866	0.08208958568498129	0.0920132834351276	0.10165459213602246	0.11000784239936393	0.11905886689408154	0.13210159723983106	0.14739797438509056	0.1701785722679306	0.20139076060196892	0.231998089811159	0.2636238414624882	0.28885666941173116	0.308944551070096	0.36491041690206677	0.5483703838089852	0.6481539207606125	0.6794681335253482	0.7330254940469292	0.792780838733371	0.8182851245428622
GB23_50_R2_val_2 - polyg	0.15198725190163517	0.16312248976631194	0.16440872633903147	0.16474759319813323	0.16526500281095524	0.16601561112251395	0.16753504639397018	0.16812533060014742	0.16894152604572582	0.17008930089107044	0.17077432206860946	0.17128626608692984	0.17164335159437039	0.1721625830720263	0.17231379785323836	0.17241035668943402	0.17255246214647668	0.174314205440839	0.17438708003419423	0.17448546073522375	0.17455286973407735	0.17459659449009046	0.17461299127359536	0.17467311281311343	0.17472776875812984	0.1747878902976479	0.17498100797003924	0.17513404461608517	0.175166838183095	0.1752160285336098	0.17529254685663276	0.17537635263899126	0.1754437616378448	0.17554032047404047	0.17591562462981983	0.1774314161716083	0.17776481743620842	0.17847716658625562	0.1796868848359522	0.18176745447624354	0.1850923577980752	0.19113183972238862	0.1953622098666588	0.20029581983680683	0.2077290283590387	0.21634462715845892	0.22790982512393143	0.23940397036088262	0.2556367860307567	0.27680503353561253	0.2952368400599802	0.3117720852922783	0.32884478065057116	0.3398142288153648	0.3494227439492499	0.3692974674220507	0.3858144940060101	0.4164946978085553	0.4384463471919798	0.4544441422982832	0.476117046362124	0.49155735082926005	0.506937533756878	0.5489898178525046	0.5744704194191552	0.5872489793639921	0.6186943663967671	0.6657239852185548	0.6856879800682157	0.6995050029683644	0.7095525875272146	0.7125349802602767	0.714449760200685	0.7158361993392679
GB23_52_R1_val_1 - polyg	0	0	0.00007125083007217034	0.0001500017475203586	0.00017625205333642136	0.00018000209702443034	0.00018750218440044826	0.0001950022717764662	0.00021000244652850207	0.0002381277741885693	0.00025687799262861415	0.00026812812369264106	0.0002700031455366455	0.00027750323291266346	0.00028500332028868135	0.0004087547619929772	0.0007875091744818828	0.0012112641112268958	0.0015056425407355997	0.0017006448125120657	0.001826271276060366	0.0018637717129404555	0.0019143973027285768	0.0019725229798927156	0.002008148394928801	0.0021487750332291372	0.0023494023705376166	0.002370027610821666	0.0023794027200416887	0.0023906528511057155	0.0024056530258577515	0.0024300283098298093	0.0024450284845818453	0.0024769038559299215	0.0025819050791941727	0.0026344056908262983	0.0026812812369264106	0.0027525320669985805	0.002949409360619051	0.00413254814418588	0.004541302906178857	0.00482255618277953	0.005171310245764363	0.0056700660562695555	0.006403199597275308	0.007651964145382294	0.008872603365829212	0.009860739877619575	0.010807625908841838	0.012202642160781173	0.013680159373856707	0.015264552832040493	0.01755020445988196	0.020531489191849085	0.023797777244104895	0.029267215963065966	0.03485103101451132	0.040159217854888005	0.04565678190150915	0.053582499236116105	0.06423262331006156	0.07777403106746195	0.09122356275450609	0.10303432534989032	0.11693386227949557	0.12951150880907764	0.14101851786573313	0.17289201419196532	0.3007028781885309	0.4017703056240605	0.42637059221739937	0.46718044265215686	0.5164897671057868	0.5410038026943014
GB23_52_R2_val_2 - polyg	0.20463613401096123	0.22378385708193502	0.22639388748878925	0.22689639334298245	0.22778140365335256	0.22894766724032334	0.23102894148716832	0.23185770114221832	0.233402719141678	0.23553649400015508	0.23668025732499784	0.23742839104075564	0.23788214632700472	0.23846527812049012	0.23864153017382653	0.23876528161553082	0.2389659089528393	0.23931653803766814	0.2393952889551163	0.23955841585554472	0.239676542231717	0.2397177927122851	0.23977404336760522	0.23983779411030137	0.23987529454718148	0.23990154485299753	0.2399784207486017	0.2400534216223619	0.24006654677526995	0.24010217219030602	0.24014717271456212	0.2401809231077542	0.24024467385045034	0.24030654957130249	0.24045092625329084	0.2414278126340172	0.2415590641630975	0.2417240660853699	0.2419865691435305	0.24245344958268764	0.2431172073154652	0.24447847317421248	0.2454103590306827	0.24681100034815406	0.25015416429601406	0.2552279734058902	0.26200805239381036	0.2695362650974884	0.28044514218590644	0.293221541030953	0.305343557252442	0.3196143485071601	0.3339770158322345	0.34263961675153515	0.35016407941152516	0.3644479958191513	0.3760712562301351	0.39304582898390766	0.4054678487004374	0.416189223604455	0.4322131602833173	0.4441476743204058	0.4561984397118226	0.48202686561298436	0.4983751810708595	0.5078890419073383	0.5374768866057289	0.5792392481372408	0.594391299658641	0.6052908016378391	0.6136571491057871	0.6167734354105225	0.6189503357714117	0.6203509770888831
GB23_56_R1_val_1 - polyg	0	0	0.00007511677191104233	0.000138677117374232	0.00017334639671779	0.00017334639671779	0.00018490282316564266	0.00019068103638956898	0.00019068103638956898	0.00025713048846472185	0.0002686869149125745	0.00028024334136042713	0.00029179976780827977	0.00029468887442024295	0.0003264690471518378	0.0005518193628849647	0.0009880744612914029	0.00144166419936962	0.00166990362171471	0.0018519173382683897	0.0019154776837315792	0.0020021508820904743	0.002149495319300596	0.00237195652842176	0.0025424138185275863	0.0029931144499938406	0.0034842625740275786	0.003527599173207026	0.003542044706266842	0.0035680466657745107	0.0036142723715659212	0.0037385039558803373	0.0038569573269708274	0.00398696712450917	0.004180537267510702	0.004275877785705486	0.004414554903079718	0.004585012193185545	0.004862366427934009	0.007150538864608837	0.008528642718515268	0.009770958561659429	0.011134616882506044	0.012948975834818912	0.015745631035199256	0.019466800351407815	0.023384428917229867	0.02669823420115162	0.029867584154475213	0.033770767187237455	0.037393706878639264	0.04135467204364077	0.046419275934412196	0.05261640961707319	0.058871325431973445	0.06787378163485067	0.07591705444255611	0.08509285704215114	0.09399419451360966	0.10194790501634425	0.11265493412027974	0.1316421427741017	0.15679759404446497	0.18140700416516722	0.20487232806753206	0.22531564645378344	0.23997208429627256	0.2585432615979718	0.3246344644532412	0.42010210333895204	0.45228675099622173	0.48675090377033037	0.5281575797329865	0.5544946756076428
GB23_56_R2_val_2 - polyg	0.14053192381911234	0.1536022421316337	0.15582685422284534	0.1563468934129987	0.15709806113210914	0.1578550070644435	0.15920133074561832	0.15969247886965207	0.1605360980003453	0.16194598202698332	0.16270003885270573	0.16325185821559068	0.16358699458257842	0.1639885804016413	0.1641214793057916	0.16421970893059834	0.164323716768629	0.16467329866867658	0.16472241348107994	0.16482931042572257	0.16490153809102165	0.16494776379681306	0.1649679875430968	0.1650142132488882	0.16504310431500785	0.16506910627451551	0.16516733589932225	0.16524823088445723	0.16526556552412902	0.16527712195057687	0.1653291258695922	0.16539557532166738	0.16546780298696642	0.1655718108249971	0.16602251145646335	0.1694461027916397	0.16988813610327008	0.17059018900997713	0.17166493666962743	0.17351974311450777	0.17594659266855683	0.18018780117491878	0.1833629293414663	0.18741345681143864	0.19517648627778367	0.20560905025358267	0.2202134841770565	0.23396274254338917	0.2517191917805148	0.27559765792839036	0.2948853336698565	0.3134969584641232	0.3321201396848378	0.3446704188072057	0.35391844907209985	0.3705654813702316	0.38592686122603975	0.4161238035342788	0.43625220929982617	0.4479906494642325	0.46537729305502684	0.47740175477401753	0.4873431706257828	0.5086792229551308	0.5230380828165877	0.5323467843203331	0.5609980545911717	0.5950924017189491	0.6084169614133232	0.6187368502312557	0.6262167472496283	0.6289122837185899	0.6305301834212893	0.6315875964412678
GB23_57_R1_val_1 - polyg	0	0	0.00016064934465107966	0.00021176504522187775	0.00022636953109924862	0.00024827625991530496	0.00026288074579267583	0.00027018298873136127	0.0002774852316700467	0.0002811363531393894	0.00028296191387406077	0.00028843859607807483	0.00028843859607807483	0.00028843859607807483	0.0002902641568127462	0.00031947312856748795	0.0003870188757503283	0.0004636924266065254	0.0005111570057079807	0.0006024350424415487	0.0007137942472565017	0.0007338754153378866	0.0007430032190112435	0.0007685610692966425	0.0007776888729699993	0.0008342812557448115	0.000963896067906478	0.0009657216286411493	0.0009730238715798347	0.0009858027967225343	0.0010022328433345767	0.001035092936558661	0.001064301908313403	0.00110081312300683	0.001319880411167393	0.0013636938687995059	0.0014367162981863601	0.0015316454563892709	0.0020081168081384957	0.003939560065420795	0.004680737723697367	0.005253963794384173	0.006006094817068774	0.007223743827094571	0.009264720728457151	0.01203044524148426	0.014491301111821255	0.0163113851642886	0.01800185440459428	0.020333095462769603	0.022856020398085423	0.02592843911453732	0.030726012725253656	0.03574447918486523	0.040377752329461135	0.04725646517770282	0.054602521574020374	0.061023018677859545	0.06783783690038772	0.07811026715438348	0.08966971772632253	0.10527461088629331	0.12200404945882165	0.1350878432442113	0.1487576420254304	0.160264151336064	0.16764306782560565	0.18108467151499086	0.22057337576666705	0.25109310012890285	0.2688174693018271	0.3027455155556943	0.33286909323850644	0.34701353781074007
GB23_57_R2_val_2 - polyg	0.11089916350981577	0.12027159232161853	0.1221154086636366	0.1224914741749789	0.12313407155358322	0.12364887968076055	0.1245945201413203	0.12496693453119327	0.12551460275159468	0.126284989381626	0.12688012218112885	0.1272853966642259	0.12757383526030397	0.12781846039874994	0.12790426175327949	0.12798276086487034	0.12805395773352254	0.12811602679850137	0.1281890492278882	0.12826389721800974	0.12830223399343785	0.12834787301180461	0.1283697797406207	0.1284117676375181	0.12841906988045682	0.12842819768413016	0.1284701855810276	0.12849756899204767	0.1285085223564557	0.1285286035245371	0.12856694029996518	0.12861440487906664	0.12866734614037212	0.1287312407660856	0.12894118025057283	0.13058418491177703	0.13085984458271244	0.13111177196409707	0.13163388233421308	0.1327657299897093	0.13455477950968725	0.13757425696483366	0.13952760695093203	0.14187345249498473	0.14653958573280473	0.15290531601460375	0.16107104918078874	0.17373496399720398	0.19629889467774198	0.21439020155833516	0.228594889634813	0.24438051330751626	0.26217060266688863	0.2733412088023427	0.2837542072329081	0.3022672186432104	0.3186187661436618	0.34527377843059825	0.36503912450488507	0.38108032668044234	0.40314222815894574	0.4147053298523541	0.42270311143094935	0.4339011009774235	0.4426491880179686	0.45211837154870893	0.4815281549842646	0.5085993951187062	0.5172087395434163	0.5250696040669112	0.531203488135407	0.53365886732354	0.5352982208632748	0.5362657680526506
GB23_58_R1_val_1 - polyg	0	0	0.00007274703052683642	0.00013336955596586676	0.0001495355627496082	0.00015357706444554356	0.0001576185661414789	0.0001576185661414789	0.00016570156953334963	0.00017378457292522036	0.0001879298288609941	0.00020207508479676783	0.00020813733734067086	0.00021015808818863855	0.00021622034073254156	0.00028492586956344263	0.0004506274390967923	0.0006648270289813661	0.0007901135815553623	0.0009962301680480653	0.001167993990125318	0.0012104297579326392	0.00124478252234809	0.0012831767884594757	0.0013175295528749264	0.0014569613613846961	0.0016327666851578841	0.0016489326919416256	0.0016570156953334963	0.0016792439546611407	0.0017055137156847206	0.0017600739885798478	0.001808572008931072	0.0018570700292822964	0.002032875353055484	0.002087435625950612	0.0021440166496937067	0.002222825932764446	0.0025057310514799208	0.003988962173888198	0.004520419646903697	0.004928611318193167	0.005435819781033055	0.006173393840541257	0.0075192139052877305	0.009517736493927766	0.011552632597831217	0.012991407201584204	0.014513032590103865	0.016517617431287802	0.018637385070805895	0.020957207044272792	0.024261134680699944	0.027728743135812483	0.031032670772239635	0.03552075840557585	0.040483722488184465	0.045753840699684176	0.05117147372308552	0.05855125581986348	0.06913594876151818	0.08386520169235459	0.10106583291025546	0.11654276365483991	0.13156098395693572	0.14512022214679882	0.15369022649302974	0.16530348161629999	0.20400692260742492	0.2412574437388611	0.2568010592614285	0.28787010354893156	0.3263290336874524	0.34796521301664235
GB23_58_R2_val_2 - polyg	0.13135284661959504	0.14898591851896098	0.1522110368723174	0.15270814158091744	0.15352048342180047	0.15410650116771107	0.15533107618157949	0.1557433093545649	0.1564748211615292	0.15723664423121303	0.15783074498051552	0.15836422320437898	0.15866127357903023	0.15891992968757007	0.1590391539876002	0.15910179726388718	0.15920485555713354	0.15938672313345065	0.1594392626554978	0.15949382292839293	0.15953625869620025	0.15957263221146367	0.1595968812216393	0.15963729623859862	0.15965548299623034	0.15965952449792625	0.15971004326912547	0.1597585412894767	0.15977268654541246	0.15978885255219621	0.15981916381491573	0.15984745432678726	0.1598959523471385	0.15996061637427345	0.16015258770483037	0.16171866961200532	0.1618459769154273	0.16207028025955172	0.16249665868847288	0.16327868926663636	0.1644527455093056	0.1667099242064855	0.1681284913017588	0.17025230044297285	0.17505158370689608	0.18229799624770815	0.19080939881934803	0.2003331975658197	0.21391466401501047	0.2263907797503629	0.23710075924459162	0.24778244822694875	0.25947855413498566	0.26750093500141736	0.2745796252218481	0.2885389720796089	0.301093897098032	0.32143073363197877	0.33814638464636737	0.3511903313699988	0.37074311657493403	0.38059629770962444	0.38732539803335675	0.39734428073758055	0.4047947891140373	0.41273431919570236	0.43791085401053165	0.4653526505259328	0.47520583166062313	0.48463869661893627	0.49226703107001424	0.4949041109266121	0.49673895269656676	0.4979897974714587
GB23_59_R1_val_1 - polyg	0	0	0.00022620081936399654	0.00027467242351342436	0.00029621535869094783	0.00031775829386847135	0.0003285297614572331	0.0003446869628403757	0.00039854430078418437	0.0004254729697560887	0.00044163017113923135	0.0004550945056251835	0.000457787372522374	0.0004604802394195644	0.0004685588401111357	0.00049548750908304	0.000576273515998753	0.000667830990503228	0.0007405383967273697	0.0010986896940536975	0.0012925761106514088	0.0013545120492867888	0.0013760549844643124	0.001405676520333407	0.0014514552575856446	0.0016103344045198802	0.002000800104612493	0.0020115715722012553	0.002035807374275969	0.0020573503094534922	0.0020977433129113487	0.0021516006508551576	0.002197379388107395	0.002305094063995012	0.002636316692349436	0.002779038637900529	0.002897524781376908	0.003107568399357762	0.0037565493215806567	0.007041846936152988	0.008821831955195866	0.010674524380462885	0.013283912403840416	0.01702161165714074	0.023002469035800693	0.03125610607568938	0.03898732693752312	0.045124370596220126	0.05127757145630026	0.058863377505685724	0.06522392911684953	0.07185646028462957	0.07959306688025769	0.08672647129091515	0.09339131686146149	0.10278134373196453	0.11243527155839224	0.12132981091981224	0.12943803314725266	0.13692689598833924	0.14598839309738504	0.16201902973635973	0.18312302760964116	0.20636516179929182	0.22810198339341298	0.24348363911016474	0.25309448106623744	0.26239833619603037	0.2845875594288796	0.3138778726696199	0.3340070527261184	0.358450205551916	0.37847167093252687	0.3906542007754164
GB23_59_R2_val_2 - polyg	0.08359197422258548	0.09563447498682111	0.09779415423836783	0.09821424147432954	0.09893592980277659	0.09935063130494391	0.10033083485552123	0.10055703567488522	0.10103098024879074	0.10144029601716369	0.10183884031794788	0.10213774854353601	0.10237472083048876	0.102533599977423	0.10263592891951624	0.10273825786160948	0.10284058680370271	0.1029052156092353	0.1029590729471791	0.10299408021684257	0.10301023741822571	0.10302908748650605	0.1030398589540948	0.1030694804899639	0.10308563769134704	0.10308833055824423	0.10312872356170208	0.1031529593637768	0.10316911656515995	0.10321220243551499	0.103268752640356	0.10333607431278574	0.10339531738452395	0.10349495345971998	0.1040550697743356	0.10713570950472145	0.10781969769660782	0.10884567998443738	0.11082224428697517	0.11482115162930295	0.12019072822230069	0.12895062423886117	0.1342636506270179	0.1428754389642329	0.15925076256604795	0.17590883719206798	0.1931916569382362	0.21401290378731264	0.24175481856216852	0.26217482824356353	0.2805832663527574	0.299724164257987	0.31913973458673006	0.3310448991392089	0.3417652022569241	0.35688026415085394	0.3719333901061485	0.4003835288749654	0.42700790388748733	0.4477564433303396	0.47378569475858234	0.48678416327132057	0.4943968979896779	0.5053407090598598	0.515382409719483	0.5274491462857933	0.5539738852231191	0.5703976804290836	0.5757995714248476	0.5812660912261443	0.5856689286030505	0.5874839208917568	0.589013469289361	0.5904326101441804
GB24_01_R1_val_1 - polyg	0	0	0.00010746715848414708	0.00019702312388760298	0.00022388991350863973	0.00023284551004898533	0.00029553468583140444	0.00030449028237175004	0.00031344587891209564	0.000326879273722614	0.0003313570719927868	0.0003313570719927868	0.0003313570719927868	0.0003313570719927868	0.0003403126685331324	0.0004433020287471067	0.0006895809336066104	0.0008910818557643862	0.0010119824090590516	0.001155271953704581	0.0011955721381361362	0.0012179611294870002	0.0012493057173782098	0.0012985614983501105	0.001307517094890456	0.0013612506741325296	0.0016523075616937614	0.0016567853599639341	0.0016567853599639341	0.0016791743513147979	0.001701563342665662	0.001728430132286699	0.001786641509798945	0.0019209754579041288	0.0025836896018897023	0.0027538459361562684	0.0029598246565842173	0.0035061160455452985	0.005664414811768586	0.014445377219577435	0.017239523340165257	0.019935157898809282	0.023490529725326482	0.027945939004148414	0.03491339311253728	0.04346151001029715	0.049851328141833726	0.05511274110928675	0.0600920527857189	0.06624006981066616	0.07167163911238575	0.07717037538815794	0.08442440858583787	0.09222921097074904	0.09953249994940089	0.11132702059303602	0.12224389277571729	0.1315621909759469	0.14143125836340772	0.1559841027414693	0.17279375744769798	0.19589024092524926	0.21837774383805703	0.2346590183484053	0.2532463589678926	0.2667021427697618	0.27840262964972334	0.319961075395197	0.411487272037529	0.45157252215211585	0.4765631142979502	0.5229307153855894	0.5554171418356931	0.5693341388593901
GB24_01_R2_val_2 - polyg	0.1840643756937229	0.19516931540375143	0.19691565672911882	0.19739030334575713	0.1981515290516865	0.19876946521297034	0.2001754938698046	0.2007217852587657	0.20189496840555096	0.20311292953503796	0.2039278888202094	0.20449656920052134	0.204850315263865	0.2052488393099104	0.20540556224936646	0.2054951182147699	0.205575718583633	0.2056742301455768	0.2057548305144399	0.20581751969022233	0.20586677547119422	0.20591603125216612	0.20594737584005735	0.20599663162102924	0.20604588740200114	0.20607723198989236	0.20615335456048528	0.20621156593799753	0.20621156593799753	0.20624291052588875	0.20633246649129222	0.20640858906188514	0.2064936672290184	0.20673546833560774	0.20755490541904936	0.21423130263987702	0.21531492982125883	0.2166806582936615	0.21918374752668812	0.22333018872486812	0.22892743656258413	0.23782929952368764	0.2433817693787019	0.24947605282440707	0.2600302233472044	0.273159127875351	0.2887105212676611	0.30496492898838834	0.3269733074862876	0.348726451482787	0.36920790077055743	0.392519318565077	0.4177741008088516	0.43279263620701114	0.4460424412884524	0.469743427532477	0.4918503175923201	0.5275518032004078	0.5519199813866882	0.5707491231127647	0.5960665945323217	0.6110313963512393	0.6243215016171121	0.6468448269160811	0.6617200727695952	0.6737563945198197	0.7109176423639838	0.7501924109916693	0.7631645925803598	0.7733650170398135	0.7816086436552017	0.7848416140062664	0.7870760353430826	0.7882895186742994
GB24_02_R1_val_1 - polyg	0	0	0.00012742481844693902	0.00016989975792925204	0.00019113722767040854	0.0002093407731628284	0.0002154086216603017	0.00021844254590903833	0.00023361216715272155	0.00026091748539135135	0.00027153622026192964	0.00027305318238629795	0.00027608710663503457	0.00027608710663503457	0.00029580761425182273	0.0003413164779828724	0.00047632610705165303	0.0005688607966381207	0.0006325732058615902	0.000706904349955638	0.0007599980243085292	0.000796405115293369	0.0008161256229101572	0.000829778282029472	0.000843430941148787	0.000872253221511785	0.0009253468958646763	0.0009314147443621496	0.0009359656307352546	0.0009450674034814646	0.0009647879110982527	0.0009814744944663042	0.0010102967748293022	0.001055805638560352	0.0013561641391852796	0.0014153256620356442	0.0014790380712591139	0.0015867423820892647	0.001861312526599931	0.0027047434677487177	0.003059712604850905	0.0034965976966689818	0.0042171547057439345	0.005456512761352853	0.007850278993606066	0.01145306403898083	0.014691778174507196	0.01734797885427613	0.020149807897984418	0.024066604103103427	0.02820942766475331	0.033526379910664275	0.04086089178198511	0.04839260872947383	0.05576656161602825	0.06700876791972188	0.07678710577340009	0.08472840249446825	0.09490873531110405	0.11055619962396329	0.12550282743536437	0.14536744645396754	0.16230129464829113	0.17750883994508354	0.19620388116579873	0.2086808946387282	0.22038577439035417	0.2679880458530321	0.34421539260254025	0.3696154064129634	0.39273239222621226	0.4259462779392567	0.4466785992929986	0.457421725057775
GB24_02_R2_val_2 - polyg	0.14788863750466769	0.15683264618994333	0.15875008631514487	0.1591991071039579	0.16014569146956373	0.1608131548042858	0.16221482780720212	0.16283678227819315	0.16383797728027621	0.16484827405510552	0.16550511865495704	0.16611797135320183	0.16642743162657295	0.16669441696046178	0.16680212127129193	0.16692954608973887	0.16707214052942948	0.16720866712062266	0.1672723795298461	0.16738160080280062	0.1674073891589149	0.16745744890901904	0.16749385600000388	0.167556051447103	0.1675939755002122	0.167613696007829	0.16764706917456507	0.16767589145492806	0.16769106107617177	0.1677229172807835	0.16776539222026582	0.16779573146275317	0.1678184858946187	0.16788219830384216	0.16804603021327397	0.16873018013136407	0.16887884241955214	0.16910031888970994	0.16959939942862712	0.17072346836278404	0.17264242545010997	0.1765334332991147	0.1792396937289878	0.1825299845767427	0.1888117247337519	0.19765106303244612	0.2083501968956159	0.22498216962719017	0.25379686517956646	0.2774114145696081	0.2967921226705378	0.31739701920583274	0.3400285771392837	0.3545140484648768	0.3711536060070729	0.39608791244531505	0.41743915434579915	0.44946525871546317	0.4723683528691761	0.4928761638285114	0.5206107823483375	0.535332899765332	0.5472516711764939	0.5653960551460635	0.5778260427931374	0.589298827339735	0.6171274975112719	0.641447434289145	0.6496268940637389	0.6583357736197374	0.6654260545890349	0.6684417752922791	0.67052911517541	0.6717654393067701
GB24_04_R1_val_1 - polyg	0	0	0.00012558877245110898	0.00018019258656028678	0.0002074944936148757	0.00022387563784762905	0.0002402567820803824	0.00025117754490221796	0.0002675586891349713	0.00027028887984043015	0.00027301907054588906	0.00028393983336772463	0.0002948605961895602	0.00030032097760047797	0.00030032097760047797	0.0003685757452369503	0.0006061023366118738	0.0009446459840887762	0.0011357593334708985	0.0012395065802783363	0.0013077613479148087	0.0013678255434349043	0.0013978576411949521	0.0014633822181259655	0.0015316369857624377	0.001872910823944799	0.002320662099640057	0.002339773434578269	0.002345233815989187	0.0023561545788110226	0.002399837630098365	0.002468092397734837	0.0025145056397276383	0.0025909509794804875	0.002795715282389904	0.0028339379522663286	0.0029131134827246365	0.0029950192038884034	0.003295340181488881	0.005381205880459474	0.006159310231515258	0.006697157800490659	0.007374245095444464	0.008313430698122322	0.009809575204713794	0.012132967495059311	0.014535535315863135	0.016362032897815133	0.018076592660843313	0.020249824462388592	0.02229746749148276	0.024528033297842672	0.027667752609120397	0.031615608369213954	0.035773688813627844	0.04184563294256842	0.048250660337574976	0.05512528053392046	0.061341924770250356	0.06792168437040629	0.07690947217277695	0.09119382994373787	0.10529253474672759	0.11678936780741497	0.1297168207977628	0.14211461679125165	0.15219994125721678	0.17196925215544462	0.24474521560015683	0.32157551224247544	0.3423386125574903	0.37157076444083864	0.4065472375684725	0.4269799848081268
GB24_04_R2_val_2 - polyg	0.14200267897232782	0.1545560958360278	0.1568931390799006	0.1574391772209924	0.15818178909287722	0.1589462424904057	0.16040962470853168	0.16096658361244529	0.1621405656157926	0.16384966499740988	0.16458954667858922	0.16515742634532468	0.1654877794206852	0.16581540230534025	0.1659655627941405	0.16607477042235885	0.1662331214832755	0.1663641706371375	0.16644334616759582	0.16651706131664318	0.16657439532145785	0.1665907764656906	0.1666153481820397	0.1666563010426216	0.16668633314038167	0.1667354765730799	0.16683922381988736	0.16692385973175658	0.1669293201131675	0.16694843144810573	0.1669893843086876	0.16703579755068038	0.16706582964844044	0.16718868823018607	0.1675081205427248	0.1694137936551351	0.16966224100933186	0.16997894313116507	0.17048675860238044	0.1714860084005784	0.17280469051131503	0.17541748301643917	0.17707197858394727	0.17949911812110023	0.18491854667143615	0.1930818168807582	0.20461687261132203	0.21546665047481567	0.22979742148776938	0.24611031095288627	0.26124375803324484	0.276743050668135	0.2931596873800593	0.3032149797482644	0.31147380663227753	0.324761644795746	0.337208584221933	0.35693421206887355	0.3706233882660444	0.3810690979051301	0.39812732943283724	0.41076811239911193	0.42365734271958333	0.44320277797996355	0.4551309811721135	0.46330517214425737	0.4878168242978673	0.5160742980993669	0.5260121922672372	0.5343392739188868	0.5410610034357266	0.5438703696716438	0.5456477238208975	0.5468135152521285
GB24_05_R1_val_1 - polyg	0	0	0.00016177220806850212	0.0002305253964976155	0.00025074692250617826	0.0002750127537164536	0.00027905705891816617	0.0002911899745233038	0.0002992785849267289	0.0003174779583344354	0.00033769948434299817	0.000343765942145567	0.00035994316295241723	0.0003619653155532735	0.0003680317733558423	0.00038218684156183624	0.0004327406565832432	0.0004893609294072189	0.0005419368970294822	0.0005985571698534578	0.0006106900854585955	0.0006147343906603081	0.0006309116114671582	0.0006551774426774336	0.0006612439004800024	0.000796728124737373	0.0010232092160332759	0.0010333199790375572	0.0010393864368401261	0.0010555636576469764	0.0010858959466598203	0.0011182503882735209	0.0011870035767026343	0.00124362384952661	0.0015914340968738896	0.001696586032118416	0.0017976936621612299	0.0019432886494228818	0.002390184374212119	0.005445656954105952	0.007437477265949385	0.009443452645998811	0.012151114978545364	0.01579907827049009	0.0215055929101065	0.03058505808795118	0.03924795983001947	0.046208209082166773	0.052072451624649976	0.05996491322579202	0.06711928912762152	0.07423928843523647	0.08382024745809352	0.09405233961842627	0.10315607062748124	0.11649216703012838	0.13121748226956378	0.1451824681310772	0.15714147861254124	0.17088200553535965	0.18785595446694725	0.21098938022074304	0.23621371176382422	0.25604496232042173	0.2776395299449659	0.2956993748232133	0.30838231593578386	0.3278374461086221	0.39178802211070185	0.475768019624263	0.5045149409980358	0.5431380556743908	0.5806247205890644	0.6040068711127655
GB24_05_R2_val_2 - polyg	0.17864100506484518	0.19274349730321685	0.19552597928199508	0.19603151743220915	0.19674331514771057	0.19744297994760684	0.19896363870345077	0.19950557560048024	0.20076335451821284	0.20197462392612575	0.2028643710705025	0.20359234600681075	0.2039704885431709	0.20433447601132504	0.20444973870957384	0.20455489064481835	0.20467621980086975	0.20475912805750485	0.20479350465171942	0.20487034645055194	0.20495325470718706	0.20500178636960759	0.20503009650601958	0.20507458386323843	0.2050988496944487	0.2051312041360624	0.20517366934068038	0.20519389086668893	0.20520197947709234	0.2052363560713069	0.20531319787013946	0.2053677959903626	0.20544665994179598	0.20560640999726362	0.20628989757635305	0.21005110141394573	0.21081143079186768	0.21211774137202083	0.214366375064173	0.218376303671671	0.22419808100953623	0.2342259357571825	0.24078175448915856	0.24806757031004373	0.25855040939288265	0.2709927143459513	0.2848869248664348	0.30318942805678495	0.33200510261898686	0.35897252970400617	0.3818450977722916	0.40836360697992075	0.43786074696861127	0.4544828413476498	0.4699806188806124	0.4986304769295441	0.5235332862090891	0.5590968840003485	0.5857710989582436	0.6084252745456364	0.638947645902961	0.6556910694380511	0.6717348281732447	0.6986294577646333	0.7153425490107104	0.7293034905670222	0.7660965571396021	0.7991243755693875	0.8111683164600876	0.8224640608884708	0.8309207030652517	0.8341763687526302	0.8361884105904823	0.8375270756122492
GB24_14_R1_val_1 - polyg	0	0	0.00006403753764024585	0.00011061029228769737	0.0001280750752804917	0.00013389666961142313	0.00013389666961142313	0.00013971826394235456	0.00014553985827328602	0.00016882623559701177	0.00016882623559701177	0.0001717370327624775	0.00018338022142434037	0.00018920181575527182	0.00019793420725166898	0.0003463848626904207	0.0007015021168772386	0.0011584972718553567	0.0015398117005313659	0.0017435675021139664	0.0018570885915671295	0.001894928954718184	0.0019327693178692383	0.00202009323283321	0.0020753983789770585	0.00216272229394103	0.002413050850171082	0.0024596236048185336	0.002468355996314931	0.002482909982142259	0.002509107156631451	0.0025353043311206426	0.002573144694271697	0.0025993418687608886	0.0026168066517536824	0.002631360637581011	0.0027215953497104484	0.002925351151293049	0.0034492946410768785	0.006255303108585833	0.008057086554009114	0.010132484932986172	0.013247037900034493	0.017691825171700648	0.025067785188990784	0.03451914358525798	0.04351932842087798	0.051005898730455815	0.05791322040410597	0.06699199676319356	0.07501706454838254	0.08341471437075115	0.09438259809022598	0.10639254719493754	0.11724108823062829	0.1320337594255251	0.14593572668778934	0.15766332846745074	0.1704970331699891	0.18656754432052536	0.20465523790672932	0.23139382066869743	0.25761428153521265	0.2773611295057321	0.30098807009781736	0.32018477740406376	0.3359321900692333	0.3878608115011417	0.5174727876849994	0.5932379271049066	0.6252799823023532	0.6722282297841498	0.7128192962565694	0.7327291488683548
GB24_14_R2_val_2 - polyg	0.34159369055606414	0.49690800571098404	0.5132783289695633	0.5159853703334464	0.5196005804129548	0.5233787951337293	0.5297825488977539	0.5319540035831913	0.5353188851064696	0.5398539070902653	0.5430383191892848	0.5461324965761748	0.5475005712439437	0.5487434816335977	0.5495264860711079	0.5500678943438845	0.5505976594279993	0.5510080818283298	0.551264231978891	0.5514476122003152	0.5515727764784303	0.5517328703225308	0.5518842317751351	0.552021039241912	0.5521374711285306	0.5522480814208183	0.5523354053357823	0.5524052644677535	0.552440194033739	0.5524867667883865	0.5525449827316958	0.5525973770806742	0.5526905225899691	0.5528506164340696	0.5532843252117241	0.5553247940247156	0.5559389722266288	0.5569897700033619	0.5590360604106843	0.5629452610039049	0.5691219725890231	0.5797551146344694	0.5870699479112846	0.5958692877424876	0.6091832739773277	0.6247705927983968	0.6421713382535508	0.6608935856218263	0.688554891085247	0.7199274629346366	0.7477372190534961	0.7760010595301683	0.806250063673688	0.8245094942926545	0.8403908036274355	0.8728170840507236	0.9005366054574536	0.9459712384132081	0.9793173307407834	1.0040649282415728	1.0384181563883992	1.0583425629860121	1.0771579558635827	1.1194314630976412	1.146635773406084	1.1643392417664464	1.2092150016664314	1.257164563373148	1.2751096278982443	1.290338918667961	1.3026719662580393	1.3072884905624678	1.3103535599777034	1.3121116814656446
GB24_20_R1_val_1 - polyg	0	0	0.0001476453593421381	0.00019284291832442525	0.00020489560071970182	0.0002109219419173401	0.00021393511251615926	0.00022598779491143583	0.00023502730670789328	0.0002440668185043507	0.000250093159701989	0.0002696787685943134	0.00028022486569018044	0.0002847446215884092	0.0002892643774866379	0.00032843559527128677	0.00041129778673881323	0.0004444426633258238	0.000468548028116377	0.0005016929047033875	0.0005257982694939407	0.0005333311959909886	0.0005499036342844939	0.0005800353402726853	0.000616193387458515	0.0007849309409923872	0.0009461355680292114	0.0009506553239274401	0.0009581882504244879	0.0009657211769215358	0.0009792804446162218	0.001013931906502642	0.001053103124287291	0.0010877545861737112	0.0011841760453359237	0.0012173209219229343	0.001300183113390461	0.0013815387195585777	0.001603006758571785	0.0023171281904919225	0.002687748174146677	0.0030191969400167828	0.003424468385557958	0.004052714455411749	0.005010902705836238	0.006283967283837326	0.007939704527888445	0.009178117644003114	0.010378866127632544	0.011892984353539162	0.013503524038607995	0.015273761765414243	0.017840983115608153	0.020846620787930252	0.02391553504282755	0.028319283873001727	0.033114744881022395	0.03865295244165198	0.04453466145054695	0.0515463094339991	0.061417456315730624	0.07687351490237343	0.0933495317367165	0.10612688166100909	0.12180290170136569	0.13868418998124996	0.1494397024337349	0.16321893158213482	0.214338877376401	0.2808651644424295	0.30311742931470886	0.3338668352756583	0.36817479571381306	0.3868986378148752
GB24_20_R2_val_2 - polyg	0.15898392030549452	0.17044903443400136	0.1725642801943724	0.17301324261359646	0.17378160111629534	0.174703631319534	0.1761981639365483	0.17664712635577234	0.17773186777134722	0.17908930112611526	0.17994956133207812	0.1805732876460337	0.18080982153804098	0.18104032908885065	0.18119701395998924	0.18130548810154673	0.18141848199900246	0.1815209297993623	0.18159324589373396	0.18164296320861448	0.18168514759699794	0.18171377271768674	0.18174842417957315	0.18179060856795662	0.18182827320044187	0.1818644312476277	0.18193524075669995	0.18198495807158047	0.18199399758337692	0.18201659636286804	0.1820391951423592	0.18206330050714975	0.18208439270134147	0.18210849806613205	0.1821838273311025	0.18261320414143423	0.18269907950350062	0.18286329730113626	0.18312845631383234	0.1836271360479369	0.18442713284192339	0.18602863301519573	0.18707721638358482	0.18843464973835283	0.19126100376004518	0.1954191791864156	0.20097245260003932	0.20903419053717992	0.2236842259886386	0.23452410721789047	0.24434854995534028	0.2549775092426748	0.2673887589392109	0.2765322251213276	0.2860312454341049	0.3049825819153779	0.32077310243848967	0.34707054883968375	0.3664798872519772	0.38263650800284554	0.4105083360419226	0.42549584660044903	0.4362875171001198	0.45242003248619744	0.46349494102215727	0.47350620033673385	0.5030940290318384	0.5318773411770583	0.54082947102615	0.5491669140730826	0.5565672610637824	0.5594930497152358	0.561454623775067	0.5627517937178587
GB24_21_R1_val_1 - polyg	0	0	0.00014146082634462962	0.00016975299161355555	0.00019400341898692062	0.00020612863267360315	0.0002182538463602857	0.00023037906004696822	0.0002586712253158942	0.0002667547011070159	0.00027685904584591795	0.00028898425953260054	0.0002990886042715026	0.0002990886042715026	0.000301109473219283	0.0003698190174438174	0.0005395720090573729	0.0007699510691043412	0.0008871614680756058	0.0009477875365090184	0.0010063927359946507	0.0010710605423236244	0.0011054153144358914	0.0011357283486525976	0.0011963544170860104	0.001491401283461952	0.0018369698735324045	0.001849095087219087	0.001857178563010209	0.0018733455145924522	0.0018935542040702563	0.0019380133209214257	0.001984493306720375	0.002041077637258227	0.0021542462983339308	0.002182538463602857	0.00224720626993183	0.002319957552051926	0.00253214879156887	0.003673939747064809	0.004526746443028148	0.005464429634798264	0.006484968453427378	0.00792584801319482	0.009882049154646268	0.012377822305155092	0.015150454501509831	0.017286512979313738	0.01920835934865292	0.021793050732864083	0.024432305578665315	0.027449462917701485	0.031434616482724484	0.0359330707604837	0.04042546243139958	0.04711453864855278	0.053995597415745125	0.062315514873757125	0.07004129686112168	0.07640097143978666	0.08489266275836001	0.09927922879760884	0.1152117595819097	0.12945080218797056	0.14372015782824812	0.15685782685776867	0.16665095777871258	0.1798310650561365	0.22650707514302093	0.3079379893938331	0.33945748237236434	0.3668402566147891	0.39942878926669617	0.42050038978520266
GB24_21_R2_val_2 - polyg	0.17430398848395706	0.18800143821201276	0.19041839747355815	0.19087915559365207	0.19169154491065982	0.19263731157822106	0.19437930061120778	0.19501789519870638	0.19620616614000128	0.19793602995930132	0.1987342731936746	0.1993708469122254	0.19975279114335592	0.20015898580185978	0.20029842575925663	0.20041967789612347	0.20055911785352032	0.20073291258302942	0.20079555952041062	0.20088447775411294	0.20093702034675526	0.20099562554624087	0.20104008466309203	0.20108656464889102	0.20110273160047326	0.2011370863725855	0.2011916498341756	0.20124823416471344	0.20126238024734788	0.20129673501946016	0.20135129848105024	0.20138161151526696	0.20141798715632697	0.20145234192843925	0.20164836621637394	0.20241427554758273	0.20261029983551743	0.20292757626031896	0.2036045673578254	0.20481708872649365	0.20651259777368142	0.20976417591066016	0.2117385648726416	0.21395343723940896	0.2189429626714788	0.22645049081248309	0.2359142200949388	0.24821322851113048	0.2677328016777416	0.28655719592631623	0.3035405785634629	0.3221204476693561	0.34096100886951297	0.3519808072417596	0.36153547562686544	0.37756904985855533	0.392804380855872	0.41650513187544075	0.4334945771194308	0.44741836416963787	0.4685142151155177	0.48080716092486603	0.49108934213117283	0.509273120923301	0.5208991799798819	0.5299324641764603	0.5568807515951122	0.5845969692139208	0.5939758220005698	0.6028878540602813	0.6095951180979646	0.6121878929579669	0.6139298819909536	0.614966587761165
GB24_29_R1_val_1 - polyg	0	0	0.000051158701296227694	0.0001141232567377387	0.00014167024974339975	0.00014167024974339975	0.00015347610388868308	0.0001652819580339664	0.0001770878121792497	0.00018889366632453302	0.00019676423575472189	0.00020069952046981632	0.0002085700899000052	0.00022037594404528853	0.00023021415583302461	0.0003030169230622717	0.0004938782317443519	0.0006768689709962432	0.000790992227733982	0.0008618273526056819	0.0009129860539019096	0.0009425006892651178	0.0009857888211311566	0.0010408828071424789	0.0011254914285170092	0.0014776994105179615	0.0018830337361726885	0.0018948395903179717	0.001914516013893444	0.001934192437468916	0.0019853511387651437	0.002012898131770805	0.0020719274024972216	0.002128989030866091	0.002258853426464207	0.0023139474124755297	0.002380847252632135	0.002491035224654779	0.0028550490608010145	0.005255572737008622	0.00616265586383789	0.006660469380297336	0.007122865334320933	0.007752510888736042	0.00875797613344267	0.01017467863087667	0.011699601457975764	0.01311040102833712	0.014385433276027718	0.01608154098823342	0.0178642249641712	0.019877123095942008	0.022777427930966605	0.026537592476239342	0.03075228240610548	0.037387172435754706	0.04444117028756149	0.05184737612136922	0.058193022724459	0.06567990189492617	0.07656883470159248	0.09077718016544095	0.10423978917577902	0.11607122267171044	0.1306120996939844	0.14382088284019887	0.15591598041204163	0.18492296404700273	0.3020016196057773	0.40927157801217906	0.4371196202985449	0.4780288725543091	0.5202426716931271	0.5420126667370295
GB24_29_R2_val_2 - polyg	0.23306723725146808	0.2431100838443891	0.24496753822991366	0.24529023157655142	0.24609302965843066	0.2472696797882439	0.2493238984095232	0.24993386754036284	0.2518031277800327	0.2543472893483413	0.2554570396379979	0.2562204848727262	0.2566179486289507	0.2571885649126394	0.2573518792283158	0.25749748476277434	0.25765096086666306	0.25782214575176965	0.25789494851899886	0.25803858641109984	0.2581271303171895	0.2581684508066979	0.25819403015734604	0.258233383004497	0.2582786387787206	0.25829831520229607	0.25838292382367056	0.25846359716033	0.2584872088686206	0.2585049176498385	0.2585423028546319	0.25857575277471023	0.25860526741007345	0.25865839375372723	0.25887089912834227	0.2608837972601131	0.26106088507229236	0.26128913158576783	0.26167478948784706	0.26225721162568105	0.2630167215756943	0.26439997415305	0.2655628507863604	0.26729044077628683	0.2719104650318077	0.27912384191457584	0.2881808996863657	0.29802304675881686	0.3113813707242049	0.32623707052368645	0.3416614189644991	0.3594508735190835	0.3773524836880481	0.38765309142980775	0.3954056023185438	0.4097575856744933	0.42278337808145583	0.43963229958913264	0.4517549441539811	0.46272651793966435	0.4802227937829743	0.49313839821791416	0.5082931796557428	0.5336068985855879	0.5494208402131948	0.5594440103825404	0.5914673897516214	0.630310617531961	0.643582365233617	0.6536055354029626	0.6610373205874184	0.6638530168010685	0.6656750536241571	0.6667867715561714
GB24_32_R1_val_1 - polyg	0	0	0.00007896158929938863	0.00013160264883231438	0.00013818278127393008	0.00014147284749473795	0.00014147284749473795	0.00015134304615716153	0.00016450331104039297	0.0001760185428132205	0.0001825986752548362	0.00018753377458604798	0.00019246887391725977	0.0001941139070276637	0.0002039841056900873	0.00023030463545655014	0.00027636556254786017	0.00031420132408715057	0.00033229668830159377	0.0003635523173992685	0.0003816476816137117	0.0004030331120489628	0.0004293536418154256	0.00046554437024431207	0.00047705960201713964	0.0005000900655627947	0.000585631787303799	0.0006004370852974344	0.00060701721773905	0.0006103072839598578	0.0006119523170702618	0.0006366278137263208	0.0006629483434927837	0.0007320397341297486	0.0009162834424949888	0.001001825164235993	0.0011153324488538644	0.0011811337732700214	0.001383472845849705	0.0023260768181111568	0.0030581165522409054	0.0039036635709885255	0.005142373503122684	0.007055547010522454	0.010605528462774134	0.01578573772743611	0.020778413217512035	0.02491238142395711	0.02881604499494564	0.033877811875658526	0.03875369001489577	0.04434680259026913	0.0526229641687113	0.0615390436271006	0.06996983831792075	0.08167753896466551	0.09403831775624064	0.10477544886784709	0.11596825415103543	0.13045770578747323	0.14712189119586505	0.17009477858265593	0.19363355735942578	0.21063661958856078	0.2317127837990559	0.24764986457264918	0.25868145661101793	0.2819586751232335	0.3563306220445952	0.41772490275798024	0.4409873159722022	0.4810438722105379	0.5164959807728531	0.5343166244578588
GB24_32_R2_val_2 - polyg	0.1848194699538815	0.19443962358352368	0.19626561033607204	0.19657158649460718	0.19716379841435258	0.19800276530065858	0.19953922622577586	0.19991100370872714	0.20121057986594626	0.2028210672810317	0.20363535867068167	0.204373978537253	0.20464869906669048	0.20488722886769903	0.20501389641720014	0.20512246860248678	0.20522939575466304	0.20543831495968434	0.2054942460854381	0.2055403070125294	0.20556662754229588	0.20560939840316636	0.20564065403226403	0.20567848979380332	0.20569658515801775	0.2057146805222322	0.20576403151554434	0.20580680237641483	0.20581338250885645	0.20583147787307088	0.20586437853527895	0.20590879442925986	0.2059647255550136	0.2060371070118714	0.2062542513824447	0.20704222224232818	0.2072626566791223	0.20765581959250884	0.20845037058483395	0.2102270063440702	0.21333940898895443	0.21918585666333001	0.22322770301559244	0.2277663493671969	0.2352956659135157	0.24484179305318968	0.25608888442902134	0.2716706380507674	0.29602864331651835	0.31817243401566564	0.33922392272950475	0.3620290167390344	0.387240794189085	0.40190132926900485	0.41534618488033614	0.4423444682882855	0.4649340629603522	0.4992116178818389	0.5233442536114645	0.5434646535848151	0.571907276063699	0.5875252204138739	0.6012201210579866	0.6233820071213483	0.6374486852484123	0.6487418375513354	0.6826262295594354	0.7187988626241075	0.7311053553230393	0.7411926983560362	0.7492418453652425	0.7525121711887256	0.7547971221790766	0.7562743619122194
GB24_33_R1_val_1 - polya	0.07823229166683288	0.0805299563619224	0.08437535352523196	0.08660919420101343	0.08833244272233057	0.09081360147293072	0.0930394641462987	0.09551264489448533	0.09675721327099215	0.09771058455940604	0.10328321924523948	0.1056327409560168	0.10694911135424517	0.11022009234378233	0.11304829419936996	0.1136266993743491	0.11430482957949704	0.11489520175809645	0.11532202488721896	0.11579671603082253	0.11628736317925312	0.11665834029148112	0.11725669047249401	0.11796673268729597	0.11915545504690826	0.11996123329067229	0.12101831861046175	0.12183606385784604	0.12217911796162677	0.12251818306420073	0.12291309418366925	0.12356330138036994	0.12420951957586386	0.12455257367964459	0.124787924750843	0.12491158378825233	0.12508311084014268	0.12525064889082632	0.12545009895116394	0.12564954901150155	0.125916812092354	0.1261282291563119	0.12631970121423602	0.1264553272552656	0.126674722321637	0.12700979842300422	0.12724514949420263	0.1274246545485065	0.12760415960281035	0.12775973064987373	0.12789934569211003	0.12810677375486118	0.1284099378465744	0.12860140990449853	0.12877692595759566	0.12890856299741849	0.1292077380879249	0.12948696817239763	0.12979412126531756	0.13007335134979026	0.1302129663920266	0.13035258143426293	0.1304921964764993	0.1306078775114951	0.13070760254166391	0.13085519558631376	0.13098284362492985	0.13117431568285398	0.13127005171181605	0.13138573274681187	0.1314176447564659	0.13156523780111573	0.13168490783731832	0.1318205338783479
GB24_33_R1_val_1 - polyg	0	0	0.0001595600482701058	0.00019945006033763227	0.000247318074818664	0.00028720808688619047	0.000303164091713201	0.000303164091713201	0.0003430541037807275	0.00042283412791578037	0.000438790132742791	0.000438790132742791	0.000438790132742791	0.000438790132742791	0.00044277913394954365	0.0004826691460170701	0.0006302621906669179	0.0007778552353167658	0.0008855582678990872	0.0009733162944476454	0.0010132063065151718	0.0010291623113421824	0.0010610743209962035	0.0010770303258232142	0.001088997329443472	0.001212656366852804	0.00171925952011039	0.0017352155249374006	0.0017431935273509059	0.0017631385333846691	0.0018229735514859588	0.0018788195683804958	0.0019745555973425593	0.0020264126130303435	0.0022537856818152444	0.0024452577397393715	0.0025649277759419507	0.0028361798580011305	0.004284187296052341	0.012629177820578874	0.016051740855972642	0.018632624636741604	0.022178846709544706	0.026427132994736275	0.03185616363712662	0.03878505873325597	0.044182177365992295	0.04826292560050026	0.051821114676923616	0.056863212202258956	0.06172181567208368	0.06659637514673541	0.0728311840328898	0.07961647508557604	0.08520905477744325	0.09293176111371637	0.10049490740171939	0.10703288037958697	0.11373839140813816	0.12128558169131418	0.13150540278301445	0.144784787800294	0.15666802239521013	0.1692732662085485	0.1838530656192294	0.19761511978252605	0.2103200886260332	0.22985821653670768	0.2836658538145941	0.3449289343479012	0.36734313212864433	0.4069299801044576	0.43910925283933117	0.4524045938614377
GB24_33_R2_val_2 - polyg	0.1615545488734821	0.16760985270533263	0.16946074926526586	0.16982773737628712	0.1704181095548865	0.17108028375520745	0.17279555427411109	0.17333805843822944	0.17490174691127647	0.1765332484048383	0.1775783667210075	0.17826846392977572	0.17864343004321045	0.17893861613251016	0.17906626417112623	0.17912211018802077	0.1792298132206031	0.17931757124715164	0.17940931827490697	0.1795170213074893	0.17956090032076358	0.17963669134369187	0.17966461435213912	0.17969652636179315	0.17972843837144717	0.17975237237868769	0.17979625139196198	0.17986007541127003	0.17989996542333753	0.17993586643419832	0.17998772344988612	0.18004356946678063	0.18012334949091569	0.18029088754159928	0.18105677577329582	0.18708016759549229	0.18815320892010878	0.18973684239918956	0.19233368218478553	0.19640246341567325	0.20102571581429957	0.20827772000817585	0.2127653463657726	0.21837787106367357	0.22822272604193908	0.24075217883234912	0.2554556372804394	0.27064575387575346	0.28949378457765973	0.31081100702654585	0.3269305609030333	0.34320967482779086	0.3617864534476379	0.37395689612944016	0.3847311883888791	0.3995902178840327	0.4161086718811954	0.4360496889137519	0.44959234801067716	0.4630831500919146	0.4824577289531122	0.49760396653515193	0.5152672638786526	0.5333454173476557	0.5436569854671112	0.5547264638158498	0.5873844166955338	0.6131334194851221	0.6201660286126269	0.6261854314336167	0.6311836499456778	0.633696720705932	0.6357550453286163	0.6369078666773679
GB24_37_R1_val_1 - polyg	0	0	0.00011102402291249319	0.00014683822385200713	0.0001647453243217641	0.00017907100469756967	0.00019339668507337523	0.00019339668507337523	0.00020055952526127802	0.0002095130754961565	0.00023458301615381625	0.00023995514629474336	0.00024890869652962184	0.00025249011662357323	0.0002614436668584517	0.000318746388361674	0.00043335183136811856	0.0005533294045154903	0.0005891436054550041	0.0006715162676158863	0.0007395632494009627	0.0007753774503404766	0.000778958870434428	0.0007950752608572093	0.0008111916512799906	0.0008255173316557961	0.0008989364435817997	0.0009222156741924838	0.0009311692244273622	0.0009347506445213136	0.0009490763248971193	0.0009634020052729248	0.0009759369756017547	0.00101533259663522	0.0011496358501583972	0.0011836593410509354	0.0012391713525071821	0.0013269161448089912	0.0016904302843450576	0.003180301043428837	0.003696025536957838	0.004141912338654786	0.004748963044579548	0.005730272150322229	0.007445772375324946	0.010097813954895955	0.012260991691642594	0.014078562389322927	0.015697364271788958	0.01824017253849445	0.020858190627172916	0.023734070962615886	0.02819293897958537	0.03376025651563281	0.03946545872529737	0.0485121258826186	0.057184534640121895	0.06457121358389664	0.07334748352412454	0.08498709882946656	0.09848368045352239	0.11804718771673187	0.1353239582499534	0.14948847472153115	0.16887470169009006	0.18401515513726957	0.19566730541294042	0.22711217383783366	0.29566413585615725	0.3306904243750019	0.3518566171302546	0.38892252439260455	0.41340332144480935	0.42583980272105554
GB24_37_R2_val_2 - polyg	0.11743834630076014	0.12480890885411211	0.12651724623892693	0.1268503183076644	0.12752362528532726	0.12801069841810464	0.1290099146243171	0.12943252219540335	0.1301058291730662	0.13101550987692986	0.13165479336370017	0.1320308424735651	0.13223856483901428	0.13244091507432254	0.13255731122737596	0.13266654454024146	0.13273817294212048	0.13277040572296606	0.13281517347414046	0.13287605761573762	0.1328993368463483	0.13292440678700596	0.13294231388747574	0.13297454666832126	0.13300677944916683	0.13304617507020033	0.13310168708165654	0.13313750128259608	0.13315361767301886	0.1331715247734886	0.13319838542419324	0.13322524607489789	0.13325031601555554	0.13329508376672994	0.13344013128053495	0.13463990701200867	0.13479748949614256	0.1350446074826252	0.1354654243436645	0.1363554072370114	0.13777902172435708	0.14043285401397507	0.14225400613174935	0.14463206907413306	0.14969977850707428	0.1571831557933857	0.1669407348393563	0.17801269505980705	0.19419892317442033	0.21205946518295596	0.2286718822887495	0.2470391952405792	0.2668372855199425	0.2791699056134641	0.29045496032950496	0.3078696155363436	0.3265485120363471	0.35551682846627297	0.37554233892160216	0.3916569386343365	0.4170778584612035	0.4316220054627401	0.4434711338435783	0.4594335232023196	0.4702583654362877	0.4797258494546482	0.5075463207444626	0.5340667365401727	0.5418867673153156	0.55054664110249	0.5576826206396882	0.5606265479569162	0.5626124453990122	0.5637226856281372
GB24_39_R1_val_1 - polyg	0	0	0.000042261675844493936	0.00008452335168898787	0.00011833269236458303	0.00011833269236458303	0.0001352373627023806	0.0001352373627023806	0.0001436896978712794	0.00014791586545572877	0.00015214203304017817	0.00015214203304017817	0.00015636820062462758	0.00016059436820907696	0.00016904670337797574	0.00017327287096242515	0.0001986298764691215	0.0002155345468069191	0.00023243921714471668	0.00025357005506696363	0.000257796222651413	0.0002620223902358624	0.0002704747254047612	0.00027892706057366	0.0002873793957425588	0.00030428406608035635	0.00038035508260044544	0.0003888074177693442	0.00040993825569159115	0.0004141644232760406	0.000439521428782737	0.00047755693704278144	0.0005282709480561742	0.0005832111266540164	0.0006677344783430042	0.0006973176514341499	0.0007311269921097452	0.0008367811817209799	0.0013143381187637614	0.002844210784334442	0.003520397597846345	0.004217715249280495	0.005198186128872755	0.00669847562135229	0.00892989210594157	0.0118501739067961	0.014542242658090364	0.016469375076599287	0.018079544926274508	0.02042506793564392	0.02259309190646646	0.02494706725100477	0.028661868557735788	0.03250345489200029	0.035998495484339935	0.04135727598142176	0.04711754239902629	0.05218894350036556	0.05779284171734546	0.0658056554574615	0.07516239048943246	0.09158105155501836	0.10760667903525047	0.11992595754392044	0.13667003351350895	0.14964014183018415	0.16000270474725403	0.1866191081941163	0.24537551612071626	0.2786481335130863	0.30032837322131173	0.3444960506463923	0.3750216591088703	0.38966532978898744
GB24_39_R2_val_2 - polyg	0.161845313814074	0.16980741354317663	0.17186978332438796	0.1722163290663128	0.1729939439018515	0.17377155873739017	0.1756817864855613	0.17622273593637083	0.17732153950832766	0.1795149204846569	0.18050806986700252	0.18140401739490578	0.1816364566120505	0.1818435388236885	0.1819618715160531	0.18208443037600214	0.18221121540353563	0.18230841725797794	0.1823380004310691	0.1824056191124203	0.18244365462068035	0.1825028209668626	0.18251972563720043	0.18254085647512266	0.18255353497787602	0.18257466581579826	0.1826211536592272	0.18265073683231836	0.1826634153350717	0.18267186767024057	0.18269722467574728	0.18269722467574728	0.1827056770109162	0.1827056770109162	0.18293389006047645	0.18418906183305794	0.18444685805570935	0.18476382062454305	0.18530054390776812	0.18646696616107616	0.18836451540649393	0.19162711678168887	0.19378246224975806	0.19609840208603632	0.199885048241703	0.20544245861525393	0.2122508145938019	0.22064820958410286	0.23302242827137068	0.24555301515926314	0.2548210006719607	0.26610064195485605	0.2790242624281023	0.2871427303578296	0.29467376099331843	0.30798196271674955	0.32303134548497386	0.3508860160340798	0.36993335333719324	0.38523207999290004	0.4091014745098702	0.4222152725244167	0.43416687445323954	0.4503700009720185	0.46044941066093037	0.46964977749227665	0.504993217001027	0.5408480227874957	0.5511091576825388	0.5618182663415335	0.5705622070737593	0.5740530214985144	0.5764239015133906	0.5777171087942321
