Sample	1	2	3	4	5	6	7	8	9	10	12	14	16	18	20	22	24	26	28	30	32	34	36	38	40	42	44	46	48	50	52	54	56	58	60	62	64	66	68	70	72	74	76	78	80	82	84	86	88	90	92	94	96	98	100	102	104	106	108	110	112	114	116	118	120	122	124	126	128	130	132	134	136	138
CV_GBM_C009_R2 - polyg	0.05363595096556931	0.0581965936600973	0.05859330927374796	0.05863774142247683	0.058717084545206966	0.05875516924411743	0.05881229629248313	0.05884720726648438	0.058999546062126235	0.05906778114767415	0.05911538702131223	0.05914395054549508	0.05917092720722332	0.059202664456315376	0.059209011906133785	0.05925344405486266	0.05926613895449948	0.05927407326677249	0.0592772469916817	0.0592788338541363	0.05928835502886392	0.059296289341136926	0.059305810515864546	0.05930898424077376	0.059312157965682955	0.05932326600286518	0.0593391346274112	0.05935341638950263	0.05936452442668484	0.059367698151594046	0.059372458738957856	0.059378806188776265	0.059388327363503884	0.05938991422595848	0.05940578285050452	0.05993262118543259	0.059935794910341796	0.0599437292226148	0.05996911902188845	0.06006115704425541	0.060151608204167754	0.06081809043510086	0.08950856361431664	0.18870650937643701	0.30885421326422147	0.4087773551680952	0.5561064260407684	0.7209100262635257	0.9306805478623582	1.0815800592578872	1.2314274808460146	1.4025896389243648	1.6159147324215073	1.7668301124415824	1.8716090534565404	1.9642548441436065	2.062924364708344	2.1931311896958547	2.324409146840222	2.4079225441010497	2.522436886274995	2.6102998735238883	2.648641644151998	2.7228306376295803	2.7717504333800704	2.811049082068305	2.9326741549013247	3.028569839895417	3.0594390752248017	3.092506115053812	3.1353101429042636	3.1482621142587304	3.156201187119107	3.1675393193572434
CV_GBM_C010_R2 - polyg	0.052719975631571186	0.059936940462369734	0.060483680222278714	0.06050269725740598	0.060569256880351426	0.06065958779720595	0.060726147420151394	0.06076893574918775	0.060911563512642264	0.06100664868827861	0.061075585440614956	0.06110886525208768	0.06115165358112404	0.06122772172163311	0.061249115886151284	0.06127526430945128	0.0612800185682331	0.06128714995640582	0.06131092125031491	0.06132280689726945	0.061334692544223995	0.061351332449960355	0.0613655952263058	0.06137034948508763	0.061379858002651264	0.0613893665202149	0.06139412077899671	0.06139887503777853	0.06141076068473307	0.06141313781412398	0.06142977771986034	0.06143453197864216	0.06143928623742397	0.06144879475498761	0.061520108636714865	0.06389486089823257	0.06390674654518712	0.06392814070970529	0.06398043755630528	0.06421101910722342	0.06441069797605975	0.06534015556790501	0.10611743313955133	0.24085788127503327	0.3979956425316561	0.520123042118977	0.7021588566159767	0.8876438858591846	1.098925523252533	1.2516442009714566	1.4050712632488713	1.5724235494982284	1.7661096751400711	1.91162089654576	2.0310787798270904	2.1329292657099606	2.2419563052239844	2.382088082818047	2.5149933870637473	2.5845125361008696	2.683306033587032	2.7688779374009598	2.8080031100459246	2.8821433986189735	2.9314545707039814	2.9715353493640917	3.0617474097490733	3.129807001340178	3.1568230768678545	3.1870268829087394	3.2258929484500953	3.2374196488666107	3.2461389594724634	3.2559969150565617
CV_GBM_C011_R2 - polyg	0.09171357061088489	0.09825977632826025	0.09877926074979995	0.0988284011680537	0.09889158170580853	0.09898986254231604	0.09906708319957194	0.09913377376720205	0.09933384547009233	0.09937421081365792	0.09946547159041488	0.09951987705348156	0.09955146732235898	0.09961815788998907	0.09963044299455251	0.09966027824849229	0.09967080833811809	0.09968133842774389	0.09968660347255678	0.09969537854724497	0.09971117368168367	0.09972521380118474	0.09973047884599764	0.09973047884599764	0.09973223386093527	0.09973398887587291	0.09975153902524926	0.09976206911487506	0.09976557914475033	0.09976557914475033	0.09977259920450086	0.0997743542194385	0.09977961926425141	0.09978312929412668	0.0998041894733783	0.10072206228576094	0.10072732733057384	0.10072908234551148	0.10074663249488781	0.1008431583164577	0.10094494918284047	0.10154340927657371	0.12682264443825586	0.21668467428993676	0.32467425343244066	0.41347274423191527	0.5619119076570109	0.7312252187503269	0.9298560543768213	1.071448904530206	1.2118378144363737	1.3740503350920221	1.592000375151993	1.750616870200429	1.8595681975287564	1.950876359689048	2.0529146831780345	2.1847391201885475	2.319245220023766	2.4019485439448367	2.5110630876623645	2.5993561341598	2.636183367611115	2.706290949324786	2.7501768528552653	2.790435140509655	2.919818351741919	3.010714085391866	3.0420533871331994	3.074659809659504	3.1195408066596215	3.131518783608975	3.1390565727661133	3.1494409961520944
CV_GBM_C016_R2 - polyg	0.07569732309755395	0.08144123721836546	0.08201666543804965	0.08207368985621656	0.08210997812232276	0.08217218657850485	0.0822188429206414	0.0822758673388083	0.08248841289743039	0.08256617346765797	0.08264134201887799	0.08266726220895385	0.08269059038002213	0.0827346547031511	0.08275020681719661	0.0827709429692573	0.0827735349882649	0.08277871902628006	0.08278908710231041	0.08278908710231041	0.08279427114032559	0.08279427114032559	0.08279686315933317	0.08279945517834075	0.08280463921635593	0.08280463921635593	0.08280982325437111	0.08281500729238628	0.08281759931139386	0.08282019133040144	0.08282019133040144	0.08282537536841661	0.08283315142543937	0.08283833546345455	0.08286166363452283	0.0844324271531202	0.08444279522915055	0.08444538724815814	0.08447908349525676	0.0846994051109016	0.0849119506695237	0.08572325261889824	0.116817112633905	0.2131080267467331	0.3051998700672712	0.3903969428276294	0.5490025859018428	0.7104594498844011	0.9011465122155117	1.0114446970453368	1.1494489730472532	1.317865408065181	1.515162118865637	1.666857439265625	1.811914598987184	1.8971375919376183	2.013838063716182	2.1637941393620794	2.2923116257962293	2.3507720224933335	2.4525165445981236	2.5382035089509154	2.5833227838159725	2.6816432488117408	2.73440638773017	2.785173672012758	2.9864698681419197	3.105365780019909	3.134754091527924	3.168808037249594	3.223279316694023	3.2366981990962977	3.2432585992044993	3.250951711619016
CV_GBM_C018_R1 - polya	0.04629014875595673	0.048190518921770606	0.05009885709666546	0.05136975454508186	0.05231794762571855	0.05433385392320664	0.055385631121896074	0.057242177237764556	0.057811889887054664	0.05931186759654926	0.06640737968316247	0.06780974928141506	0.0691264627820471	0.07759446443285922	0.08598477799513178	0.08667201877836636	0.08831741265358886	0.0888054532097989	0.08934926982957583	0.08962416614286967	0.08989707045389325	0.0906400873006947	0.09123768798176823	0.09223368911689081	0.09376354686043908	0.09436712354832336	0.09496870823393741	0.09532527664031128	0.09568383704895542	0.09593881333954679	0.0963232697777041	0.09792284760071096	0.10062001867462289	0.10135905151688383	0.10212597239092822	0.10230525259525028	0.10243473274281621	0.10262596496075975	0.10294468532399897	0.103139901546483	0.10362395809815256	0.10393271845004057	0.10438888696992671	0.10471159133770641	0.10502433569413491	0.1051916638848355	0.10539883212094099	0.10562592037974894	0.10585500064082713	0.10601834482698723	0.10616774499725562	0.10638686524698258	0.10667769757843837	0.1069784899212454	0.1072175301936748	0.1076537786908585	0.1080681151630695	0.10838882752857895	0.10867567585549426	0.10888284409159976	0.10900236422781447	0.10909798033678622	0.10931909258878345	0.10948841278175428	0.1096218769338607	0.10991071726304624	0.11010394148326003	0.11020354159677229	0.11024935764898793	0.11030712571482504	0.11042465384876951	0.11048839792141735	0.11060194205082133	0.11073341420065749
CV_GBM_C018_R2 - polyg	0.07374790804901585	0.080664139931307	0.08117807651703024	0.08120596454881368	0.08126174061238055	0.08131353267140691	0.08138126074859525	0.08146492484394555	0.08161233301194369	0.08168006108913202	0.08172986114588815	0.08175575717540134	0.0818075492344277	0.08185535728891359	0.08186930130480531	0.08188722932523752	0.08189519733431849	0.08190714934793997	0.08190714934793997	0.08191113335248046	0.08192507736837218	0.08193105337518292	0.08193503737972341	0.08194499739107462	0.0819569494046961	0.08197288542285806	0.08201272546826296	0.08203862149777615	0.08204658950685713	0.08205256551366787	0.08206850153182982	0.0820764695409108	0.08208244554772154	0.08208244554772154	0.08211431758404547	0.08328760692121985	0.08329557493030083	0.08330752694392231	0.08333740697797598	0.08351270317775755	0.0836999513911606	0.0847278245626071	0.12239857949521307	0.2405063861003181	0.36089901930939433	0.4601644764402505	0.6185087369020372	0.7914165259615863	1.0096881827214281	1.1876935055905344	1.3452190531192505	1.5081170307708176	1.7117873108897625	1.8609663689061513	2.015440168956852	2.0964110772377764	2.1971725280735868	2.3439452473475195	2.479558769903539	2.544077731434509	2.649785323907338	2.7364075426289483	2.775889027625207	2.865849842151748	2.925516286152401	2.971858226967384	3.113099155936846	3.214938280000859	3.2466091240954866	3.2755628770935	3.3183650298742573	3.3340659917683295	3.3439303870105834	3.3549840076081736
CV_GBM_C019_R2 - polyg	0.08136335560147731	0.0863124194261157	0.0867555495517902	0.08678820124526096	0.08683018199400906	0.08686283368747982	0.08692347254678265	0.08701209857191755	0.08716602798399395	0.0872336636347548	0.08728497343878026	0.08731762513225103	0.08735727361717979	0.08739225757446989	0.08739925436592791	0.0874109156850246	0.08742024474030197	0.08744123511467601	0.08744123511467601	0.08744823190613403	0.08745756096141138	0.08746922228050809	0.08748088359960479	0.08748788039106281	0.08749254491870148	0.0874995417101595	0.08750887076543686	0.08751819982071421	0.08752752887599158	0.0875345256674496	0.08754385472272695	0.08754851925036562	0.08754851925036562	0.08754851925036562	0.08759049999911374	0.08877062549169952	0.08878228681079622	0.08878928360225423	0.08880560944898962	0.08890822905704054	0.08901318092891083	0.08975717308728012	0.11896644516068786	0.2076157929337817	0.28911675210060006	0.3633690353169113	0.48887981275466574	0.6255901210528884	0.8045633820213618	0.9335352389670161	1.061070421399957	1.2177752274213773	1.3918204149395863	1.5209392045058592	1.6903128675939314	1.7784794367564218	1.885000922177114	2.0386504625951996	2.165369352691372	2.2324452601355755	2.347920306358712	2.438363165008878	2.4889219800845193	2.6139313208011155	2.6906791263041203	2.7533843713508817	2.988171037779969	3.1487357404223952	3.1901754039644192	3.229599991566534	3.2828199196600414	3.2997404936693497	3.310184371052352	3.320588599950425
CV_GBM_C020_R1 - polya	0.04212390694280544	0.043467027258948215	0.04501313805108235	0.04615326789123378	0.04693478122380049	0.04893085423771545	0.049678535824283596	0.05138365582261095	0.05215840280597795	0.05333743915402772	0.059114209783281614	0.06038120867092764	0.062177674383451106	0.0730765713568868	0.08369466483853444	0.08459628086939602	0.08609841039173204	0.08691037229569745	0.08789995086615529	0.08869499689712142	0.08956954753118415	0.09123406943431325	0.09301361927383744	0.09590454196941428	0.10046506133001998	0.10229535878854201	0.10322404021620245	0.10388545085047428	0.10422038513586	0.10480229116703521	0.10601177608648368	0.11062135147878731	0.12037166067557192	0.12245062146718336	0.12383095670392455	0.12424032083050712	0.1245414233698943	0.12494571273457705	0.12566125416244658	0.12623977701902195	0.12737821527187343	0.1282138593980378	0.129054578286102	0.1295755871744798	0.13005599796765938	0.13035371733244666	0.13066158622103355	0.13110985685551446	0.13155812748999535	0.13189813653728089	0.1321248092354712	0.13243436971135802	0.13287079923473943	0.1332192662185246	0.13375042463070197	0.13450656415376974	0.13532867558153472	0.13624551589809566	0.13684772097687004	0.13731798224624997	0.13764445859513608	0.1379557106583228	0.13832278510240717	0.1386932427210914	0.139171961926971	0.13973864367244684	0.14010740970383115	0.1404017458940186	0.14062334383030917	0.14077558668730267	0.14096166129029475	0.14111390414728825	0.14142515621047502	0.14174317462286146
CV_GBM_C020_R2 - polyg	0.08803358626284959	0.09376468403500543	0.09437703863757935	0.0944041040343782	0.0944650011771756	0.09450559927237387	0.09455296371677185	0.09460709451036955	0.09478978593876176	0.09488113165295788	0.09494372038305521	0.09498093530365362	0.09505029038295067	0.0951551687955462	0.09516362673204584	0.09517885101774519	0.0951974584780444	0.09524143974784252	0.09524820609704224	0.09526681355734144	0.095276963081141	0.09528711260494058	0.0952938789541403	0.09530233689063992	0.09532094435093913	0.09533616863663849	0.09539368260483604	0.0954579629222333	0.09546642085873294	0.09549517784283171	0.09552055165233063	0.09553408435073006	0.09554085069992976	0.09555269181102927	0.09558990673162768	0.09667252260358156	0.0966809805400812	0.09668943847658083	0.09671988704797954	0.09682307387327514	0.09698715784136816	0.09778897022153399	0.12774190654135795	0.21702388423155433	0.30279750986170023	0.3841730085120335	0.5493869569213949	0.7433139081597333	0.9731566409501415	1.1099451563715141	1.259139773050558	1.446080468740194	1.6615514758304146	1.8167055545671047	2.050513367988544	2.142596614247421	2.2687230549173476	2.4188429698494525	2.542677309727977	2.609706456487621	2.725336597961495	2.8243079877056787	2.8792845749533367	2.998840890550343	3.0702410988930016	3.1297545232790664	3.2961119847031792	3.4111737528442774	3.446179460428986	3.47472330452797	3.51110088941292	3.525832923207992	3.5361532973248524	3.5478709225514535
CV_GBM_C028_R1 - polyg	0	0	0.0002832801002811555	0.00042492015042173325	0.0006137735506091702	0.0007082002507028888	0.0009442670009371849	0.0010386937010309035	0.001321973801312059	0.0016524672516400737	0.0018413206518275108	0.0018413206518275108	0.0018413206518275108	0.0018413206518275108	0.0018649273268509404	0.002195420777178955	0.002643947602624118	0.0027855876527646956	0.0027855876527646956	0.0028091943277881253	0.002832801002811555	0.002927227702905273	0.0029744410529521327	0.003021654402998992	0.006421015606372858	0.02823358332802183	0.05854455405810547	0.05859176740815233	0.058615374083175756	0.05863898075819919	0.05866258743322262	0.05868619410824605	0.05868619410824605	0.05868619410824605	0.05868619410824605	0.05868619410824605	0.06116489498570616	0.0617550618612919	0.06409212268861143	0.10441232362862923	0.11763206164174983	0.11770288166682011	0.11770288166682011	0.11779730836691382	0.11789173506700755	0.11789173506700755	0.11789173506700755	0.11789173506700755	0.11789173506700755	0.11789173506700755	0.11789173506700755	0.11789173506700755	0.11789173506700755	0.11789173506700755	0.11789173506700755	0.1179389484170544	0.1179389484170544	0.1179389484170544	0.11796255509207784	0.11798616176710126	0.11798616176710126	0.11803337511714812	0.11808058846719498	0.11812780181724185	0.11812780181724185	0.11812780181724185	0.11812780181724185	0.11812780181724185	0.11812780181724185	0.11812780181724185	0.11812780181724185	0.11812780181724185	0.11812780181724185	0.11812780181724185
CV_GBM_C028_R2 - polyg	0.2955555712933389	0.32572490197328197	0.3306350903781553	0.3310127971785302	0.33139050397890507	0.33167378407918624	0.33209870422960797	0.3322403442797485	0.3322875576297954	0.33233477097984226	0.33242919767993595	0.3324764110299828	0.3325236243800297	0.33261805108012343	0.33266526443017025	0.3327124777802171	0.3327124777802171	0.3327124777802171	0.3327124777802171	0.33273608445524055	0.332759691130264	0.332759691130264	0.332759691130264	0.332759691130264	0.332759691130264	0.332759691130264	0.332759691130264	0.332759691130264	0.332759691130264	0.3327832978052874	0.33280690448031086	0.33285411783035773	0.33290133118040455	0.333255431305756	0.335781345533263	0.4165869941384626	0.4174840477893529	0.41767290118954037	0.4180506079899152	0.4193961884662507	0.4202696354421176	0.42546310394727216	0.6086036887790391	1.1279505392944909	1.5522333094905916	1.8864330077972848	2.2449711880531336	2.4854287798417882	2.629004577334287	2.731221480185737	2.825435720204245	2.9097115500378887	2.9735676059762657	3.0334341338356836	3.080647483882543	3.1268693535784178	3.16246821951375	3.2206350667714805	3.274080579024525	3.2885514708138874	3.310623711960794	3.332271032957279	3.340580582565526	3.3617321633865194	3.3753296082000146	3.382435217382067	3.392656907667212	3.401084490650576	3.4054281188548874	3.409512073633941	3.413477995037877	3.4155789891149624	3.4167593228661337	3.418624250192985
CV_GBM_C029_R1 - polya	0.09714572362895145	0.10036580951601333	0.10395445945038953	0.1070775547986845	0.10967690123763807	0.11419666034417675	0.11666022002885662	0.12211108830755778	0.12356594638906164	0.12513719311708582	0.13212051190830437	0.13467136307787447	0.13692154357726713	0.14347810399791122	0.15048082089688314	0.15166410546983963	0.15249822410323516	0.15320625503623375	0.15400157745412252	0.15456412257897068	0.1553012506735993	0.15645543808492568	0.15799758765131977	0.16044174922824628	0.16294410512843294	0.16407889443200596	0.16524278089720906	0.16612539479998806	0.16662974560157606	0.16692071721787682	0.16763844720475207	0.16972374378824095	0.17181873942560652	0.17274984859776898	0.17341908331526076	0.1736421615544247	0.173758550200945	0.1739913274939856	0.17459266883434055	0.17508732058205184	0.17559167138363985	0.17614451745461135	0.1765809748790625	0.17687194649536328	0.17723081148880088	0.17751208405122498	0.17781275472140246	0.17808432822994982	0.17851108660052428	0.17887965064783862	0.17906393267149576	0.17972346833511083	0.18020842102894546	0.1804218002142327	0.18076126709991694	0.18111043303947788	0.18198334788838016	0.18266228165974865	0.18293385516829602	0.1833509144849938	0.18353519650865097	0.18372917758618484	0.1838552652865818	0.18395225582534874	0.18404924636411568	0.18419473217226606	0.1843984123036766	0.184669985812224	0.18493186026689468	0.18507734607504506	0.18513554039830524	0.1851937347215654	0.18535861863746916	0.1855622987688797
CV_GBM_C029_R2 - polyg	0.2199163476001243	0.23262210817859139	0.2341545586911088	0.23430974355313589	0.23462011327719004	0.23487228867798404	0.23496927921675095	0.2350662697555179	0.23572580541913296	0.2358324950117766	0.2361719618974608	0.23629804959785783	0.23634654486724127	0.23640473919050145	0.23645323445988492	0.236482331621515	0.23649203067539168	0.23650172972926836	0.23650172972926836	0.23651142878314507	0.23652112783702176	0.23654052594477515	0.23654052594477515	0.23654052594477515	0.23654052594477515	0.23654052594477515	0.23654052594477515	0.23654052594477515	0.23654052594477515	0.2365890212141586	0.23677330323781576	0.23688969188433606	0.23700608053085637	0.23718066350063682	0.23807297645729253	0.2785277301769767	0.2788768961165376	0.279022381924688	0.2792357611099753	0.2795946261034129	0.27988559771971366	0.28133075674734076	0.33716820991545915	0.5316051429815124	0.7301447758374067	0.8748061644082743	1.1169915397092844	1.3988363463120899	1.6609920735452097	1.8235579155724517	1.993174969768049	2.143452110533522	2.302885158158592	2.4193222999482846	2.539900937743325	2.618793041976341	2.711545094199151	2.8213092869216796	2.917940960695166	2.969248955702869	3.0461236567295336	3.1255007136563844	3.167323033972682	3.247650598179449	3.29315855896889	3.323167431663376	3.3878019266976542	3.4263750639652604	3.4427955621785005	3.4576739108253465	3.4733281837823284	3.48012722054989	3.4845984843870452	3.4929493697748772
CV_GBM_C030_R1 - polya	0.10370203519286753	0.1060895981018209	0.10975179618925936	0.11290033532417397	0.11512619078511059	0.11920692579682772	0.12145180566341336	0.12434351532206607	0.1263981511321614	0.12799144510526772	0.13320888835451447	0.1348830360516292	0.1363241347795433	0.13926816155373084	0.1417888953022274	0.1426687740634951	0.14354389672335052	0.1442335314281279	0.14489938562584398	0.1452988981444736	0.14563182524333168	0.14619780131139032	0.1471252410867806	0.14844743727938825	0.15069707324738615	0.1514342689662861	0.15287061159278792	0.15332719732836467	0.15351744138485496	0.15382183187523946	0.15428792981364073	0.15521061348761872	0.15673732204095345	0.15713207845817084	0.15746024945561662	0.1576647618163437	0.1578787863798953	0.1581070792476837	0.15851134786772558	0.15883000666234687	0.1592770801950991	0.15961000729395713	0.15989061727728032	0.1601189101450687	0.16024256878178741	0.1604328128382777	0.1605992763877067	0.1607039106187764	0.16080378874843382	0.16098927670351187	0.16113671584729186	0.16132695990378215	0.1616503747998157	0.16186915546477953	0.1620118385071473	0.16213074104245373	0.16232098509894405	0.16275379032745949	0.16312476623761557	0.16322940046868525	0.16330549809128136	0.16346720553929817	0.16361464468307813	0.1637002545084988	0.1638096448409807	0.16393805957911167	0.1641140353313652	0.1642376939680839	0.16437562090903937	0.16446123073446	0.16453732835705615	0.16461342597965226	0.16475135292060772	0.1647894017319058
CV_GBM_C030_R2 - polyg	0.12560863829772662	0.13312327852909384	0.13425523066521117	0.13430279167933376	0.13441693811322794	0.13443596251887696	0.13448352353299955	0.1345691333584202	0.13485449944315564	0.1349829141812866	0.13511132891941757	0.13515888993354014	0.13524925586037304	0.13529681687449563	0.1353110851787324	0.13531584128014465	0.1353301095843814	0.13533486568579367	0.13533962178720593	0.13533962178720593	0.13533962178720593	0.13533962178720593	0.13534913399003046	0.13534913399003046	0.13535389009144272	0.13535864619285495	0.135377670598504	0.13539193890274076	0.13539669500415302	0.1354252316126266	0.13554889024934527	0.1356487683790027	0.13566779278465174	0.13580571972560718	0.13649535443038457	0.16664903738409856	0.1667584277165805	0.16681074483211533	0.1668915985561237	0.1672197695535695	0.16752416004395398	0.16917928333541968	0.23174104131225787	0.4414375525787011	0.6340168548624288	0.806454067665245	1.099429914660321	1.4233632257477828	1.7287382291246147	1.9292364402597517	2.157500771439649	2.366065330569975	2.5781779413538453	2.7353147759134284	2.903514302357923	2.96270398443347	3.0357529460243367	3.12752192277385	3.205365034588272	3.246895312120106	3.3060374331815314	3.3550490582348473	3.383276520116597	3.4477312064555132	3.479107207472178	3.4963290506859632	3.5460493348497053	3.5774443602720187	3.5890587599207517	3.60135803817285	3.617928295493156	3.62212793304018	3.625390618608989	3.629157450927497
CV_GBM_C031_R1 - polya	0.07363811877467767	0.07609881906337766	0.07919132077755468	0.08249996508465807	0.08402958958844454	0.0878702772012128	0.08951628617811347	0.09186060199369928	0.09294131495833104	0.09478684017485603	0.10034004217773307	0.10192785891807664	0.10344917024521211	0.109542728730405	0.11594387475168541	0.11714097218943137	0.11824662468401616	0.11918601364558068	0.11991757319086987	0.12050780873309183	0.12082370944583035	0.12153032946116649	0.12241983936282494	0.12430693046260502	0.12877941950085028	0.13041711530109995	0.1313814437926175	0.13190517392163137	0.13217119557446377	0.1325037226405043	0.13326022171574653	0.1363527234299236	0.1405508776386854	0.14186435954954552	0.14269567721464688	0.14310302287054655	0.14361012664625838	0.14390940100569488	0.14471577914084316	0.14519794338660197	0.14564685492575669	0.1465696175340192	0.14715985307624113	0.14746744061232864	0.1476337041453489	0.1478581599149263	0.14797454438804047	0.1481740606276648	0.1483652636906381	0.1485647799302624	0.1487310434632827	0.14907188370597424	0.14939609759536376	0.14957898748168608	0.14967874560149824	0.14998633313758575	0.15026898114372017	0.1510836724555195	0.15158246305458034	0.15176535294090263	0.1518817374140168	0.15203137459373506	0.15215607224350025	0.15222257765670838	0.1523722148364266	0.15256341789939992	0.15282112637558135	0.15330329062134013	0.15362750451072965	0.1537189494538908	0.15381870757370297	0.15388521298691107	0.1539683447534212	0.15416786099304552
CV_GBM_C031_R2 - polyg	0.12371669492038305	0.13337660618886074	0.13459032997990872	0.13469008809972088	0.13487297798604317	0.1350059888124594	0.13512237328557358	0.13528863681859385	0.13558791117803035	0.1356959824744935	0.1358206801242587	0.13585393283086278	0.13592043824407088	0.13598694365727898	0.136003570010581	0.136003570010581	0.13602850954053405	0.13604513589383607	0.13605344907048708	0.13605344907048708	0.13605344907048708	0.13607007542378913	0.13607007542378913	0.13607007542378913	0.13607007542378913	0.13607007542378913	0.13609501495374215	0.1361199544836952	0.13614489401364827	0.1362363389568094	0.13646079472638678	0.13653561331624586	0.1365522396695479	0.13656886602284993	0.1374750022778104	0.18020473026401984	0.18050400462345634	0.18051231780010735	0.18057051003666444	0.180919663456007	0.1811690587555374	0.18262386466946479	0.23848009858762453	0.4251691066394349	0.587658457460145	0.7232879345214304	0.9226046579061302	1.1361286001874122	1.396971143966263	1.5597847086763628	1.7338875672785385	1.8912476881055733	2.083356887333845	2.2157192859712818	2.3159595700292024	2.401069872582279	2.4864628231414896	2.639342141753628	2.767489759829001	2.815772689818088	2.899926977056298	2.9597153435303865	2.993283950847179	3.061967416337853	3.09901924467142	3.1300689594629554	3.23435776054992	3.2962992397766215	3.3153114747774897	3.335321290976479	3.3594793823243245	3.3675182241458543	3.372265048013583	3.3776021074235336
CV_GBM_C033_R1 - polya	0.10414388525964874	0.10683529534739261	0.11015882838552671	0.11350191161800276	0.11550254817233054	0.12022066174019147	0.12229298234043978	0.12555786479554798	0.12752591769263916	0.12932453557209994	0.13481814018219218	0.13678619307928336	0.13852290200999456	0.1455577136073784	0.15204837812891087	0.15301285438311446	0.1541760909464614	0.15478540533678598	0.15526764346388777	0.15558044657335923	0.15617998586651283	0.15712165356065083	0.15794602008873704	0.15947093524741032	0.1625109904675859	0.1638860208029708	0.16527408460125032	0.16597463323183742	0.16636237875295307	0.16670450715393745	0.16739528068735354	0.16811863787800627	0.16954254369924607	0.17001826509490056	0.17053634524496264	0.17079375613713182	0.1708719569144997	0.17102835846923542	0.17137700360166713	0.17156598881363946	0.17241968063323862	0.1732440471613248	0.17409773898092396	0.1746614362511173	0.17509479889236418	0.17545321912196687	0.17569107981979415	0.17582467281446423	0.17592894051762137	0.17616354284972496	0.1762026432384089	0.176326461135908	0.1765349965422223	0.17656432183373524	0.1766522977082741	0.1767924074343915	0.17694555062340356	0.17717363622405982	0.17748969769925493	0.1776004821338594	0.17772104166563485	0.17789047668326521	0.17797845255780406	0.17812182064964516	0.1782260883528023	0.17829451403299917	0.17839552337043266	0.1785258579993791	0.17862686733681257	0.17871158484562777	0.17882888601167957	0.17887124476608715	0.17892337861766572	0.1790243879550992
CV_GBM_C033_R2 - polyg	0.06831489576227381	0.07436242254538838	0.0748772443297268	0.07489679452406876	0.07496196183854198	0.07501409569012056	0.07507926300459378	0.07512488012472503	0.07529431514235539	0.07532364043386834	0.07535948245682861	0.07538880774834156	0.07544745833136746	0.07547026689143307	0.0754767836228804	0.07548655872005139	0.07550285054866969	0.075509367280117	0.07551262564584066	0.07551588401156432	0.07551588401156432	0.07551914237728799	0.07552891747445897	0.07552891747445897	0.07552891747445897	0.07552891747445897	0.07552891747445897	0.07552891747445897	0.07554195093735362	0.07555498440024827	0.07562992681189246	0.07565273537195809	0.0756592521034054	0.07567554393202372	0.07579610346379917	0.08120499056507621	0.0812473493194838	0.08126364114810211	0.0813059999025097	0.0814395928971798	0.08161554464625748	0.08268103023789458	0.12451192939825284	0.25409713422824565	0.39878812255313023	0.5112897158939691	0.6658665858244408	0.8604887704987045	1.1480297705146054	1.3711463634422836	1.5524613825011162	1.718673876430781	1.8749613883661747	1.9858761575995907	2.0969831704107023	2.1734537555793	2.26739895612389	2.386873452113363	2.4958625272040953	2.552900219196779	2.641025978558911	2.7088912198513193	2.743589556442584	2.8187014031044146	2.866677580019597	2.9101963126248114	3.0611107794818886	3.1412014089694726	3.162028882675113	3.1886041135172913	3.231963186202046	3.2445665448211667	3.252018427231179	3.262614632564524
CV_GBM_C035_R2 - polyg	0.08831758276496304	0.09492590982038566	0.09538090938813608	0.09540257603421944	0.09549790927698619	0.0955542425568029	0.09558890919053627	0.09564090914113632	0.09589657556491989	0.09598107548464496	0.09605907541054504	0.0960937420442784	0.09615224198870345	0.09620857526852016	0.09621940859156183	0.09624324190225353	0.09624757523147019	0.09624757523147019	0.09624757523147019	0.0962540752252952	0.09626274188372855	0.09626490854833687	0.09628007520059523	0.09628874185902857	0.09629524185285357	0.09629957518207025	0.09630607517589525	0.09630824184050359	0.09630824184050359	0.09631474183432859	0.09634074180962862	0.0963580751264953	0.09636890844953697	0.0963710751141453	0.0964187417355287	0.09746740740596296	0.09747824072900464	0.09748474072282964	0.097493407381263	0.09757357397177138	0.09769490718983817	0.09834273990773042	0.12777254528274865	0.22618678512255413	0.3458018381549204	0.44195841347284054	0.5537626405921581	0.7119269903360259	0.9746480740843296	1.2089555181589244	1.3809713547438798	1.520554388806664	1.677260573269122	1.7895782999006151	1.8856785419387185	1.9819044505241052	2.0861015182035576	2.244634200930842	2.387820398237288	2.4649558249586327	2.586230543080984	2.6585386410549576	2.6957099390755577	2.79414151223223	2.863375113126976	2.9176413949073416	3.134611188786037	3.2581739047347904	3.2911678733905205	3.326848506160586	3.3731587954991444	3.3878942815004325	3.396703939797924	3.4088979282136345
CV_GBM_C036_R2 - polyg	0.08372353981744035	0.09336013436947783	0.09408728868382657	0.09413048596982748	0.09421328076799591	0.09429607556616433	0.09437167081666593	0.09442566742416708	0.09459485679433732	0.09464525362800505	0.09467225193175563	0.09468845091400598	0.09471724910467325	0.09473164820000689	0.09473704786075701	0.09473884774767372	0.09474784718225723	0.09476404616450758	0.09476404616450758	0.09476404616450758	0.09476584605142428	0.09478204503367463	0.09478924458134144	0.09479104446825815	0.09479464424209155	0.09480004390284168	0.09480544356359179	0.0948108432243419	0.0948108432243419	0.09481804277200873	0.09482344243275884	0.09482704220659224	0.09483424175425906	0.09484144130192589	0.09487383926642656	0.09624715298387232	0.09626155207920598	0.09626515185303938	0.09628135083528971	0.0963461467642911	0.09640914280637576	0.09703910322722244	0.12214392594142096	0.20404058053840596	0.30425648417361234	0.3979783958133478	0.5015582880958755	0.6409163325086611	0.8430580323499435	1.0162215528322787	1.1661701318629554	1.2711449365059293	1.3904576403273734	1.4824624598485727	1.5532214142049883	1.638930229291554	1.7272272817643413	1.8611766659924291	1.9962941768294582	2.0817420083131015	2.208607037637039	2.2888837940089903	2.3226406731317883	2.3995768393863353	2.4543203999579113	2.5127267304049825	2.7520882917968033	2.8897292440910523	2.929076571977136	2.976345202183637	3.0432919960504723	3.0615572484811926	3.0718724004008275	3.090719016305644
CV_GBM_C039_R1 - polya	0.17366312357580416	0.17870298557521921	0.18683124785710414	0.19139597135152384	0.1947389101188126	0.20251081852195102	0.20584527267307917	0.21129239624820456	0.21427898113674682	0.21760919297979464	0.22773982467558856	0.2296064402309275	0.2323300020184902	0.23683957550786577	0.24015706042667267	0.2411370335932256	0.24204488752241315	0.24252426833548885	0.242889106830396	0.24318606839601808	0.24359332997172842	0.2441024069413663	0.24481087239077903	0.24627022637040763	0.24840834964288677	0.2492059035619861	0.24994406516796103	0.2506864690820163	0.25088585756179116	0.25113191143044944	0.25132705760214397	0.25171734994553296	0.2524215730868654	0.25265065772320244	0.25284580389489697	0.2529476192888246	0.25305791929891275	0.25313003853627813	0.25338457702109707	0.25350760395542626	0.2543560655714894	0.2548184771522438	0.25536573489460457	0.25587481186424244	0.2564051003742819	0.2566341850106189	0.2566596388591008	0.25666388116718114	0.2567656965611087	0.25685478503079534	0.2569693273489638	0.25707114274289145	0.2572196235257025	0.25737234661659386	0.257495373550923	0.2576862774145372	0.25797051205591837	0.2582377774649782	0.2583480774750665	0.2585008005659578	0.25854322364676097	0.2585898890356445	0.25867049288917043	0.2588147313639012	0.2588741236770256	0.2589547275305516	0.2590565429244792	0.2591116929295233	0.2592219929396115	0.259349262182021	0.2593747160305029	0.25939592757090446	0.2594086544951454	0.2594086544951454
CV_GBM_C039_R2 - polyg	0.07686213779916014	0.08283530757624467	0.08352256148525582	0.08355649994989835	0.08361589226302277	0.08365831534382592	0.08368376919230781	0.0837601307377535	0.08387891536400234	0.08396376152560865	0.08399769999025117	0.08401891153065275	0.08406981922761654	0.08411224230841971	0.08411648461650002	0.08411648461650002	0.08411648461650002	0.08411648461650002	0.08411648461650002	0.08411648461650002	0.08411648461650002	0.08412496923266065	0.08413769615690159	0.08414193846498191	0.08414193846498191	0.08414618077306223	0.08415466538922287	0.08415890769730318	0.08415890769730318	0.0841673923134638	0.0842183000104276	0.08426072309123075	0.084277692323552	0.08429890386395358	0.0844898077275678	0.09179930454995178	0.09185445455499588	0.09187990840347778	0.09192233148428093	0.09213444688829672	0.09235080460039283	0.09357683163560407	0.13896952809498223	0.2857279338254241	0.4449078176150304	0.5690716905097107	0.7492467569887995	1.030278455769314	1.302095861399383	1.489151951584744	1.6884089198090928	1.8784303833425944	2.0616174885587073	2.1991234203659804	2.334279113496759	2.4076371048215783	2.493565054988373	2.6038056727634573	2.7116790826297255	2.7726580189761836	2.8415827983570727	2.9058792196223378	2.939138914972013	3.010596352276851	3.0559169294988635	3.0847222013642073	3.1670823704354567	3.2230681101713836	3.243520277426585	3.26535119480789	3.303481059833768	3.3150625608930295	3.3200769690439627	3.326690727341175
CV_GBM_C049_R1 - polya	0.07143315252401361	0.073479919256046	0.07621225348570088	0.07855709304278652	0.07995803532053683	0.08280463079979546	0.08421550883838089	0.08715649404557305	0.08819974893325946	0.09021670838278652	0.09601174088986363	0.09721148401070301	0.09812309006732423	0.10067906454215592	0.10339152725014059	0.10404480352504897	0.10459127037097996	0.10495889352187897	0.10518493208087769	0.10537371153674475	0.10553019976989772	0.10576369014952278	0.10612137753958668	0.10689636688472515	0.10826998582017892	0.10881396872590113	0.10924120644181079	0.10947469682143585	0.10966347627730291	0.10983486815170854	0.11005345489008092	0.11030184891095865	0.11099735216941625	0.11134510379864504	0.11154381901534721	0.1115810781184789	0.1116009496401491	0.11163075692265442	0.1117971809166425	0.11191889398687258	0.11232874412132081	0.11276591759806559	0.11322793047689814	0.11344900115547932	0.11362039302988493	0.11377439732282911	0.11385636734971877	0.11395075707765229	0.11398553224057517	0.11403521104475071	0.11406501832725605	0.11418176351706857	0.11425876566354067	0.11430844446771621	0.11435812327189174	0.11444754511940772	0.11454441878755003	0.11464626033610989	0.11475306976508731	0.11484994343322963	0.11493191346011927	0.11496917256325093	0.11502630318805279	0.1151033053345249	0.11514801625828289	0.11527718114913929	0.11537157087707284	0.11545602484417125	0.11553302699064334	0.11555289851231357	0.11560257731648911	0.11562244883815932	0.11564728824024709	0.11568703128358754
CV_GBM_C049_R2 - polyg	0.08313251090735405	0.09021174050236896	0.09089730799999146	0.09093208316291433	0.09100660136917765	0.09105131229293564	0.0911208626187814	0.0911854450642096	0.09130467419423091	0.09137919240049422	0.09144129090571365	0.09147358212842775	0.09151580911197697	0.09157045579657005	0.09157790761719639	0.09159281125844906	0.09161765066053683	0.09162013460074561	0.09162758642137195	0.0916325543017895	0.09164000612241582	0.09164249006262461	0.09164249006262461	0.09165242582345971	0.09165242582345971	0.09165242582345971	0.0916549097636685	0.09165739370387727	0.09165987764408604	0.0916648455245036	0.0916971367472177	0.0917194922090967	0.09173191191014057	0.09174433161118448	0.09186852862162333	0.09553482436977842	0.09555717983165742	0.09556214771207497	0.09560437469562418	0.0957434753473157	0.09590989934130376	0.09660291865955259	0.13095581174694074	0.2522764194240349	0.38865467264673614	0.4862486834495908	0.6327316054415977	0.8523690505223006	1.1305703539053429	1.3411439011642177	1.5260186030230845	1.6883614832481335	1.8516954556164844	1.9691460844483037	2.094277056405662	2.1807156917308985	2.285098311124341	2.4193602472891644	2.5394637242639577	2.6068008593836978	2.69499564043654	2.759029135078606	2.794186824793638	2.880585717075534	2.9335209668647844	2.9752089353886912	3.132849716798525	3.223625311728286	3.249418546856228	3.276332039018329	3.3128633476688147	3.3254966675706554	3.3322132418951886	3.3418807371877497
CV_GBM_C050_R1 - polya	0.11050115928033044	0.11319071868198141	0.11844758478520831	0.12254305023772229	0.12556116377082494	0.1283767962694283	0.13070341796773147	0.13404626523540847	0.13629647899616473	0.13779407457208404	0.1495188725886562	0.1512189491990748	0.15327050232220915	0.15662672097895683	0.1596161815354794	0.16053880738135823	0.16132389893965265	0.1619141502572025	0.1625674381232285	0.16303161634382596	0.16352253734256478	0.16400390734911027	0.16448145695877842	0.16530666268428496	0.16649671631157797	0.16696089453217539	0.16743653394340485	0.16782621442489407	0.16805352803909612	0.16840118415493452	0.16867052213478734	0.16918627571322895	0.16995799588245264	0.17016811771070664	0.1703075621967297	0.17041835370617275	0.17051195342966768	0.17064566732037478	0.17084814835487405	0.1710066948252839	0.17118816367695777	0.17143457927554656	0.17170582745383806	0.1718223495585971	0.17196179404462017	0.1721528138884874	0.17226169519949175	0.17240113968551485	0.17248327821837778	0.1725444045684153	0.17265137568098096	0.1728041915560748	0.17291498306551778	0.17300476239213539	0.17310027231406902	0.17319005164068663	0.17332758592827105	0.17347276100961018	0.17360074430500122	0.1737077154175669	0.17380322533950052	0.17386435168953804	0.17397705339741973	0.17405537153340528	0.1741184080818815	0.17418908542411238	0.17424257098039522	0.17431515852106477	0.17436482368047027	0.17440111745080505	0.17442212963363043	0.17444123161801717	0.17447179479303593	0.1745291007461961
CV_GBM_C050_R2 - polyg	0.09499416835518658	0.10138951272786231	0.10209628615017116	0.10212302892831258	0.10220325726273682	0.10227966520028374	0.10232168956593453	0.10237899551909471	0.10255091337857523	0.1026235009192448	0.10268462726928232	0.10273620262712647	0.10281261056467338	0.1029157612803617	0.10292531227255505	0.10298834882103125	0.10299789981322462	0.10302082219448869	0.10303037318668205	0.10308194854452621	0.10309723013203559	0.103118242314861	0.10312970350549303	0.10314307489456373	0.10315071568831842	0.1031526258867571	0.10318509926021452	0.10321184203835594	0.10322521342742666	0.10323476441962001	0.10323667461805869	0.1032576868008841	0.10326723779307745	0.10329398057121886	0.10336465791344976	0.10552318214914974	0.10554801472885249	0.10554992492729116	0.10556138611792319	0.10564734504766346	0.10571420199301701	0.10632355529495355	0.13704909718100172	0.23574140971345836	0.3786605466965009	0.49556851154013914	0.6434713562496783	0.8712453282754336	1.1344171875682298	1.3559409903026485	1.5466303698400146	1.6953908936485176	1.858752974322234	1.970249346989113	2.1138733471960256	2.188491428805892	2.310039265657066	2.4633651637339966	2.578485182839037	2.646238011260314	2.7460038553153048	2.82222077301834	2.863011150477754	2.962501925957576	3.0269806742549683	3.057561041059677	3.1534892964513745	3.224233495627613	3.246462474858446	3.2704870406216306	3.3004141195603136	3.3121637501565884	3.319686111608081	3.3284176286712537
DC_1023_R1 - polya	0.04217118316894236	0.043094783173108386	0.04478477467009303	0.04660741084852704	0.047663655534142445	0.04910800873214676	0.0501937300136398	0.052409387470442347	0.053735834284936106	0.05480190450251072	0.10549919302906019	0.107012324950779	0.10796785793381247	0.11089341007466816	0.11395651966295281	0.11459026647432205	0.11511347605115015	0.11556545052127395	0.11600023031046913	0.1163613186099702	0.1165848494620423	0.11686487712287988	0.1170441930811355	0.1175698590409534	0.11826992819304732	0.11842468032140493	0.11872435904616094	0.11903140691988634	0.11923037394206042	0.11934336755959135	0.11951040160289798	0.1196872611781638	0.11996728883900139	0.12008028245653235	0.12014169203127742	0.12019573245705309	0.12025959841478798	0.1203529409684005	0.12040452501118637	0.12056418990552359	0.12075333139573843	0.12101370799265757	0.12124706437668889	0.12134777607927083	0.12145831331381196	0.1216400856550574	0.12170149522980249	0.12173342820866993	0.12174816650660875	0.12176781757052718	0.12180711969836402	0.12189800586898675	0.12198397927362986	0.12201836863548711	0.1220920601251812	0.12212153672105885	0.12219768459374275	0.12224681225353881	0.12226891970044704	0.12228857076436547	0.12236226225405956	0.12241875906282504	0.12242858459478426	0.1224605175736517	0.12249490693550893	0.1225391218293254	0.12254894736128462	0.12255631651025403	0.12258824948912146	0.12262509523396851	0.12263492076592773	0.12265702821283596	0.12265948459582576	0.1226865048087136
DC_1023_R2 - polyg	0.11655046010018505	0.12272089417057085	0.12342833247163418	0.12349711119534867	0.12358554098298159	0.1238164409840231	0.1238950452396968	0.12403751545310539	0.12440106013559628	0.1244894899232292	0.12460493992374994	0.12465652396653581	0.1247228463072605	0.12480390694592401	0.12480636332891382	0.12481373247788322	0.12481373247788322	0.12482110162685263	0.12482601439283224	0.12483583992479144	0.12484320907376086	0.12484320907376086	0.12485057822273027	0.1248653165206691	0.12486777290365889	0.1248726856696385	0.12490216226551613	0.12492426971242436	0.12492672609541416	0.12493409524438358	0.12495128992531221	0.12496602822325102	0.12497585375521024	0.12498076652118983	0.1250397197129451	0.1265995229114702	0.1266068920604396	0.12660934844342941	0.12661917397538863	0.12666338886920508	0.1267370803588992	0.12729959206356412	0.1562431528324159	0.2413740181100275	0.33071021106618226	0.4168457369866233	0.5064054607948502	0.5932901835271813	0.7381308065209304	0.8914017359356844	1.0427468610864326	1.1443674253745935	1.2886258855997594	1.386466076466613	1.4586051321111553	1.5528491782809368	1.7004581449041942	1.9066960607280758	2.071180378491282	2.1414869724254304	2.262569459141803	2.3293953583794007	2.3820159947869657	2.559917076440477	2.683183287634784	2.7189138346044626	2.8584732341701344	2.9624421005965473	2.9889562985884837	3.0220069317162865	3.0613999457237613	3.074352453228994	3.0820261936891393	3.0884422660585056
DC_1027_R1 - polya	0.02177296993227873	0.022468077401403455	0.023103846428041922	0.02391763078213916	0.0245661151893104	0.02517645345488333	0.02593089936649431	0.028249337083635924	0.0289656368536486	0.030372805632608406	0.08976422887108529	0.0910421246146286	0.09254677797767297	0.09883665288121622	0.10509897779360514	0.10584070832468334	0.10672866573188841	0.10744072704172349	0.1082184844843112	0.10874617277642115	0.10911491881187146	0.10957267251105116	0.11003890313058604	0.11057082988287355	0.11117481045818009	0.11148845651132173	0.11177879103348663	0.1120013101928101	0.11223018704239995	0.11253323694509762	0.11282145223717371	0.11325589440537667	0.1139086172727255	0.11405484414885234	0.11416716334355848	0.11425829023737666	0.11442359018430266	0.11450200169758806	0.11459524782149505	0.11475842853833225	0.11506147844102993	0.1154874436888777	0.11574387052962187	0.11588585894557113	0.11594307815796859	0.11602996659160919	0.11616983577746964	0.1162376511403111	0.11629698958279734	0.11637328186599397	0.116445335689013	0.11664030485718212	0.11671659714037874	0.11676745866250982	0.11692428168908063	0.11704083934396435	0.11717858929973601	0.11733117386612925	0.11743289691039141	0.11754309687500875	0.11757064686616309	0.11761303146793897	0.11767448914051402	0.1177211122024675	0.11773806604317787	0.11779104679539774	0.11784826600779522	0.11790124676001507	0.11794363136179098	0.11799237365383325	0.11801992364498759	0.11803899671578674	0.11807926208747385	0.11814071976004889
DC_1027_R2 - polyg	0.1423783542855961	0.14805789092356642	0.14882929067588774	0.14887167527766365	0.1490115444635241	0.14916412902991735	0.14927856745471227	0.14940995972021756	0.14977022883531269	0.14987407110966364	0.1499694364636594	0.1500139402955241	0.15006692104774397	0.15020467100351564	0.1502237440743148	0.15023857868493634	0.15024493637520273	0.15024493637520273	0.15024493637520273	0.1502576517557355	0.1502576517557355	0.15026400944600188	0.15027036713626826	0.15027248636635707	0.15028944020706742	0.15029367866724502	0.1503085132778666	0.15031699019822176	0.15032546711857694	0.15035089787964248	0.15036785172035283	0.1503805671008856	0.1503848055610632	0.15041235555221752	0.15049924398585812	0.1525400625613676	0.15256549332243313	0.15257185101269954	0.15259092408349867	0.15268417020740566	0.15276682018086868	0.15346616611017097	0.18433487158355738	0.27456956953435513	0.3682925202113093	0.4603603521889146	0.5698906400981898	0.6681762931563193	0.8340420745160293	0.9866245216791728	1.1292932104869338	1.2559807851950926	1.428299622175183	1.5297789549771263	1.6202170990164484	1.7215735164732417	1.9274694349801984	2.167781650129184	2.3416390481537395	2.410861579774136	2.523170178329821	2.585545477533321	2.6291698289111642	2.7535580389729803	2.8399314997019935	2.8751509845476764	3.0180972924970693	3.113903446351309	3.139372353558446	3.1708408011469613	3.2075352701344446	3.21974839313617	3.228098159686022	3.2352632766162372
DC_1030_R1 - polya	0.06301209612888574	0.06482434744309226	0.06739923813898221	0.06968322515319912	0.07123602183239994	0.0728988901749365	0.07396815776162668	0.07675926065335473	0.0779071508567133	0.07906290332173872	0.10344377675060823	0.10486881167772291	0.10566683123690712	0.10748301368194707	0.10948395927615773	0.11013652699450542	0.1105492957320145	0.11100923803952462	0.11130800398286451	0.11158318314120391	0.11197236509371246	0.11232223573788683	0.11258955263455936	0.11303573598415251	0.11355464525416392	0.11392220598708867	0.11443718412626666	0.11472612224252302	0.11490891982627705	0.1151585466341992	0.11540620787670464	0.11568728373129415	0.11607843124921943	0.11617867508547164	0.11631626466464132	0.11642240519714366	0.1164911999867285	0.11656982260339689	0.11663272069673161	0.1166877565283995	0.1169275555092381	0.11719290684049394	0.11744843034466623	0.11755457087716856	0.11769216045633824	0.11777274863842335	0.1178218877738411	0.11788478586717582	0.11797323631092776	0.11801058205384525	0.11806561788551312	0.11819731076843269	0.11832114138968541	0.11841941966052091	0.11846462766510524	0.11852556019302324	0.11859435498260809	0.11866118420677622	0.11873391012719449	0.11876142804302843	0.11880073935136262	0.11884987848678037	0.11887936196803102	0.11897960580428323	0.11901891711261742	0.11906609068261846	0.1190936085984524	0.11910343642553595	0.11912898877595318	0.11914471329928686	0.11916830008428737	0.11917812791137092	0.11921154252345499	0.1192508538317892
DC_1030_R2 - polyg	0.14707932900156787	0.1537032844558802	0.1544384059217297	0.1544777172300639	0.15454454645423202	0.15464675585590093	0.15476468978090355	0.15489441709840637	0.15525215000424758	0.1553327381863327	0.15540153297591752	0.15543691315341832	0.15549784568133634	0.15556467490550446	0.15556664047092117	0.1555725371671713	0.15558629612508826	0.15560595177925537	0.15560595177925537	0.15560595177925537	0.1556098829100888	0.15561577960633893	0.15562167630258905	0.15562167630258905	0.15562167630258905	0.15562364186800576	0.15563936639133943	0.155649194218423	0.155649194218423	0.1556511597838397	0.15565902204550652	0.15566295317633996	0.15566491874175667	0.15568064326509035	0.1557278168350914	0.15727275125262535	0.1573002691684593	0.1573042002992927	0.15732385595345982	0.157424099789712	0.15753810258388118	0.15843046928306748	0.19232467932881286	0.28549051451544505	0.3853746522963917	0.47819061683884956	0.5786231473710581	0.6814281153612358	0.8407175367314055	0.976903702193567	1.1092570150931444	1.2199026235305777	1.3727096101564382	1.4703215543156682	1.5788699044534722	1.6793967821256828	1.8888022249257046	2.1460082530946942	2.327453527842018	2.4118254233542897	2.5500616735460797	2.6181311694921603	2.66100211679602	2.7808760548649065	2.864573761439247	2.91596150369371	3.1238121842491147	3.2491366352185374	3.282663284531358	3.3206674918634436	3.362461309318946	3.377592231896779	3.3874691981157463	3.3952842862125845
DC_1032_R2 - polyg	0.11469526682202817	0.12329396483374848	0.12440953935713493	0.12449310299184553	0.1246017357169693	0.12478975389506815	0.12488167389324979	0.12501119752705123	0.12531202661200935	0.12539767933758772	0.12548124297229832	0.1255230247896536	0.12559614297002542	0.12565881569605833	0.12566299387779387	0.12566926115039717	0.12567761751386822	0.12573611205816565	0.12575073569424	0.12578833932985975	0.12578833932985975	0.12579042842072752	0.1257925175115953	0.12579460660246305	0.12579669569333082	0.1257987847841986	0.12582176478374402	0.12584265569242165	0.12584265569242165	0.12584474478328941	0.12585101205589272	0.12585101205589272	0.12585101205589272	0.12585101205589272	0.12587399205543812	0.12645267022580897	0.12646520477101558	0.12646520477101558	0.12647356113448666	0.1265174320427097	0.12655503567832949	0.12705850657746082	0.14871820069444724	0.21686016661920252	0.2844401671005291	0.34514496953604135	0.4093134846303078	0.47842269962683825	0.594960544594235	0.7147343913157997	0.8381683252376884	0.9249052889764191	1.0643917971262131	1.1575715171011307	1.235275251927646	1.3354116444922206	1.4807977452525827	1.6845488666765607	1.848095434350403	1.9345524599128532	2.078632878880862	2.1548972300994875	2.210740718085711	2.3801325620075593	2.5012998323379234	2.5418177497182235	2.708953375502886	2.843304898299714	2.8785332376028334	2.924545463965355	2.9854633536693793	3.0059970278086405	3.019181280275105	3.03059816186744
DC_1037_R1 - polya	0.07260972716695764	0.07435501345412111	0.07740926445665718	0.0800853700969745	0.08219716650444231	0.08393663517064856	0.08570519194164089	0.08839875044482984	0.09031274773975245	0.09128138162912819	0.11113110433513407	0.11322253906925162	0.11455477426845306	0.11620697862030116	0.11830423097537593	0.11897034857497665	0.11948229921921127	0.11996225294818122	0.12027349566939205	0.12054401504390239	0.12091343397468532	0.12121013264350311	0.12157955157428604	0.12231548062537331	0.12332192905097092	0.12384551493711995	0.12504685366478413	0.1257827827158714	0.12613474878378272	0.1263412743277637	0.12657107035557358	0.12665542585945316	0.1267775958995546	0.12696085095970674	0.12717319412464498	0.12721973509230267	0.12722555271325986	0.12728663773331061	0.1273826284791046	0.12750188970872744	0.12760660688595724	0.12772295930510147	0.1280516548891839	0.1281331015825849	0.12821163946550723	0.12840943857805243	0.12845888835618874	0.12850542932384643	0.12854906148102552	0.12860142006964043	0.1286537786582553	0.12872068129926323	0.12878758394027118	0.1288079456136214	0.1288399425288861	0.1288952099279796	0.12897665662138058	0.12906101212526014	0.12911337071387502	0.1292006350282332	0.12925008480636951	0.12929080815306998	0.12933153149977045	0.12938389008838536	0.12941879581412863	0.12943624867700027	0.12947406321322213	0.12947697202370076	0.12952060418087985	0.1295380570437515	0.12956132752758032	0.12957878039045195	0.129593324442845	0.1296049596847594
DC_1037_R2 - polyg	0.09673540127651403	0.10536293315605878	0.10609013577571023	0.10609595339666744	0.10623557629964052	0.10636938158165639	0.10645664589601456	0.10656718069420158	0.10689878508876265	0.10699186702407804	0.1070791313384362	0.10712276349561528	0.10721293662045206	0.10735255952342515	0.10735837714438236	0.10736419476533957	0.10736710357581816	0.10741364454347588	0.10743691502730471	0.10744855026921914	0.10745145907969775	0.10745436789017634	0.10746891194256937	0.10747182075304798	0.1074834559949624	0.107486364805441	0.10751836172070567	0.10755035863597034	0.10755035863597034	0.10755908506740616	0.10757362911979919	0.10757362911979919	0.10758235555123499	0.10759399079314942	0.10766380224463597	0.1109013083073242	0.11092748760163165	0.11094494046450329	0.11097402856928934	0.11101475191598983	0.11109328979891218	0.11183212766047806	0.14079515359595585	0.23028761678074147	0.32855596117948077	0.4162536882989666	0.49965510234155175	0.5799150010672425	0.7026115358653132	0.8359630434465168	0.9648698886164109	1.0529515787190729	1.1915680332665528	1.2989554985157212	1.372338969269988	1.46394613767272	1.578332200933414	1.754833003154256	1.9159811036690164	1.989315124645147	2.1154440558079726	2.1855318442899785	2.2433619054151404	2.4681547792017957	2.6233369094249355	2.655010946726474	2.784426833730124	2.885199663950943	2.913461666561077	2.9509358719569554	2.9976979092110216	3.0127917267845072	3.0221522789046604	3.0308816191509567
DC_2011_R2 - polyg	0.15790712245940974	0.16784173627814175	0.16878015574875768	0.16880271390910903	0.16891550471086575	0.16910499325781703	0.1692854585406278	0.16938922607824397	0.16972308685144386	0.16983136602113033	0.16994415682288705	0.17001183130394107	0.17040885492612473	0.17079234365209758	0.17079685528416785	0.17083520415676515	0.17084648323694082	0.1708600181331516	0.1708735530293624	0.17087806466143268	0.1708848321095381	0.17088934374160836	0.1708915995576435	0.17096604148680294	0.17107883228855966	0.17108559973666507	0.17113071605736774	0.1711735765620353	0.17118485564221098	0.1711871114582461	0.17119387890635152	0.17119839053842179	0.17119839053842179	0.17121418125066773	0.17126606501947583	0.17332111342748327	0.17332788087558867	0.1733301366916238	0.17335720648404543	0.17344518330941566	0.17354218339892646	0.17440390512434778	0.21352877843771928	0.33356074966722205	0.4669426401926503	0.5750120189878352	0.6847755156254061	0.7986513648950269	0.958509768224828	1.1139084232531684	1.276663294372082	1.4105189062648882	1.599235964132164	1.716734653954211	1.830109712064032	1.940193534578592	2.129603127968654	2.3707949784452267	2.5510437029166075	2.6482174902620934	2.771865534595917	2.848540721630136	2.894500717529964	3.035676452456782	3.142518667328854	3.182087936401147	3.3218086699853027	3.424662602107257	3.4543559085777313	3.4837266333551815	3.5127567299113265	3.525851741995282	3.537839148405986	3.5465849471742024
DC_2012_R1 - polya	0.06881043931736583	0.07097726802488896	0.07420025537916078	0.07761062571914609	0.0795389669903066	0.08130718098276653	0.083531928067692	0.08656071850949713	0.08906483659130453	0.09146844925350195	0.18153152611415282	0.18736935785997183	0.19033852644268628	0.19850672113810564	0.20724387871741867	0.20928294629831895	0.2115281351635041	0.21276145590583645	0.21407143332414247	0.21532178888335787	0.21647674946802822	0.21744773403036172	0.21857203194464256	0.22008813064723343	0.2218359028594337	0.22314076983267483	0.22460235712123994	0.22577435252279335	0.22652388446564725	0.22735688701122808	0.22839941780447037	0.22932270487953132	0.23060372310913618	0.23122208696199065	0.23169395138965096	0.23208234521458435	0.23242815199731012	0.23287276071795757	0.23322538142743657	0.23376027467756413	0.23491182829885787	0.23584022581898373	0.23677714074755113	0.23714509279222487	0.23750112046508048	0.2379338048139098	0.23823191410936306	0.23842440754014144	0.2386390462328678	0.23881620832845143	0.23900870175922984	0.239233561342086	0.23943968262637083	0.23960662383182466	0.2398638495667586	0.2400529360341604	0.2402147667945493	0.24035615577467856	0.24061508499130083	0.24079906101363768	0.24089956643324767	0.24101710666974066	0.24116190261324652	0.2413084020384407	0.24141231442142727	0.2415468894748033	0.24164228444934835	0.24175471424077644	0.24184329528856827	0.24191313803778874	0.2420630444263595	0.24214651502908643	0.2422163577783069	0.24233389801479993
DC_2012_R2 - polyg	0.13135887994852488	0.13851009607602652	0.13945041796797053	0.13950833634537288	0.13958669650303487	0.13977067252537173	0.13986606749991679	0.1399887181814747	0.14027149614173323	0.1404111816401742	0.14052190794991395	0.1405747158822514	0.14068033174692626	0.14082683117212044	0.1408472729523801	0.14085579036082163	0.14085749384250992	0.14094266792692514	0.14094948185367834	0.1409665166705614	0.140969923633938	0.14097162711562633	0.14098355148744443	0.14099377237757427	0.1410039932677041	0.1410056967493924	0.14103635941978188	0.14107553949861287	0.1410823534253661	0.1410823534253661	0.1410891673521193	0.1410891673521193	0.1410891673521193	0.1410925743154959	0.14110620216900233	0.1417586356556229	0.14176033913731123	0.14176204261899952	0.14177737395419426	0.14182336795977848	0.1418591410752329	0.14231397068601015	0.16178306290164052	0.2190984077863286	0.28121927451372325	0.337396693630624	0.3892097926620891	0.44668015438041286	0.5209195898384047	0.6352504668306393	0.7640898973621619	0.8363192244279547	0.9545987719736788	1.0343217149863224	1.0842371354170162	1.1497939247097206	1.3052826227730767	1.4801876051197258	1.594869399339751	1.6588129914736314	1.7612348279829302	1.8199793940041058	1.869651216553372	2.0886150492863247	2.254667037298856	2.2775209476291467	2.362708659897871	2.458701556515509	2.5014146563680524	2.5389014744008778	2.577270695948245	2.592050103075973	2.604270880707869	2.61457694492211
DC_2014_R2 - polyg	0.1385119915602458	0.15755266299610451	0.15923393368926095	0.15933877907769833	0.15958591463615784	0.15967203763380283	0.1598480281072513	0.15998282932095648	0.16028613205179318	0.16042467774365685	0.1604902061114302	0.16055011776196584	0.16061564612973922	0.1606736855411956	0.1606830467365918	0.16069428017106724	0.16069802464922572	0.16070551360554267	0.16070925808370115	0.16072049151817658	0.16072610823541428	0.16072798047449352	0.16072985271357276	0.16074295838712743	0.1607504473434444	0.1607560640606821	0.1607654252560783	0.16077665869055374	0.16078040316871223	0.16078040316871223	0.16078414764687068	0.16078414764687068	0.16078414764687068	0.1607897643641084	0.1608328258629309	0.16232500040908424	0.1623381060826389	0.16235308399527282	0.1624148678848877	0.16267323687782265	0.16292411691444064	0.16402312125395385	0.20178618348220068	0.33993870513923263	0.48754790638549983	0.6067514963215557	0.7261273322529016	0.8513520430677896	1.0147872812508623	1.1581221606792274	1.3068902779155434	1.4297278839044019	1.6162253630655385	1.7241936462870822	1.8304001525350624	1.955216715230676	2.0820964853916113	2.29628438053469	2.465229618327962	2.53462228756087	2.653576869699387	2.7277811933659377	2.762518717242135	2.857194103001083	2.9223742343057033	2.968588583737634	3.177831895472443	3.302485573368163	3.3265288676237477	3.345820419096224	3.3654190177776964	3.373321738931163	3.3787175319575296	3.383525441913015
DC_2017_R2 - polyg	0.10384466887492129	0.1117308459035381	0.11259374824253994	0.11266503147924009	0.11274756996384026	0.11289763993584058	0.11302144766274085	0.1131377518910411	0.11343414008574172	0.113559823687292	0.11364986567049218	0.11369488666209229	0.11373240415509236	0.1137961838931925	0.11381494263969254	0.11382432201294256	0.11382619788759256	0.11391811574544276	0.11392186749474277	0.11392937099334279	0.1139368744919428	0.1139368744919428	0.1139387503665928	0.11394250211589281	0.11394812973984282	0.11395000561449282	0.11395938498774284	0.11397064023564288	0.11397439198494289	0.11397814373424289	0.1139818954835429	0.1139818954835429	0.1139818954835429	0.11398564723284291	0.11400065423004294	0.1147341212181945	0.1147359970928445	0.1147378729674945	0.11475287996469453	0.11479790095629464	0.11484479782254474	0.11545258120914603	0.13707016067579209	0.20775124161329273	0.2728403402191314	0.334569747326813	0.3995556728269014	0.46713030534399547	0.5802980712294366	0.6970187437019854	0.8205788551484486	0.9186420783520577	1.0822296030803062	1.1786852017088618	1.2456951959563045	1.343944130750264	1.4536002592908976	1.6310429941840758	1.7824523406844985	1.853067766009249	2.0027250455865677	2.089302288308202	2.131325632217592	2.246650653950538	2.327060020822959	2.3761666674107635	2.6103827485863125	2.780869740277276	2.8205669996206604	2.862907366345901	2.9205586219644735	2.938139319184311	2.949899177365186	2.961407668342961
DC_2019_R2 - polyg	0.13710479033162523	0.15127886943438099	0.1523838716259165	0.15244647798237743	0.1525904726022376	0.15275637944685908	0.15285341929937352	0.15299741391923366	0.15341061587187585	0.15357808787540883	0.15367825804574634	0.1537283431309151	0.15381129655322584	0.15388955449880198	0.15390520608791722	0.15392868347159008	0.15393494410723618	0.15395216085526292	0.15395998664982055	0.15397094276220122	0.15397094276220122	0.15397407308002425	0.15397720339784732	0.15397876855675885	0.15398033371567035	0.15398033371567035	0.15399128982805102	0.15400537625825472	0.15400850657607779	0.15401163689390082	0.15401476721172386	0.15401476721172386	0.15401946268845845	0.15402102784736996	0.15403198395975062	0.1546455262530678	0.1546533520476254	0.1546533520476254	0.1546658733189176	0.15473160999320157	0.1548270846868045	0.155462539204883	0.1794407737294212	0.25943448053846974	0.34125159747944306	0.4165623488252136	0.4984639843474092	0.5742004589171141	0.6915717256922526	0.8160018591583614	0.9468444486849816	1.060719150451777	1.2308550544521917	1.3392297878038937	1.4360520832296415	1.5488515208242202	1.670156031944017	1.8737612941084476	2.0323901497913424	2.1078276790089463	2.250446524185868	2.338450714304094	2.3825099376634773	2.5105493275795587	2.599591218056124	2.656489439966734	2.8918877751009386	3.0331026727342243	3.0663982982590614	3.1023531287745767	3.1458974148520684	3.161979422667971	3.173010662676388	3.1831763698067324
DC_3007_R2 - polyg	0.10974735366407931	0.12542371839958055	0.1270323165229567	0.1271304538089982	0.12725845896470453	0.1273779304433638	0.12751873611464073	0.1276211402392058	0.12782594848833592	0.1279176855165921	0.12796888757887465	0.12800515570632476	0.12802435647968072	0.12806702486491617	0.12806915828417792	0.12807555854196323	0.128077691961225	0.128077691961225	0.12808195879974857	0.12808195879974857	0.12808195879974857	0.12809049247679566	0.12809049247679566	0.1280947593153192	0.1280947593153192	0.12809689273458097	0.12810115957310453	0.12810329299236628	0.12810329299236628	0.12810542641162806	0.1281182269271987	0.12813529428129286	0.12814596137760173	0.12815236163538704	0.12822703130954907	0.13095354112609378	0.13098340899575858	0.13099407609206745	0.13102181054247047	0.1311519491174386	0.13131195556207148	0.13219945797496868	0.16370792705208054	0.2618516133513815	0.34877778117228486	0.43204300153998737	0.5363650700213802	0.6431683051042141	0.8197002153388067	0.9800650744076902	1.130650339580611	1.2463926013702695	1.4141689589545494	1.5176824615357307	1.60017325071141	1.6857148294314235	1.789768087085833	1.9582250054146182	2.0945718304344716	2.1560612403972668	2.2757225933708005	2.3458395508282015	2.37936623452695	2.4594889283220622	2.513219092429792	2.566072421220934	2.81355545584428	2.964746612087544	2.9971639177701705	3.029760430670786	3.069339624815182	3.0823470820542065	3.090569279889076	3.098928016556699
DC_3024_R2 - polyg	0.08423888609098482	0.0919590177046795	0.09253021404091842	0.09256254590900742	0.09259847020688408	0.09266313394306207	0.0927457598281784	0.09280323870478105	0.09298645262395203	0.09302776556651018	0.09306907850906836	0.09308704065800669	0.09310320659205118	0.09311398388141418	0.09311937252609567	0.09312296495588335	0.09312476117077717	0.09313913088992784	0.09314092710482168	0.09315350060907851	0.09316068546865383	0.0931642778984415	0.09316607411333534	0.09316607411333534	0.09317325897291068	0.09317325897291068	0.09319122112184901	0.09321277570057501	0.09321636813036267	0.09323792270908866	0.0932504962133455	0.09326845836228383	0.09327025457717766	0.09327564322185916	0.09330258644526665	0.09414680744536821	0.09415039987515587	0.09415039987515587	0.0941629733794127	0.09421865604112153	0.09426535762836119	0.09484194260928162	0.11927226138030564	0.20234001536051127	0.27343240464353163	0.33111245731430017	0.3920490475875882	0.4582090307721428	0.5635570342954543	0.6790141352412584	0.7913530071313684	0.8696104976258889	0.9860986259207531	1.0632424631810973	1.1175025226940076	1.2301736943394768	1.339538034365399	1.4953255483224377	1.6297991763492528	1.6994671672214636	1.8420291509152091	1.9219535288312068	1.9586070899547652	2.098826809426953	2.205529158980214	2.250571043657973	2.4701726841482206	2.637755941313061	2.676785894741161	2.7202111860144695	2.775148418542355	2.795152863814974	2.8046153238756872	2.8149974459620424
DC_3028_R1 - polya	0.06780972785256331	0.06952593888136202	0.0718481566293693	0.07414128605485457	0.07534360338576439	0.07819425899292155	0.07942566464635338	0.08082190412740996	0.08244600213488895	0.08368225584207445	0.08611113077266244	0.0875703949525167	0.0883533556337342	0.0900986549850549	0.09190213098141964	0.09249844159312089	0.09287901381278388	0.0931214165004673	0.09333473086562873	0.09358682966081949	0.09378317583784307	0.09404981879429485	0.09429222148197827	0.09499761330313708	0.09605206499456	0.09651263010115851	0.09700228353027905	0.09730771091676019	0.09743860836810922	0.09753314541630577	0.09763737857200966	0.09802764689917998	0.09838397885007462	0.09850518019391633	0.09857062891959086	0.0986506218065264	0.09878394328475229	0.09879848744601329	0.09880575952664379	0.09884696798354997	0.09896089724676119	0.09902392194555887	0.09908209859060291	0.09919602785381412	0.09923238825696663	0.09928571684825699	0.09931238114390216	0.09935358960080834	0.09939722208459137	0.09944812664900488	0.09947479094465006	0.09954993577783192	0.09959841631536862	0.09964204879915162	0.09968325725605781	0.09970507349794933	0.09971961765921034	0.09977052222362384	0.0998165787342837	0.0998311228955447	0.09983839497617521	0.09985293913743622	0.09989172356746556	0.09991838786311075	0.09993535605124858	0.09996202034689376	0.0999862606156621	0.10002504504569146	0.10007110155635131	0.10008322169073547	0.10010503793262698	0.10013170222827217	0.10014867041641	0.10018503081956251
DC_3028_R2 - polyg	0.13240034801269066	0.14773959008929824	0.14889342688267138	0.14895645158146906	0.14907765292531078	0.1491552217853695	0.14920370232290617	0.1493055114517332	0.14962548299947534	0.14974668434331706	0.1498339493108831	0.1498630376334051	0.14990424609031128	0.14995757468160165	0.14996484676223215	0.14997211884286266	0.14997939092349316	0.14999151105787734	0.14999393508475417	0.15000120716538468	0.150010903272892	0.15001332729976882	0.1500181753535225	0.15002059938039933	0.15002302340727616	0.15002302340727616	0.15002302340727616	0.15002302340727616	0.15002302340727616	0.150025447434153	0.15003029548790667	0.1500472636760445	0.15005695978355185	0.15006907991793603	0.15021209750366926	0.15464806668827605	0.1546723069570444	0.15468200306455174	0.1547498758171031	0.15506257528421472	0.15532679421378964	0.1564806310071628	0.18775057771832554	0.2982595390063254	0.40154005214760535	0.49209927223925887	0.5790515403381828	0.67154513387755	0.8195998474608367	0.9447862914880685	1.0735312069704928	1.1801520291480507	1.333125093264434	1.4316617858077492	1.5161245783041644	1.6171483224231116	1.7198422210601976	1.9395366249614459	2.130031201104348	2.2018284531693038	2.338899900973654	2.4164202804948154	2.448005350699967	2.535529689141824	2.601436555896072	2.6697286650971255	2.9900274564676286	3.1532396101117603	3.183396928486456	3.2127155335617674	3.2480069408615977	3.261569371237486	3.2702449634296764	3.281395487063114
DC_3030_R2 - polyg	0.07837617501204852	0.0863799945049748	0.08704210000045041	0.08709164530963566	0.08725829771325877	0.08735288421261243	0.087393421283764	0.0875375530923029	0.08779428787626284	0.08787986613758282	0.08796769645841121	0.08800372941054595	0.08808029943383225	0.0881636256356438	0.0881636256356438	0.08817939005220274	0.08819515446876168	0.08820416270679536	0.08820641476630378	0.08821767506384588	0.08822443124237114	0.08822668330187956	0.08822668330187956	0.08823569153991324	0.0882401956589301	0.0882401956589301	0.08824469977794694	0.08825596007548904	0.08825821213499746	0.08825821213499746	0.0882627162540143	0.0882627162540143	0.08826496831352272	0.0882852368490985	0.08836856305091007	0.09018597507420537	0.09019948743125589	0.09020399155027273	0.09021074772879799	0.09028731775208429	0.09037965219192952	0.0910597741634725	0.12096487237578765	0.2179002697967291	0.3070210207234516	0.3891964201262054	0.48335277611375604	0.5790202640314568	0.749582242961188	0.8992090767006427	1.043611132380562	1.1640242501767868	1.3447722942631035	1.4554407505663929	1.5441876596147177	1.6606191362000549	1.7854485426922921	1.9719235741085224	2.1249555218247087	2.199944599336093	2.3239407438102146	2.3983600502659685	2.4369603502402946	2.5663096401659313	2.662981546624388	2.7114030781149365	2.9056837477873514	3.0320963521140083	3.0615780631387404	3.0945617266990664	3.136652718911445	3.1501605718429504	3.1578851359568327	3.166463230624406
DC_3031_R2 - polyg	0.11456027993195875	0.1285519911904679	0.1296479007779988	0.12968742538607367	0.1298311512336187	0.12993535247308885	0.1299964359582955	0.1300934509053884	0.13037730945428985	0.13044737580496807	0.13051384900945762	0.1305515770444382	0.13060367766417327	0.1306503885646254	0.13065398171081405	0.13065577828390834	0.13065757485700266	0.13066476114937992	0.13067194744175714	0.13067913373413442	0.13067913373413442	0.13068452345341736	0.13069530289198322	0.13070608233054912	0.13071147204983205	0.13071506519602066	0.1307186583422093	0.13072225148839792	0.13072584463458656	0.13072943778077517	0.13073842064624674	0.13074381036552968	0.13074740351171832	0.13075458980409557	0.13077614868122733	0.13165467292434635	0.13166724893600654	0.13166904550910086	0.13169958725170416	0.1317876193333255	0.13188822742660702	0.1324954691324848	0.15873262260183094	0.23899991530954434	0.3069894274907231	0.3733386684367942	0.46484532242252935	0.5460360537007196	0.6592722592621697	0.7742762927484237	0.8816538734493193	0.9774705062883113	1.1292252389918307	1.2379628255251212	1.326521303063089	1.4252717397650938	1.5364113445254808	1.728874626973037	1.8921418000649137	1.960627166420123	2.122994256391749	2.213410390509236	2.253802743388674	2.34742576047951	2.4095368854960966	2.4745225274635843	2.778455984120881	2.9442311732524185	2.980450086833767	3.0236504834596163	3.075995437135518	3.096048786014239	3.1059532934831866	3.1169177790777782
DC_3042_R2 - polyg	0.1627520608780322	0.1760106542410651	0.1771582244142328	0.17723472909244395	0.1773345178031542	0.1776405365159989	0.17777358813027921	0.17785341909884742	0.17816941668276315	0.17825091079650984	0.17833074176507802	0.1783656678138266	0.17839893071739665	0.17843884620168077	0.1784454987823948	0.17845714079864433	0.17847377225042935	0.17877812781809554	0.17878145410845256	0.17878478039880957	0.17878478039880957	0.1787881066891666	0.1787881066891666	0.1787881066891666	0.1787930961247021	0.1787980855602376	0.17881471701202264	0.17882802217345067	0.17882802217345067	0.17883301160898618	0.1788346747541647	0.1788380010445217	0.1788413273348787	0.1788479799155927	0.17886793765773476	0.1798758036359081	0.17988411936180065	0.17988744565215764	0.1799074033942997	0.17995896089483332	0.18001550783090245	0.18036975775392378	0.19461958564334497	0.24736290868923835	0.30079810012938935	0.3508803908896766	0.4051138920155094	0.4627884405156668	0.5684297591090545	0.6572566799477679	0.7462299575621898	0.8244626436138336	0.928981339211731	1.0029513841708693	1.078338428822093	1.1842957449993965	1.2979201604496027	1.4897273675960978	1.6537251242128292	1.7515529867576056	1.9206216730235957	2.0187355965390745	2.064984337662911	2.1862193054499506	2.280456437554337	2.345453814275447	2.6043256875999323	2.785966088270233	2.8314930243865977	2.893724590675856	2.9693311704906424	2.9966100777084623	3.0125230507763874	3.0301623685395995
DC_3047_R2 - polyg	0.14756671373434452	0.15563514628159275	0.1563928139880612	0.1564656666521447	0.15657858828147414	0.15678621837411214	0.15691735316946243	0.1570557732312211	0.15751838764815135	0.1577515161732186	0.1578662591191501	0.15794457573303988	0.15803928419634844	0.15825419955539477	0.15825784218859892	0.1582633061384052	0.1582742340380177	0.15853832494532044	0.15854925284493296	0.1585747512773622	0.15857839391056636	0.15858203654377054	0.15858385786037263	0.15858750049357678	0.15859660707658724	0.15859660707658724	0.15862210550901645	0.15865306789125194	0.1586639957908645	0.15866763842406867	0.15866945974067073	0.1586731023738749	0.1586767450070791	0.15868220895688534	0.15869313685649789	0.15938705848189327	0.15938887979849536	0.15939434374830164	0.15940162901470997	0.15941802086412876	0.15943077008034337	0.1597640710185254	0.17609945962264945	0.23401914888563835	0.28659873787130635	0.3380946434787322	0.39732385937862214	0.46393487146677326	0.5939258799909721	0.7089110610305709	0.8258049818691575	0.9222855862315459	1.0574473125890713	1.1496787853187893	1.2409139978671653	1.3526080598067918	1.4687370276725016	1.648306095422128	1.793179081901985	1.8613855673335649	2.0036449644894256	2.0892213463551155	2.1353170482373516	2.2941303919895875	2.411769231318428	2.460693437883706	2.645741025972412	2.7942876080386796	2.8315335325513717	2.8772576858467818	2.933869669789472	2.9563447166592334	2.9693525598313433	2.981653732161843
DC_3049_R1 - illumina_universal_adapter	0	0	0	0	0	0	0	0	0	0	0	0	0	0	0.0000017484254292533044	0.000006993701717013218	0.00003496850858506609	0.00005070433744834583	0.00006818859174087888	0.0000786791443163987	0.00008392442060415862	0.00009441497317967844	0.00010665395118445158	0.00011889292918922471	0.00013637718348175775	0.00015386143777429079	0.00017134569206682385	0.0001958236480763701	0.00022030160408591638	0.00026401223981724895	0.0003112197264070882	0.0003496850858506609	0.0004283642301670596	0.0004930559710494319	0.0006102004748094033	0.000792036719451747	0.0010875206169955554	0.0016697462849369058	0.0024477956009546263	0.0038622717732205497	0.006238381931575791	0.009754465469804185	0.014550396422246	0.020638413766906005	0.02697295909709073	0.03365194423683835	0.04055123098067189	0.048378931627438934	0.05527122466955546	0.06188027279213295	0.07070982120986213	0.07825427693709014	0.08501893492287119	0.09089888964145004	0.09508636854451172	0.09823003746630915	0.10035262593742267	0.10169716509251846	0.10317458458023751	0.10447541309960195	0.10562762545747989	0.10692320870055658	0.10840587346456339	0.11017877684982624	0.11170165539870586	0.1132315276493025	0.1142875766085715	0.11532788973897722	0.1163507186150904	0.11729311992145794	0.11826874131098128	0.11938073988398638	0.12013605966942381	0.12079696448168155
DC_3049_R2 - illumina_universal_adapter	0	0	0	0	0	0	0	0	0	0	0	0	0.000003496850858506609	0.000006993701717013218	0.00001573582886327974	0.00002797480686805287	0.00005594961373610575	0.00007168544259938549	0.00008916969689191853	0.00009966024946743836	0.00010490552575519827	0.0001171445037599714	0.00014337088519877098	0.00016959726663757054	0.00021155947693964983	0.0002325405820906895	0.00025177326181247584	0.00028849019582679523	0.00032695555527036796	0.0003759114672894605	0.0004318610810255662	0.00048431384390316534	0.0005507540102147909	0.000643420557965216	0.0008147662500320399	0.0010630426609860091	0.0014669289351435225	0.0021295821728305247	0.0030719834791980557	0.004621088409516484	0.00711084622077319	0.010737080561044544	0.015734080437850486	0.021975959220284787	0.028466114413673048	0.035386382262657626	0.04254793282087917	0.05056271498857631	0.05768929703821278	0.06460431961090961	0.07376956571105542	0.0817756057516063	0.08903506813386602	0.09533114810460717	0.09997146919384545	0.10366938897671618	0.10629552397145464	0.1084688167800165	0.11099354309985827	0.11332244577162368	0.11523347476579754	0.11743124553036893	0.11973217339526629	0.1224649623411892	0.12532363791801837	0.128295961147749	0.130422046469721	0.13258834557656585	0.134922493524619	0.13685974890023167	0.1388616960167267	0.14115737860533628	0.14281488591226843	0.14413145026049615
DC_3049_R2 - polyg	0.14872106701228607	0.16897482718475637	0.17052043526421629	0.17060086283396192	0.17081417073633084	0.17102398178784123	0.17128274875137073	0.171422622785711	0.17176531416984464	0.17190693662961415	0.17203632011137887	0.17213423193541708	0.17218318784743616	0.1722653638426111	0.17228459652233286	0.17228634494776213	0.1722985839257669	0.17237726307008328	0.17238600519722955	0.17239474732437582	0.17239474732437582	0.17239999260066358	0.1724034894515221	0.1724104831532391	0.17241223157866836	0.17241922528038536	0.17243845796010715	0.17246118749068745	0.17246118749068745	0.17246293591611672	0.17246818119240448	0.17247692331955072	0.17247867174498	0.17247867174498	0.17251713710442357	0.17357668291455106	0.17358717346712657	0.17358892189255581	0.17360290929598987	0.1736536136334382	0.1737095632471743	0.17411694637219033	0.19254709882194943	0.2517767586633343	0.298821641688253	0.3475992143135617	0.4103012470574437	0.4839833914970365	0.6115240328593481	0.7239687690654866	0.8398788844724051	0.9258874281882337	1.0500483631957986	1.1365237365012377	1.2184689395194817	1.3343720612246832	1.460837420948004	1.6413868244744172	1.7739541889458321	1.846760372245369	2.0020852421039446	2.0907234176653704	2.1356474606446048	2.2446792704128407	2.317777440759063	2.3790265319712356	2.640718611243865	2.818152320655349	2.861817497325521	2.9155203843850366	2.976437274765651	3.001771959235531	3.0167489714625146	3.0301419102505953
DC_3051_R2 - polyg	0.12362996499593208	0.1352141446371748	0.13616410890390354	0.13622564505073617	0.13628333518839175	0.13644102156465038	0.13654870982160747	0.13660639995926308	0.13689485064754103	0.1370198459457948	0.13712368819357487	0.13717176330828784	0.13722368443217792	0.137283297574422	0.13729675860654164	0.1373044506248957	0.13731406564783832	0.13761982337741296	0.13764097642788667	0.13765636046459484	0.13765636046459484	0.13765636046459484	0.13765828346918335	0.13766020647377186	0.13766020647377186	0.13766020647377186	0.13766789849212596	0.13767174450130298	0.13767559051048003	0.1376832825288341	0.13768712853801116	0.13768712853801116	0.13768712853801116	0.1376909745471882	0.137723665625193	0.13864863083227102	0.13865439984603656	0.13865824585521358	0.13866978388274473	0.13872362801122326	0.13879093317182145	0.13919861014458765	0.1563075819686475	0.21370734593137228	0.27071289395345055	0.3258281284650139	0.3928775294529306	0.46088074071675306	0.555471413421449	0.6522139282606985	0.7440297053441605	0.8194864823930854	0.9212807302863761	1.0001643015120432	1.069050171881996	1.1485414125576354	1.2324017196583914	1.3609834214697618	1.4867633055956588	1.5813501322911776	1.742071009790478	1.8431325929355427	1.8829291728949582	1.971773907889157	2.039123297592883	2.1029535888996174	2.3551671787115085	2.535310402554858	2.5870930701145163	2.652888672110718	2.7258224671395053	2.751863795277239	2.7670689925586647	2.783866437639384
DC_3059_R1 - polya	0.04769480849456899	0.049574079021962966	0.051370953202456035	0.052907961981184665	0.05391256359532277	0.05596613408731484	0.05704996295808843	0.05854260447310119	0.059341215219987	0.060559730427040936	0.06464310323403444	0.06618011201276307	0.06751271446937213	0.0787867530886033	0.09014794169013352	0.09092278426002867	0.09286068295733292	0.0933202010458188	0.09372426005465984	0.09407761361925415	0.09433114084048774	0.09511390613604645	0.09592202415372852	0.0974526947519263	0.09937316345277075	0.10012106875540984	0.10057900229876302	0.10088640405450873	0.10106228856423954	0.10130630851467687	0.1016454011730768	0.1031000136049045	0.10541344949866101	0.10595061029864969	0.10639586748094118	0.1065590756296103	0.10665256379244017	0.10678091194818967	0.10688390738181583	0.10704711553048496	0.10738462364375218	0.1076936099446306	0.10801527260657072	0.10826721528267161	0.10846845251452576	0.10854926431629397	0.10865701338531825	0.1087283179162902	0.10880754517292568	0.10892955514814434	0.10911019329327329	0.10926389417114615	0.10942234868441714	0.1095586195658302	0.10968855226671241	0.10985968314104508	0.11011796399767682	0.1104031821215646	0.11052202300651784	0.11065037116226734	0.11076287386668975	0.11086428475518317	0.11091815928969531	0.11098154109500372	0.11107978289323173	0.11113365742774386	0.11121130013924665	0.11130478830207655	0.11135549374632325	0.11139193828437559	0.11142996736756063	0.11147750372154193	0.11150919462419612	0.1115202864401251
DC_3059_R2 - polyg	0.13481943807149194	0.14221609475098193	0.14299252186600978	0.1430432273102565	0.14311294729609575	0.14322386545538543	0.14333795270494054	0.14341717996157605	0.14361366355803207	0.14370556717572924	0.1437800407969666	0.14382916169608062	0.14385134532793858	0.1438862053208582	0.1439068044075834	0.1439226498589105	0.14393532621997218	0.14417776162527682	0.14418093071554225	0.14419677616686932	0.14419994525713475	0.14420311434740019	0.14420311434740019	0.14420945252793102	0.14420945252793102	0.1442110370730637	0.1442379743403198	0.14426174251731044	0.14426808069784128	0.144269665242974	0.144269665242974	0.144269665242974	0.144269665242974	0.1442744188783721	0.1443045252358936	0.14553413225887651	0.14554047043940735	0.1455452240748055	0.1455610695261326	0.14561811315091017	0.14566723405002413	0.14606970851373247	0.16233981793639807	0.21822038658654658	0.26504686434839053	0.31093687593680286	0.3626041390790757	0.42118794172562735	0.5252735424030774	0.6234139297425998	0.7136395141442362	0.7877296754594871	0.8908708872378421	0.9655013784433473	1.0518622572663041	1.149120052966907	1.2638680578423624	1.4391821313253894	1.5720367334323209	1.6484466688218593	1.820987788322644	1.9241654446390513	1.9753319915193877	2.0911527334496878	2.1720089024816103	2.23890047525896	2.5040138905029243	2.7043938834402894	2.755335424911781	2.818664940230799	2.8899013357620396	2.9194499333968142	2.9358325455239025	2.950180601700591
DC_3060_R2 - polyg	0.11211838933650882	0.1212056799292854	0.12226275829082683	0.12233442462042286	0.12243475748185731	0.12255659024217055	0.12263183988824639	0.12274650601560004	0.12299733816918615	0.12313529585365851	0.12321771213269393	0.12327504519637075	0.12331804499412838	0.12337537805780521	0.12338075303252491	0.12338433634900471	0.1233861280072446	0.12344883604564114	0.12345958599508054	0.12348108589395934	0.12348108589395934	0.12348108589395934	0.12348108589395934	0.12348825252691895	0.12349362750163864	0.12349721081811846	0.12350437745107806	0.12350975242579776	0.12350975242579776	0.12350975242579776	0.12351691905875736	0.12352587734995688	0.12353304398291648	0.12354200227411596	0.12356529383123468	0.12490903751116024	0.12491799580235974	0.12491799580235974	0.12493412072651885	0.12499503710667548	0.1250559534868321	0.12576365849159288	0.15672709619355757	0.257119082349916	0.3441237981377361	0.4256872478509776	0.5089957726898824	0.5991573902964076	0.715959174272017	0.8265707790287693	0.9581555351417997	1.059015144098772	1.207993318404759	1.2985562674570221	1.3807736724278272	1.49245848047028	1.6144883231899199	1.7887396286279467	1.9207525910603134	2.0051629857167574	2.1418306762563857	2.2267015270804844	2.265299220542666	2.3555468377447064	2.422003025179105	2.4769334751562218	2.6865556975663694	2.8303434379513632	2.8682495513329433	2.9147699575319663	2.967124002960106	2.9880416129109473	3.000826886110879	3.014018865731268
DC_3079_R2 - polyg	0.1014916035244788	0.11346272201265763	0.11452514077138588	0.11460437200085037	0.11473042168408931	0.11486367420637049	0.11494650685535608	0.11501853524577833	0.11522741757800288	0.1153174530660307	0.11538047790765016	0.11541108997357963	0.11543629991022741	0.11547771623472022	0.11547951694448078	0.115486719783523	0.11549212191280467	0.11553713965681858	0.11554254178610024	0.11555334604466358	0.11555514675442413	0.11555694746418468	0.11555874817394525	0.11555874817394525	0.11556234959346637	0.11556415030322692	0.11557495456179026	0.11558215740083248	0.1155857588203536	0.11558755953011415	0.11558755953011415	0.1155893602398747	0.1155983637886775	0.1156019652081986	0.11564338153269141	0.1176781835621201	0.11769619065972567	0.1177033934987679	0.11771419775733125	0.1177574147915846	0.11784925098937296	0.11838406178825821	0.13966845115803467	0.21254137445799087	0.2729443826660941	0.3319392358414423	0.39726898595442783	0.4760860521739807	0.625773652439751	0.7499541989472402	0.8816509079952918	0.9866574969723767	1.1369897513324263	1.2319609848139303	1.3295936673215367	1.4414339498399331	1.5693527698103376	1.7877788637658265	1.953937556211406	2.0301255861805467	2.18859344723879	2.2847567505817823	2.329410751224059	2.4407360307509363	2.512969702085895	2.56994595961966	2.795780173530078	2.9444503727811338	2.9776284501193855	3.0238814810290364	3.0768241486991545	3.096525714189402	3.1094314010433095	3.1216582203174874
DC_3083_R2 - polyg	0.10137819465752372	0.11086737710048009	0.11167724886782515	0.11174751171522039	0.11182517065181512	0.1119361119898076	0.11201746897100208	0.11206184550619908	0.11223565360238728	0.11228372818218402	0.11234104787348013	0.11237617929717775	0.11239836756477625	0.11241685778777499	0.11242240485467461	0.11242795192157423	0.11243164996617398	0.11245014018917274	0.11245383823377249	0.11245753627837222	0.11245753627837222	0.11246493236757173	0.1124667813898716	0.11246863041217148	0.11247232845677123	0.11247232845677123	0.11247972454597073	0.11248712063517022	0.11248712063517022	0.11248712063517022	0.1124963657466696	0.11250745988046884	0.11252040303656796	0.11252779912576746	0.11256477957176496	0.11359838303739485	0.11360393010429447	0.11360393010429447	0.11362057130499334	0.11370747535308745	0.11377034211128317	0.11434538804654418	0.14107855245813095	0.2401491672854112	0.3399538439657416	0.42611643411759736	0.5135548496563667	0.6291686670006247	0.8048516718009086	0.9407936403099878	1.0861415852585292	1.1960899982759716	1.3570566345915536	1.4636231858225255	1.5526129310708894	1.6761146775464124	1.8023289397358517	2.008494926171868	2.1810826676421615	2.265817812578514	2.4010553035913413	2.4852135535701327	2.520254375175056	2.594429753756825	2.648698558258144	2.6943416737305483	2.8780180019331896	3.0044153173303165	3.0341605390683988	3.0683822437944777	3.1062761068081075	3.1229783252428747	3.132413886039135	3.1449317670092856
DC_3099_R2 - polyg	0.09862767744125253	0.10686187236555633	0.10755406388283582	0.10760213273820245	0.10765500847910574	0.10778479438859564	0.10786651144271892	0.1079193871836222	0.10805397997864878	0.10809003162017375	0.10810445227678372	0.10813089014723538	0.10815252113215038	0.10817895900260202	0.10818616933090701	0.10819097621644368	0.10819337965921201	0.108200589987517	0.10821020375859033	0.1082462554001153	0.10825106228565196	0.10825586917118862	0.10826548294226195	0.10826548294226195	0.10827269327056695	0.1082775001561036	0.10830634146932358	0.10833998966808023	0.10835441032469022	0.10836402409576354	0.10837363786683687	0.10838084819514186	0.10838084819514186	0.10839046196621518	0.1084217067222035	0.10923887726343622	0.10924128070620455	0.10924368414897288	0.10925570136281454	0.10929175300433952	0.1093133839892545	0.10965467286235757	0.122830346118351	0.17096169099695815	0.21640358341780233	0.25888683779083044	0.30518675927996897	0.35333733170072273	0.42834157017204466	0.49996416466832416	0.5835462903798214	0.6407362110522701	0.7291829049268702	0.7873390095921882	0.8362586836988081	0.910871160998892	1.0001758839417865	1.1387800249486975	1.2514534219280793	1.3257798895387318	1.4723586536509665	1.5630285320862733	1.6028487718719902	1.7406597767653516	1.8468943505683733	1.8946459514895841	2.1137461976934544	2.3006859762142806	2.343294209611262	2.4014310867344335	2.482674662632344	2.512777783305696	2.527272946641504	2.542044505895669
DC_3112_R1 - polya	0.06959837419246202	0.07167862684542571	0.07495461527528977	0.07713860756186582	0.0785254426638416	0.0809223741983588	0.08257674835544015	0.08454234141335859	0.08595101643820015	0.08756444073990818	0.10071753428581241	0.1032755352514646	0.10572160661242977	0.11346931924905827	0.12140813121076219	0.12248920739261733	0.12366037325629373	0.12437563073014739	0.12496803863788114	0.12543759697949497	0.1258907753789595	0.1263630637109316	0.1269063317922174	0.12807476766553555	0.12988748126339367	0.13076926814909876	0.13135348608575786	0.1319322440417005	0.13213153333785055	0.1324236423061801	0.1328604407634953	0.13434828550872524	0.13598354973329907	0.13652954780494306	0.1370782758669453	0.13724480527879673	0.13743863459423034	0.13765703382288794	0.13801466255981476	0.13828493160527855	0.13901383903092332	0.1396663067265379	0.1401304050874353	0.14040613411361552	0.14058085349654162	0.14077741280233347	0.1409166423106027	0.141069521770663	0.1411596114524843	0.14125243112466374	0.1414489904304556	0.14166738965911319	0.1418284590902482	0.14200863845389072	0.14215878792359282	0.14244816690156414	0.1427730357541923	0.14314704443326848	0.14335179371013496	0.14349648319912062	0.14360568281344943	0.1436930425049125	0.14380770209995772	0.14394693160822697	0.14416533083688454	0.1443891900462586	0.1445256895641696	0.14461304925563265	0.1446731090435135	0.14480414858070806	0.14491334819503685	0.1449597580311266	0.14503892775151497	0.14509898753939582
DC_3112_R2 - polyg	0.08763815047958014	0.09613934045507738	0.09694195762039408	0.0970129373697078	0.09717127681048456	0.09728593640552981	0.09733507623197776	0.09748249571132164	0.09768451499782993	0.09774184479535256	0.0978155545350245	0.0978455844289649	0.09790018423612931	0.0979657040047266	0.09797389397580125	0.09797662396615947	0.09797935395651769	0.09799573389866702	0.09799846388902524	0.09800119387938346	0.09800119387938346	0.09800119387938346	0.0980066538600999	0.09801484383117456	0.09802303380224922	0.09802849378296566	0.09805033370583141	0.09807217362869718	0.0980885535708465	0.09809128356120472	0.09810766350335404	0.09812404344550336	0.0981295034262198	0.09815407333944379	0.09823051306947395	0.10022886601169101	0.1002670858767061	0.10027527584778076	0.10029438578028829	0.10035717555852736	0.10045818520178151	0.10101783322521661	0.12817850729914793	0.22228127494699312	0.3105309432668146	0.39045687098442305	0.47712587488683506	0.5706990244051856	0.7109031392322929	0.8332858770009397	0.9697744749505093	1.0819306688372639	1.2460931790481102	1.3537175889402193	1.4401518136718245	1.536736142555292	1.6498642130095724	1.8394374734747312	1.9956120318974258	2.0768783848809202	2.2062198680726697	2.2873852114129103	2.326972801597459	2.4345235017498963	2.512729535541826	2.5627675288176417	2.776454794116958	2.910783969693176	2.9416929205289435	2.9791483882437224	3.0278568762150844	3.044277768219778	3.0541221134515197	3.0649874750772357
DC_3117_R1 - polya	0.07493232051281098	0.07696846429428668	0.08023075305365833	0.08263474032850282	0.08464859056492587	0.08714175201998096	0.08881005230808788	0.0909836729507216	0.09242160660661776	0.09390598514804029	0.09862478551751863	0.10080397954641554	0.10310393027768097	0.11209380232016354	0.12089417922969857	0.12185651725780478	0.12320156114264821	0.12380348685906988	0.12425678894180717	0.12472123779707078	0.12512252160801854	0.12563713093965062	0.12603098356891418	0.1267276568518096	0.1277847424463896	0.128310498550548	0.12906662128691718	0.12951249218797026	0.12970756070718098	0.12990262922639167	0.13016643617618143	0.13077765086970836	0.13141859028997216	0.131721410943604	0.1319796445071306	0.13210225900492018	0.13218585979886766	0.13226946059281508	0.13234563020507834	0.1324645291120258	0.13258157022355224	0.13269303794881548	0.1328435193779209	0.13294755592149998	0.13302186773834215	0.13315562900865807	0.1332076472804476	0.13327638571102662	0.1333265461873951	0.1333748488683425	0.1334231515492899	0.13348260100276366	0.13356062841044797	0.13361264668223746	0.13366838054486913	0.13374826574797444	0.13380771520144819	0.1338857426091325	0.13391918292671146	0.13396005442597464	0.13400835710692208	0.13406594876497474	0.13410682026423795	0.13418113208108012	0.13422757696660648	0.1342833108292381	0.13430374657886973	0.13434833366897503	0.13438920516823824	0.1344022097361856	0.13441335650871195	0.13442636107665934	0.13443750784918565	0.1344765215530278
DC_3117_R2 - polyg	0.12353967990928014	0.1278534808769686	0.1282584802787585	0.12828077382381115	0.12835508564065332	0.1285185716377061	0.12863003936296938	0.12869320440728524	0.12903875435560136	0.12922453389770683	0.12931185028249637	0.1293545795771806	0.12943260698486492	0.12953292793760185	0.1295515058918124	0.12957751502770717	0.12959051959565454	0.12967597818502305	0.12968898275297042	0.12970384511633887	0.12970756070718098	0.12970941850260204	0.12972242307054943	0.12973728543391785	0.12974100102475997	0.12974471661560205	0.12975214779728628	0.1297595789789705	0.12976701016065473	0.12976701016065473	0.12976701016065473	0.1297707257514968	0.12977444134233893	0.12977444134233893	0.12979301929654946	0.13037822485418163	0.13038008264960269	0.1303875138312869	0.13038937162670797	0.1304339587168133	0.13049155037486596	0.13097457718434014	0.15364525470746782	0.2462136271523489	0.38487761958443345	0.5081757860889765	0.605905114213547	0.7193049467147117	0.8435561622702556	0.9734513603149633	1.0999022056490357	1.2018765963107154	1.3438400334105927	1.4697223933458226	1.57259038360503	1.6735894316706559	1.7708487375536994	1.9436460052568179	2.157862821872346	2.301264192628119	2.4769373276430295	2.6151164354702194	2.6648904903911106	2.7562828783344644	2.820815260080212	2.8799321681735863	3.070917253048828	3.196465209808268	3.2285660568886683	3.25681197847038	3.2849780148489875	3.294411899997102	3.299636020721107	3.3078400453004835
GB22_32_R2 - polyg	0.06817181658349195	0.07448996542851828	0.07501798769987648	0.07506457790029045	0.07512410982304162	0.07523540863514164	0.07531823565809978	0.07539070930318816	0.07557189341590911	0.07566507381673704	0.07574142997852656	0.07576084256203239	0.07580096190127775	0.07584625792945798	0.07585014044615915	0.07586049382402892	0.0758656705129638	0.07589155395763822	0.07589673064657311	0.075901907335508	0.07590578985220915	0.07593555581358474	0.07594720336368822	0.07594979170815566	0.07596014508602544	0.07596273343049288	0.0759756751528301	0.07598085184176498	0.07598214601399869	0.07598473435846614	0.07598602853069986	0.07598732270293358	0.07599120521963475	0.0759950877363359	0.07600414694197197	0.07623968628850919	0.07624227463297664	0.07624227463297664	0.0762526280108464	0.076282393972222	0.07631086576136387	0.0766085253751197	0.09233660053153206	0.15340082320742782	0.22945156034981373	0.29243115793161667	0.36103005135223654	0.441634980585087	0.5622259493232178	0.666946483959227	0.7608063252098487	0.8856861807305312	1.0353144918766621	1.148629624316813	1.2432012602959812	1.3370649840633042	1.4312069548608772	1.57615812755434	1.7554669847086304	1.9191901256522175	2.114114464978586	2.243006254423804	2.289322090324214	2.3787946877025217	2.456545967160017	2.534364543573666	2.8155182846606372	3.027921714175643	3.0927700964629397	3.1612887512050687	3.2337378070210088	3.257423747242572	3.2732281785607737	3.2945587253169646
GB22_33_R2 - polyg	0.10255536695612674	0.11745368647036959	0.11849449811163527	0.11856533869454865	0.11869612130915795	0.11884325175059342	0.11896586045178963	0.1190503242237248	0.11935275902000882	0.11950670105595518	0.11961023729252088	0.11969197642665169	0.11980096193882611	0.11994809238026158	0.11996580252598991	0.1199875996284248	0.11999304890403352	0.12000939673085968	0.1200298315143924	0.12005026629792509	0.12006116484914253	0.12006252716804472	0.12006661412475125	0.12006933876255561	0.12007206340035997	0.12007206340035997	0.1200775126759687	0.12008296195157742	0.12008977354608832	0.12009249818389267	0.12009522282169705	0.12009658514059922	0.12009930977840358	0.12010067209730577	0.12011293296742538	0.12086765763923321	0.12087583155264629	0.12088400546605937	0.12092623735202696	0.12104475909651664	0.12115783156539761	0.12201064319816242	0.16072229712251546	0.31414120261044276	0.49970810955201883	0.6424260000633206	0.8222602690645223	1.0224189737673508	1.299462870352524	1.484363603350934	1.6416923640881185	1.794379704325575	1.991541307443607	2.1259585888839245	2.219162998895486	2.310682220425051	2.398821528758307	2.5666796522904423	2.7298731959015123	2.8133942431563774	2.9294638136221316	3.015097817494278	3.045690050761637	3.0996583140715064	3.1410264898551112	3.182303390272269	3.323870121311229	3.4201833430575657	3.4478956341657154	3.47391728751626	3.501084651063538	3.510753028312311	3.5184310576449986	3.531195985758427
GB23_01_R2 - polyg	0.07683961400508912	0.08245474166534106	0.08290914505981231	0.08293511096806781	0.08299678000017462	0.08312011806438825	0.08317204988089925	0.08328565072951706	0.08354206407354013	0.08359561875931709	0.0836735164840836	0.08370597386940297	0.08374492273178621	0.08380172315609513	0.083808214633159	0.0838130832409569	0.08381957471802079	0.08384067201847839	0.08384554062627628	0.08385852358040403	0.08386339218820194	0.08386663792673388	0.08387312940379775	0.08387312940379775	0.08387312940379775	0.08387475227306372	0.08387962088086162	0.08388286661939356	0.08388448948865954	0.08388611235792551	0.08388611235792551	0.08388611235792551	0.08388935809645744	0.08388935809645744	0.08390558678911714	0.0843015668900135	0.08430318975927947	0.08430643549781142	0.08432590992900305	0.08439244756890776	0.08443464216982294	0.08474136446109104	0.09998172973780373	0.15545626985641403	0.21191751448873336	0.2707432796415692	0.3452199959954078	0.42250427617937236	0.5657614377634992	0.6802467501312658	0.7815900671832172	0.888897428787604	1.0421514650500985	1.1693113863850813	1.2487264939152627	1.3818407225870848	1.503817199486563	1.6786245624703886	1.845403591195467	1.9348139505347501	2.083377894618595	2.180266435535462	2.2248288027096983	2.32886932848169	2.409305220780166	2.468494508648579	2.732564549868484	2.931020363796007	2.983787957978981	3.0439671960996346	3.1156477087082095	3.1384116959019535	3.15075199380038	3.1634623058914473
GB23_03_R2 - polyg	0.08786408872918518	0.09604380658665461	0.09664924926668096	0.096686699329363	0.09676784113184077	0.09686146628854586	0.09694260809102362	0.09702374989350139	0.09719851685268426	0.09727341697804834	0.09735299836124767	0.09739981093960023	0.09743726100228228	0.09747939232279956	0.09747939232279956	0.09748095274207799	0.0974903152577485	0.09756365496383416	0.09757301747950467	0.09757301747950467	0.0975745778987831	0.09757925915661834	0.09758550083373202	0.09758550083373202	0.09758706125301045	0.09758862167228886	0.0975917425108457	0.09759486334940252	0.0976011050265162	0.09760734670362987	0.09760734670362987	0.09760734670362987	0.09760734670362987	0.09760734670362987	0.09761046754218672	0.09791006804364305	0.09791630972075673	0.09791943055931357	0.09792879307498409	0.09795375978343877	0.09798808900756398	0.09822683315716199	0.10929332667970554	0.14844736721378088	0.18706306309680187	0.22377972871798762	0.2689476251510876	0.321788103176171	0.42844276085607097	0.5078275312263304	0.5772927162436838	0.6436386231234787	0.7361246737553394	0.8216138043427716	0.8800717917701615	0.9630720536085164	1.047159927683929	1.2158646579701378	1.3719362337782712	1.4521012137877398	1.613507863108786	1.71232453475319	1.7545947325862672	1.8741587389565226	1.9686514887804294	2.0323243974362937	2.331189941412498	2.5729066897359054	2.632676989776445	2.7014727549233566	2.7841437682939656	2.8109112005959553	2.82508448890183	2.843141660791688
GB23_05_R2 - polyg	0.09180173679754244	0.09686136710722114	0.09735022027723841	0.09737955146743944	0.09744799091124186	0.09756042714034584	0.09763375511584843	0.09767775190114998	0.0978341849155555	0.09785618330820628	0.09790262435935793	0.09793195554955895	0.09794906541050957	0.09797106380316034	0.09799306219581111	0.09800528352506155	0.09801506058846189	0.0980492803103631	0.0980492803103631	0.0980492803103631	0.0980492803103631	0.09805661310791336	0.09805905737376344	0.09806150163961352	0.09806394590546362	0.09806394590546362	0.0980663901713137	0.09806883443716378	0.09806883443716378	0.09807127870301388	0.0980859442981144	0.09809572136151473	0.09810549842491509	0.09811527548831543	0.09817149360286742	0.09981648451997552	0.09982381731752578	0.09982381731752578	0.09984337144432646	0.09990447809057862	0.09995825193928051	0.1004104411215465	0.1181851423833743	0.17754169428687078	0.22652967045430103	0.2737675522730695	0.3312884605231511	0.3896868602134137	0.490485939605124	0.5611618866603703	0.628792278466409	0.6920889869202446	0.7818766486573159	0.8601591510380309	0.919620806373081	0.9993894223906483	1.0821864837964728	1.2224897878572785	1.3263075355738452	1.3955633641701914	1.5418135670442568	1.6356953740802227	1.676839701134726	1.7732635446547818	1.845469602132182	1.9121442859908369	2.245918564883526	2.4899565116219953	2.544258321747513	2.6164692677566137	2.707601275711233	2.735817880684629	2.7495106579768125	2.763934270758172
GB23_06_R2 - polyg	0.08200965286022534	0.08933724006153415	0.08984259090300373	0.08988104151050685	0.08994695683765505	0.0899963933330162	0.09006780160409343	0.09011723809945459	0.09032596996875723	0.09036167410429585	0.09039463176786994	0.09040561765572798	0.09041660354358602	0.09042209648751504	0.09042758943144405	0.09043033590340856	0.09044681473519561	0.09046878651091168	0.09046878651091168	0.09046878651091168	0.09046878651091168	0.09046878651091168	0.09046878651091168	0.09046878651091168	0.09046878651091168	0.09046878651091168	0.09046878651091168	0.09046878651091168	0.09046878651091168	0.0904742794548407	0.09047977239876971	0.09048526534269873	0.09050449064645029	0.0905099835903793	0.0906637860203918	0.09905700434392992	0.09910094789536206	0.09911193378322009	0.09913665203090066	0.09919982088608437	0.09925749679733904	0.09964474934433475	0.11812575919351279	0.17990489956316813	0.23768792322446353	0.2932682763702231	0.3611665562768035	0.43126476022695526	0.5485940425507606	0.6330617878192211	0.7101140587835084	0.7783117041342202	0.8676461977237899	0.9600210357780705	1.0342252153151628	1.1112143174242664	1.188096307126754	1.3415966252231373	1.4704391180221623	1.5309603742320728	1.6711842468520213	1.7574564242011639	1.7961294959334089	1.9254608607421164	2.0322244654184574	2.099633873315355	2.423236932533575	2.663594426507541	2.724648498278566	2.798127609217028	2.894440888068414	2.924690530285511	2.9377692297805007	2.953577922408212
GB23_08_R2 - polyg	0.08815692796642405	0.09530488109103182	0.09584802804058798	0.09587240001909371	0.09593855253218067	0.09605344900227909	0.09613701007144158	0.09618227231723793	0.09632850418827228	0.09635461702238557	0.09641902867986499	0.09644165980276315	0.09646603178126886	0.0964904037597746	0.09649562632659725	0.09650433060463501	0.09650781231585012	0.09661574536351833	0.09662270878594853	0.09663141306398629	0.0966348947752014	0.0966348947752014	0.0966383764864165	0.09664708076445427	0.09664882162006182	0.09665578504249203	0.09667319359856755	0.09668712044342795	0.09668712044342795	0.0966888612990355	0.09669408386585816	0.09670104728828836	0.09670801071071858	0.09671149242193368	0.09672193755557898	0.09713800204578388	0.09714322461260654	0.09715018803503674	0.09715018803503674	0.09716411487989715	0.0972093771256935	0.09755406653598876	0.1109969535375039	0.15789212189373475	0.2012759844895336	0.24572525071715418	0.2984087639684948	0.3537087831979859	0.4635062872218866	0.5614033023125631	0.6508745762626887	0.7192814973614374	0.8101994223214386	0.9096492806140513	0.9716115542536432	1.0634451692632165	1.1545284755059353	1.304353472514275	1.4320974569964273	1.5015854494274656	1.652674307606888	1.7449187645398436	1.7820808091942522	1.9064736466318675	2.005345540862773	2.063949704035397	2.3624263613725867	2.606083475627969	2.66877864947834	2.7459855956732637	2.8600394916576284	2.89210082938191	2.9070895961629315	2.920105973540596
GB23_11_R2 - polyg	0.08531304819432656	0.09067786010639434	0.09111671784210607	0.091143586683068	0.09122867134611415	0.09138092811156516	0.09145705649429066	0.09151527231637487	0.09168544164246717	0.09177052630551333	0.0918130686370364	0.09185113282839914	0.09190710958040318	0.09194965191192626	0.0919541300520866	0.09195636912216676	0.09196532540248739	0.0920056286639303	0.09201906308441128	0.09203025843481209	0.09203025843481209	0.09203025843481209	0.09203025843481209	0.09203473657497242	0.09203473657497242	0.09203473657497242	0.0920414537852129	0.09204369285529307	0.09204593192537322	0.09205041006553355	0.09206608355609468	0.09207056169625501	0.09207056169625501	0.09207056169625501	0.09209966960729711	0.09283856273375052	0.0928519971542315	0.09285871436447198	0.09286990971487279	0.09289901762591489	0.09293036460703716	0.0932617469789011	0.11003686001947363	0.1673615322117772	0.2344619843740673	0.2946325146382565	0.3616366867870997	0.4381143644451076	0.5898695781981567	0.7306645439088135	0.8231090303084556	0.8959370237357998	0.9935201759694132	1.0893456581900995	1.1735302150640248	1.2515125478159013	1.3309166900686806	1.4771593132843714	1.6101108165042213	1.6954328209788687	1.860750082207458	1.9608768180521352	2.0040617626882167	2.1285585372853757	2.2285464507850827	2.3074938227415096	2.6719584550398534	2.9288044230052988	2.9880099140649383	3.052074187198529	3.1216376164489974	3.146598769702641	3.1585173397393427	3.175467100246168
GB23_12_R1 - polya	0.06361516325400475	0.06496254447782508	0.06745620525026869	0.06899798476011285	0.07045262021070495	0.0729932047073612	0.07411937408846477	0.07615050100795512	0.07704875515716866	0.07807772539526031	0.07982060658030155	0.08116798780412188	0.08239805971741058	0.08794176256367633	0.09360277472047371	0.09441723650502182	0.09536911776762125	0.09576126603425553	0.09614671091171656	0.09654221087293746	0.09704161336634351	0.09773541414577337	0.09856998609784119	0.09964252836555887	0.10127480362924171	0.10191832898987233	0.10244119334538468	0.10281323144449925	0.10298416786841677	0.10312829073564132	0.1034265915538503	0.10391929065808311	0.10485776514233608	0.10508232867963947	0.10545436677875403	0.10551469728131316	0.10562530320267155	0.10575266759696302	0.10592695571546713	0.10610124383397126	0.10623531161743596	0.10650009548977878	0.10674812088918847	0.1069425191752123	0.107146972544996	0.1073380191364332	0.10749219708741763	0.10756928606290983	0.1076765402896816	0.10774692587600057	0.10777373943269351	0.10793462077285117	0.10804522669420955	0.10813572244804823	0.10826643853692633	0.10841056140415088	0.10861501477393457	0.1087926545870253	0.10888315034086399	0.1089401291488365	0.10899040456763576	0.10904403168102164	0.10915463760238002	0.10923172657787222	0.10931216724795106	0.10941606978013621	0.10947304858810872	0.10953002739608121	0.10957024773112062	0.1096238748445065	0.1096607434849593	0.10966744687413255	0.10971437059834518	0.10973783246045152
GB23_12_R2 - polyg	0.09837893950640399	0.10787764196487866	0.10860831138476133	0.10866193849814722	0.10878259950326545	0.10887644695169076	0.10897029440011605	0.10907084523771458	0.10930546385877782	0.10936579436133695	0.10942277316930946	0.10944288333682915	0.10949651045021502	0.10958030281488047	0.1095836545094671	0.10961046806616004	0.10961717145533328	0.10963728162285298	0.10964733670661284	0.10969426043082549	0.1096976121254121	0.10971101890375856	0.10972777737669166	0.10973783246045152	0.10974118415503813	0.10974453584962474	0.10975794262797123	0.10976129432255784	0.10976799771173107	0.10978475618466416	0.10983167990887681	0.10987190024391622	0.10989871380060917	0.10993893413564858	0.11011992564332593	0.11522790819333137	0.11527148022295741	0.11527483191754404	0.1152882386958905	0.11540889970100873	0.11555637426281991	0.11646468349579332	0.1539533874471128	0.28128426479272084	0.4190120987460171	0.532403278305882	0.6463910595021647	0.7969860489734866	1.046647075341469	1.2543951609037964	1.4032405658009037	1.5210090584908915	1.6504414483423089	1.7463803541896552	1.824883744797416	1.9156208206463314	2.0114591756560793	2.168331889088136	2.3117207351982296	2.3964649811262726	2.5253912650951107	2.6100684771314215	2.6502754053924877	2.7426615149780194	2.814598935890596	2.8805569336606465	3.1473551744500052	3.292543880553113	3.3283198685706705	3.3654566445903953	3.4109324367416245	3.427503214777863	3.4369348833446054	3.452382843694326
GB23_14_R2 - polyg	0.08078741994348732	0.08797741924728865	0.08850438184601686	0.08853985048246973	0.08862598859956954	0.08869692587247525	0.08871719366473403	0.08876786314538097	0.08896040717183937	0.08903641139280978	0.08909214782152142	0.08914028382813602	0.08919855373088	0.08924922321152694	0.08926189058168868	0.08932016048443267	0.08932016048443267	0.08933029438056206	0.08933029438056206	0.0893758969131443	0.089380963861209	0.089380963861209	0.089380963861209	0.0893860308092737	0.0893860308092737	0.08938856428330605	0.08939869817943544	0.08941136554959717	0.08941136554959717	0.0894138990236295	0.08943670028992064	0.08945950155621177	0.08947976934847054	0.08948736977056758	0.08954817314734391	0.09203604464710885	0.09207151328356171	0.09207911370565874	0.09210444844598223	0.09216018487469388	0.09222352172550255	0.09274035042810137	0.11832083773271099	0.2086265196157267	0.2930444078475676	0.36993787820333723	0.45147267298636695	0.567100427822693	0.7861192579191078	0.9855720680637053	1.1293112507629557	1.2325528510551362	1.3578002067922843	1.4585210004222795	1.5264535731256372	1.6195131412818142	1.711379443168756	1.8881399264056196	2.0598030598894006	2.1435141088662166	2.282452358274169	2.366543428355837	2.4022932804262886	2.4859612603445544	2.5500581533629383	2.606643295875413	2.8487015388219934	2.9928714121067426	3.03262161967427	3.075313190593353	3.125298633251563	3.1419815597545693	3.1511730035439247	3.171795482167231
GB23_16_R1 - polya	0.07022135198102138	0.07179275014906122	0.07509671552801678	0.0773772574847105	0.07828786257695923	0.08067316441152227	0.08271195280390216	0.0845492798926872	0.08581445687926287	0.08689831869260317	0.08986382908151938	0.09195499741283394	0.09280919334007612	0.09409451645701127	0.09545236564324056	0.09583514212007077	0.09610510026688787	0.09630656157048273	0.09649996442193379	0.09663695810837827	0.09685856554233263	0.09699153000270522	0.09730580963631319	0.0976805276609996	0.09853472358824178	0.09913910749902634	0.10015044324307248	0.10071453489313809	0.10092808387494862	0.10099255149209897	0.10127056809105986	0.10143173713393575	0.10167349069824957	0.10169766605468095	0.10187092277577252	0.10193136116685098	0.1020240333665046	0.10206029640115169	0.1021529686008053	0.10222952389617135	0.10232219609582499	0.10236651758261586	0.10248336513870088	0.1025720081122826	0.10264856340764865	0.102713031024799	0.10278555709409315	0.10285002471124349	0.10291852155446574	0.10297895994554421	0.10302328143233508	0.10316027511877957	0.10323280118807371	0.10327309344879268	0.10331338570951165	0.10343829171774047	0.10360348998668825	0.10371227909062947	0.103808980516355	0.10386136045528965	0.10389762348993672	0.10392582807244	0.10399029568959035	0.10401447104602174	0.10403461717638122	0.10404670485459691	0.10406685098495641	0.10409505556745968	0.10413534782817865	0.10418772776711331	0.10419578621925711	0.1042038446714009	0.10422399080176038	0.10423607847997608
GB23_16_R2 - polyg	0.11836254508804706	0.1260100161725076	0.1267030430568739	0.12673527686544908	0.1269689719776191	0.127089848759776	0.1272107255419329	0.1273880114890964	0.12786346016558023	0.12797224926952144	0.12809715527775029	0.12811327218203786	0.12820594438169147	0.1283389088420641	0.1283469672942079	0.1283509965202798	0.12836711342456736	0.12837517187671116	0.12840337645921446	0.1284356102677896	0.1284557563981491	0.128459785624221	0.128459785624221	0.128459785624221	0.128459785624221	0.1284678440763648	0.1284678440763648	0.1284678440763648	0.1284678440763648	0.1284920194327962	0.1285927500845936	0.12864513002352826	0.12865721770174396	0.12866527615388776	0.1289795557874957	0.14438731628642992	0.14447595926001167	0.14450416384251497	0.1445847483639529	0.14475397585897257	0.14492723258006415	0.1456806978555089	0.1871253172310417	0.3344015886110218	0.4220976940658606	0.4972185849503088	0.5849146904051475	0.6640446612311333	0.8091491797583609	0.9221327080404254	1.0123551382423437	1.0970414118214753	1.2071400142360615	1.2752097594946898	1.338283264424166	1.4402146255910169	1.5632591313746085	1.750698728239258	1.8819507675313036	1.9573214704322095	2.0812322598212587	2.1573443403193933	2.212073318053971	2.3222122127292764	2.390177198110035	2.4562000965241397	2.754588462504546	2.9354201286112844	2.9885575620474625	3.0393459566837246	3.0971492339111593	3.1170374938020426	3.126997740651772	3.1425022025764324
GB23_17_R2 - polyg	0.1516254625254904	0.1594561402322439	0.1600822605179651	0.1601323501408228	0.16019913630463306	0.16041619133701643	0.16053724125892252	0.16065829118082864	0.1611257943275005	0.1613094562779787	0.16143676740274204	0.16146389928178995	0.16154738198655277	0.16171017326084028	0.16171017326084028	0.1617247827341738	0.16174147927512636	0.1618604421294134	0.1618729645351278	0.16190009641417574	0.16190635761703295	0.16192096709036644	0.1619230541579855	0.16193557656369995	0.16193975069893807	0.16194809896941437	0.16196896964560506	0.1619877532541767	0.16199192738941484	0.1620023627275102	0.16201071099798647	0.16201488513322462	0.16201488513322462	0.16201488513322462	0.16206914889132046	0.16417917425420098	0.16419795786277264	0.1642000449303917	0.164208393200868	0.16426056989134474	0.1643357043256313	0.16481781694563663	0.1869240371668341	0.2685596870867867	0.3346195513656143	0.3895010814766988	0.4492872204925997	0.5093091981494555	0.6043146032371755	0.726481106319482	0.8403035130607439	0.9222230041768902	1.0265659497923325	1.1111589745285084	1.172915305376812	1.2946936138819716	1.418763522632871	1.6016407356863267	1.7604644944299923	1.8283797618221738	1.9718093098075733	2.0554339351685003	2.1079069892471773	2.3014365954283704	2.4424660156518385	2.4856912731104126	2.670843389868656	2.826037738022757	2.8769141853728453	2.931925113676312	2.9962986273189305	3.0196967423963326	3.030376267403118	3.041732002318482
GB23_18_R2 - polyg	0.08538727399493631	0.09213256653052858	0.09270382909054616	0.09276425109208648	0.09283016600285775	0.09293453127824557	0.09300044618901683	0.09312129019209747	0.09348931511057033	0.09362114493211286	0.09371727084365428	0.09374473538980897	0.09381065030058024	0.09393424075827635	0.09394522657673822	0.09395071948596916	0.09395071948596916	0.09396994466827745	0.09397818403212385	0.09398367694135479	0.09398367694135479	0.09398367694135479	0.09398642339597026	0.09399466275981666	0.09399466275981666	0.09399466275981666	0.09400564857827855	0.09400839503289402	0.09401114148750948	0.09401938085135589	0.09405233830674152	0.09407430994366528	0.09408254930751168	0.09409628158058903	0.09421712558366968	0.0993447563507506	0.09937496735152077	0.09939144607921357	0.09940517835229092	0.09951503653690968	0.09963038763075939	0.10033897292155043	0.1318627789979055	0.24359129920980654	0.33242262729254124	0.4042616406693681	0.47995392987169827	0.5594033689879903	0.6824225641240851	0.815576176791261	0.937999391275799	1.0181299511367272	1.1257635075169639	1.2128398511004137	1.270913633944509	1.3800055577255597	1.488644316495058	1.6411769129289846	1.7802738533840357	1.854889532377102	1.9975815819238023	2.0857702396265174	2.1273570554139516	2.2411948527705325	2.3248079170838762	2.3701491363306566	2.5719448892022534	2.7277814705385888	2.7785277124686125	2.8328113879433605	2.902035776526261	2.9255783854900628	2.935992941391922	2.9497334538331144
GB23_20_R2 - polyg	0.07445359783487311	0.0807114837091713	0.08123134555881631	0.081254797973086	0.08134860763016481	0.08140332993012744	0.08147759590864816	0.08154795315145726	0.08176293361559617	0.08182351901912621	0.08188410442265628	0.08192123741191665	0.08194273545833053	0.08195446166546538	0.08196618787260024	0.08197595971187926	0.08198768591901412	0.0820033208618606	0.0820052752297164	0.08201700143685124	0.08202091017256287	0.08202091017256287	0.08202286454041868	0.08203068201184191	0.08203459074755352	0.08203849948326514	0.08204045385112095	0.08204045385112095	0.08204240821897676	0.08204827132254418	0.08206390626539065	0.08208344994394873	0.08208735867966034	0.08209126741537197	0.08212058293320909	0.08340264824661933	0.08340851135018676	0.08341437445375419	0.08343000939660065	0.08349450353584233	0.08356681514650724	0.08408276826044062	0.10884460899353182	0.19165899251555285	0.2570814564887358	0.316210855966216	0.39060386839755906	0.4787321781195229	0.6643482652249164	0.8131792405482862	0.9309181776536015	1.0227167902087735	1.135601077560261	1.2164610932264737	1.2830034099810348	1.3999723261511616	1.525868794686621	1.7096262779611409	1.8655926503260667	1.9624198513742332	2.1154136302304747	2.197805870295641	2.2369518584474815	2.3276833861533817	2.393348191740685	2.4525557659323978	2.7159498305953944	2.876469880064353	2.920083553134572	2.9724996990273502	3.0444458429032215	3.0673295361268806	3.079591240054222	3.0957831777395937
GB23_22_R2 - polyg	0.13695402075906596	0.14439981727112136	0.14494985667131208	0.14496722633658127	0.14501354544396575	0.14505407466292716	0.14516987243138837	0.1452104016503498	0.1454998960715028	0.14561569383996403	0.14571412194315603	0.145757546106329	0.14580965510213653	0.14587913376321326	0.14588202870742478	0.1458849236516363	0.1458907135400594	0.1459225579263862	0.14592834781480926	0.1459312427590208	0.1459399275916554	0.14594571748007845	0.14594571748007845	0.14594571748007845	0.14594571748007845	0.14594571748007845	0.14594571748007845	0.14594571748007845	0.14594861242428997	0.14598335175482832	0.14606151524853966	0.1461049394117126	0.14611941413277024	0.146145468630674	0.14634521978126958	0.1573315330640263	0.15740969655773765	0.15741259150194917	0.15744154094406448	0.15757181343358334	0.15771656064415984	0.15832449892858114	0.18774002706193849	0.2977971211516783	0.378036289862658	0.4482097375501477	0.5205341287868042	0.595197634946377	0.726396506612921	0.8491884602891817	0.963752982516274	1.0439400422314462	1.147625364111608	1.2257396437713248	1.2823242233298922	1.3844491702800394	1.4954355414616805	1.6722761035672082	1.8174517658870197	1.8967674473945213	2.0460915647694553	2.125690950809687	2.1693206550216573	2.3032697236891546	2.405556787515148	2.4546897806732364	2.6839056734537667	2.858106046438379	2.910015291095325	2.9665072324391235	3.0330012060337586	3.0549912022645414	3.065427476147107	3.079864562930008
GB23_26_R2 - polyg	0.10043384203316445	0.1056405683950377	0.10611592651851931	0.10612925431637393	0.10620922110350169	0.10628030269205968	0.10635582687990254	0.10642246586917567	0.10665792363127403	0.10671123482269254	0.10678898031017783	0.10682674240409928	0.10686228319837827	0.10692447958836652	0.10692892218765139	0.10694002868586358	0.10694669258479089	0.10695557778336065	0.10696002038264552	0.10696002038264552	0.10696002038264552	0.10696002038264552	0.10697334818050014	0.10697779077978502	0.10697779077978502	0.10697779077978502	0.10699111857763964	0.10699778247656697	0.10700888897477914	0.10701999547299132	0.10705331496762789	0.1070777492636947	0.10708441316262202	0.10709329836119176	0.10715105215189513	0.10952117887037584	0.1095433918668002	0.10954783446608508	0.10955894096429727	0.10964335035070989	0.10972775973712251	0.11022310955738607	0.13414206410715193	0.21704540936220046	0.2775114069289888	0.32803486729622744	0.3887141096286898	0.4601799830248281	0.5695190153245241	0.6774364158530601	0.7952852470829338	0.8838462425272704	0.9995915029957558	1.0788919002307709	1.132907243635921	1.2430903697997433	1.364433305367171	1.5530660710029545	1.7012400849513836	1.7706845756729037	1.9134941509848464	1.9947937178980553	2.041196667428572	2.145815437988089	2.21578859802451	2.266683015432035	2.509473287650085	2.694087722232699	2.743458328085513	2.796080916614855	2.8611916517339795	2.883426861154778	2.894333442399146	2.906672761912885
GB23_27_R2 - polyg	0.14236427894760015	0.15152375818919248	0.15223901699274367	0.1522945710745729	0.152391790717774	0.15268692177749174	0.15284663976275073	0.15298205283720945	0.15339523632081425	0.15354627398078746	0.15365564607938875	0.1537216165515609	0.1538032116092476	0.15394209681382065	0.15394730500899212	0.1539542492692208	0.1539577213993351	0.1540375803919646	0.15404105252207892	0.1540427885871361	0.15404799678230757	0.15404799678230757	0.15404799678230757	0.1540514689124219	0.15405320497747907	0.15405494104253623	0.15407750988827934	0.15409660660390814	0.15410007873402248	0.1541035508641368	0.15411570331953695	0.1541226475797656	0.1541278557749371	0.15413480003516572	0.15415736888090886	0.15482922605803096	0.15484311457848826	0.15485005883871691	0.1548552670338884	0.15488478013986018	0.15491950144100342	0.15539518326666613	0.17399017609393974	0.23420038440646923	0.29053569551141073	0.34107254932542763	0.39325172068352077	0.44485972663780726	0.5244843504845913	0.6353581453603105	0.7383988146981101	0.8189886907166768	0.936015100154982	1.0198392653750434	1.0804296719350917	1.1730487427347414	1.299267616650725	1.4666728979828452	1.6061448925452115	1.6823112747981268	1.8180889229188504	1.8895957065583397	1.9514916340413748	2.2538655571775807	2.4752798224380435	2.5121746770328732	2.6597384708266767	2.789667315769818	2.8315255803630763	2.877810810852101	2.931465637508783	2.951091852980011	2.9625099528609726	2.973560006949816
GB23_28_R1 - polya	0.0660416261244336	0.06744686355312289	0.07077410314234207	0.07343498820892472	0.07507594288371675	0.07668969941472768	0.07825359268213997	0.07982201897351576	0.08167602577459293	0.08266875802260247	0.09479459712500207	0.09718576726575565	0.09826462696907196	0.09972426068532342	0.10143094420758639	0.1021086312901317	0.10258233229431891	0.10301750259481623	0.10332574822433518	0.10352066825476629	0.10371332177321563	0.10398077018706295	0.10434341210414405	0.10486017683598463	0.10548120111898604	0.10589143978768403	0.10643086963934219	0.10678217899651452	0.10695896693109155	0.10712895532972333	0.10734200745600847	0.10752786143851255	0.107999295930718	0.10818514991322206	0.10831207458420045	0.10839140250356194	0.10845939786301464	0.10851832717454032	0.10862938626164642	0.10873137930082548	0.1089398984031471	0.10914841750546875	0.10928214171239241	0.10932973846400931	0.1094090663833708	0.10950199337462282	0.10953599105434919	0.10960171990182013	0.10965158316541879	0.10970597945298097	0.10973317759676204	0.10978984039630596	0.1098510362198134	0.1098873004115215	0.1099303641391749	0.11000515903457288	0.11005275578618977	0.11010715207375193	0.11015474882536883	0.11019327952905869	0.11027034093643844	0.11030207210418304	0.11034740234381817	0.11036326792769047	0.11039499909543507	0.11045166189497899	0.11049699213461414	0.11055818795812156	0.11058765261388441	0.11062165029361076	0.11066471402126414	0.11071911030882631	0.11075764101251617	0.11077350659638847
GB23_28_R2 - polyg	0.09678912766894818	0.10585064257201242	0.10653512919050301	0.10659405850202869	0.10671191712508005	0.10699749763478142	0.10711535625783278	0.1072196158089936	0.1076139888938193	0.1077726447325423	0.10786330521181257	0.10789503637955716	0.10795849871504637	0.1080672912901707	0.10808542338602475	0.10809448943395178	0.10809902245791529	0.10815568525745922	0.10816248479340448	0.10817608386529504	0.10819194944916732	0.10819648247313085	0.10820554852105788	0.10821688108096665	0.10822594712889368	0.10823048015285719	0.10825541178465652	0.10829167597636463	0.1082939424883464	0.10830074202429166	0.10830527504825518	0.10830754156023693	0.10831434109618221	0.10831887412014571	0.10835060528789031	0.10914388448150525	0.10915521704141402	0.1091620165773593	0.10916881611330456	0.10919601425708565	0.10922547891284848	0.10977624132441542	0.13110638558472995	0.19672190745659324	0.2685295400626164	0.330888084216695	0.39292251715738236	0.4545557774772987	0.5383577914907798	0.6430525129520961	0.7515844391985269	0.8323629262283441	0.958322063102504	1.0497554229585606	1.1045234184857353	1.1964712765616505	1.3080992581751614	1.4798238049849575	1.6395811685310768	1.7146163141991217	1.83542593585073	1.9007513441889285	1.9625273947636956	2.2118165146131776	2.3868841665960647	2.4175364746373456	2.541646137734392	2.6565288305537056	2.692101736107381	2.732368587975275	2.780611295506971	2.798265157332876	2.8095682525858976	2.819790221623621
GB23_32_R1 - polya	0.06050113062200547	0.062176897412978	0.06457651613141205	0.06685714549190722	0.0684734176039103	0.06977734265132385	0.07087303632234435	0.07280661338885112	0.0746410326570755	0.07582844729150723	0.08638379491866854	0.08883051359128671	0.0899782651064055	0.09198125263170995	0.09415528735905153	0.09541211245228093	0.09583601203993819	0.09627726424229485	0.09660200603166971	0.09679040584840627	0.09706804768359698	0.097358084243573	0.09764564185859195	0.09843146740997996	0.09941312961297571	0.09974282929226469	0.10033281819204495	0.10078646511918693	0.10091289131199699	0.10103931750480705	0.101202927871973	0.10140868030340898	0.10189455351499274	0.10202593759771691	0.10226391631359466	0.10234076360726352	0.10241513195597532	0.10248702135973006	0.10260353177271188	0.10268037906638075	0.10279688947936255	0.10286629993816024	0.102980331406185	0.10302495241541207	0.10312163126873741	0.10320591539727746	0.10324309957163336	0.10325053640650453	0.10325797324137571	0.10331003108547397	0.10338439943418577	0.10347612039759699	0.10361246237023529	0.10365708337946236	0.10370666227860356	0.1037537622327877	0.10384548319619893	0.10407602507720551	0.10421732493975791	0.10429417223342677	0.1043611037472674	0.10438341425188094	0.1043982879216233	0.10441316159136566	0.10447761416024923	0.10452471411443334	0.1045842087934028	0.10464370347237223	0.10467097186689989	0.10469080342655637	0.10475525599543993	0.10478004544501053	0.10478004544501053	0.10485937168363645
GB23_32_R2 - polyg	0.12476034179891383	0.13347631226793666	0.13407621694754518	0.1341059642870299	0.13416545896599932	0.13439847979196298	0.1345571322692148	0.13465629006749721	0.135102500159768	0.1353057736462469	0.13542228405922874	0.13548673662811228	0.13561316282092234	0.1357966047477448	0.13580404158261597	0.1358263520872295	0.13583378892210068	0.13608416236276374	0.13609903603250612	0.13611638864720554	0.13612382548207672	0.13612382548207672	0.13613374126190494	0.13614613598669023	0.13615357282156143	0.1361560517665185	0.1361857991060032	0.1362229832803591	0.13622794117027323	0.1362353780051444	0.13626264639967206	0.13626760428958617	0.13627008323454326	0.1362799990143715	0.13634693052821212	0.13783677644740516	0.13784421328227633	0.13785412906210456	0.13785660800706162	0.1378937921814175	0.13795576580534402	0.13845651268667014	0.15862025096739588	0.2223068258592234	0.2894589658010207	0.3471663254564196	0.4030467026784653	0.45194884984638717	0.5205561304779788	0.6342281514839634	0.7378034296798428	0.814707739082714	0.9249265897635142	1.0114194582602933	1.0697688646595707	1.1540777826491802	1.2557963310722215	1.3823811763595315	1.4906094342398126	1.5513857277520515	1.6704345803698992	1.7459878647711728	1.8159189020098343	2.123575802740632	2.355017540766622	2.3906077535151313	2.5286800297334575	2.656035826902413	2.701174935625518	2.7490706311408735	2.801019401661022	2.820104798885427	2.830662625457545	2.8417534251954315
GB23_33_R2 - polyg	0.07690806770323812	0.08400714500758018	0.0845938456112448	0.08462318064142804	0.08471537645057534	0.08484109800850347	0.08491234022466275	0.08502968034539568	0.08535236567741122	0.08544456148655852	0.08553885265500463	0.08558704591887709	0.08563314382345072	0.08571695819540281	0.08573372106979324	0.08575257930348246	0.08576305609997646	0.08580496328595251	0.08580915400455011	0.08582382151964173	0.08583010759753813	0.08583639367543455	0.08583848903473335	0.08583848903473335	0.08583848903473335	0.08583848903473335	0.08585734726842256	0.0858762055021118	0.08588039622070939	0.08588458693930699	0.0858971590950998	0.08590763589159382	0.08591601732878903	0.08592649412528304	0.08596001987406388	0.08750010895868354	0.08751477647377516	0.08752106255167155	0.08752525327026917	0.087548302222556	0.08759440012712963	0.08804909309496972	0.10788795493602951	0.1711300892924793	0.22915477899491146	0.28069014094895306	0.3359468610176674	0.38650578553846715	0.4646375430722057	0.5646909495900136	0.6522790636392468	0.7262180072160822	0.83403891065455	0.908013475339465	0.9664467601051636	1.0568531324112858	1.1981746403190043	1.3740884348906492	1.5163151380154498	1.5901053110820702	1.7215241509436492	1.7906186238216537	1.8557863933737027	2.136313096297349	2.3455137686897665	2.3862810792072633	2.5521706748934383	2.6905628705014313	2.729748184748332	2.775441684977313	2.8245527162226405	2.84407727416888	2.8547845601857595	2.8637904144520117
GB23_36_R1 - polya	0.0854707472768704	0.0876897543351317	0.0918315543946967	0.09533935243761563	0.09743883452552562	0.10018271210576442	0.10284344188054144	0.10508843262800956	0.10727106252138133	0.10931597886195703	0.12316268684026438	0.12673024736835897	0.1284581627006116	0.13316380881596435	0.13845148956954953	0.1401923967464056	0.14125772800388467	0.14190732023405483	0.14272840481298993	0.14334421824719124	0.1437703507501829	0.14440435276682898	0.14511110911325412	0.14639990009791173	0.1482889143032466	0.14891512121313066	0.14974659926774847	0.15010777254772306	0.15036760943979116	0.15086909464148252	0.15139656353238068	0.1520539508693129	0.15318683971872968	0.15344667661079775	0.15364675101769015	0.15389359606515485	0.15395595691925118	0.15407808025852315	0.15443145843173572	0.15472767248869332	0.1549875093807614	0.15525254301067082	0.155413641883753	0.15553576522302504	0.15563710161093158	0.15592292219220644	0.15608921780313	0.15615417702614703	0.1562347264626881	0.15642180902497715	0.15657771116021796	0.15667125244136249	0.15681676110092058	0.15692069585774782	0.15710518005111615	0.1572844675066431	0.1574351729040426	0.15765083752445908	0.15792886299897194	0.158001617328751	0.1580795683963714	0.15818869989104	0.15829783138570858	0.1583809791911704	0.15846412699663215	0.15857066012238005	0.15863042260755572	0.15869278346165205	0.1587785296360345	0.15886947254825834	0.15894222687803738	0.15899939099429236	0.15904876000378532	0.15912151433356436
GB23_36_R2 - polyg	0.09898226566440994	0.10866898500070754	0.1095212500066908	0.10957321738510441	0.1096563651905662	0.1098174640636484	0.10992659555831699	0.11007210421787511	0.11045666281813585	0.1105424089925183	0.11066713070071099	0.11072429481696595	0.11078145893322093	0.11087759858328611	0.11088799205896885	0.1108931887968102	0.1108931887968102	0.11097893497119266	0.11098932844687538	0.11100491866039947	0.11100751702932016	0.11101531213608219	0.11102310724284424	0.11102310724284424	0.11102570561176492	0.1110283039806856	0.11105168930097173	0.11109326320370261	0.11110105831046466	0.11111145178614737	0.1111478289510369	0.11115822242671963	0.11117381264024372	0.11119979632945051	0.11125955881462618	0.11318754855377125	0.11321093387405737	0.11321613061189874	0.11323691756326418	0.11329927841736051	0.11335124579577413	0.11391249348264115	0.13906990137267153	0.22380790861390998	0.3070674439392811	0.3790214760907706	0.44909428914368726	0.5130921156600524	0.6090628717453935	0.7494475477919296	0.8743511418090499	0.9521982746726432	1.0637488508063857	1.1417518858052198	1.191671749509337	1.2679000985353461	1.3727079073199222	1.513256280608461	1.6302920135337604	1.6927126301152726	1.8196845257932548	1.895382807559445	1.9527989655997262	2.1759468885077835	2.340839380214179	2.3799760128974716	2.5385492713887725	2.6735813074587065	2.7159684996617703	2.768089181841704	2.8235279811333474	2.842545443263809	2.8531026161885347	2.865418884872561
GB23_40_R1 - polya	0.04457342253058696	0.04599549888554304	0.0483124428004471	0.05037271927567616	0.051760110841486975	0.05308853826575083	0.054205388476228536	0.05572111376187685	0.05708422597528598	0.058143846283673986	0.08649519293101798	0.08882601076158016	0.09000529359251935	0.09292401859909385	0.09595200069147596	0.09687114760382562	0.09752148740029945	0.09789261464415383	0.09825680493017917	0.09854468868008492	0.09876320285170012	0.09911525346152461	0.09950719157886617	0.10015059441751094	0.10098996631482648	0.10122582288101431	0.10147902184177479	0.10162643219564219	0.10172528384470621	0.10193165834012058	0.10207386597561618	0.10240163723303898	0.10298260745122226	0.10310053573431618	0.10320112162283746	0.10327742815895706	0.10332945534267496	0.10341443307608088	0.10349420809111501	0.10358265430343544	0.10382544782745233	0.10401794840720859	0.10416015604270419	0.10426421041014	0.10438387293269119	0.10446191370826804	0.10451047241307143	0.10456423383624658	0.10460585558322091	0.10463186917507987	0.10464574309073797	0.10473418930305842	0.10480876159972075	0.10486945998072497	0.10498391978490437	0.10503594696862226	0.10507063175776754	0.10519029428031872	0.10526660081643832	0.10528394321101095	0.10531342528178443	0.10539320029681856	0.10542961932542108	0.10545563291728004	0.10548338074859626	0.1055527503268868	0.10559784055277564	0.10562905686300639	0.10566027317323713	0.10569322372292514	0.10574178242772853	0.10575392210392937	0.10576779601958747	0.10578166993524558
GB23_40_R2 - polyg	0.10521630787217767	0.11222610375843682	0.11289552018894053	0.11294754737265844	0.11301344847203446	0.11320768329124796	0.11328052134845304	0.11334295396891451	0.11348863008332466	0.1135337203092135	0.11358401325347414	0.113629103479363	0.11367592794470911	0.11372622088896976	0.11372968936788429	0.11373489208625608	0.11373489208625608	0.11379385622780304	0.11381813558020473	0.11384935189043546	0.11384935189043546	0.11385282036934999	0.11385802308772179	0.11386322580609358	0.11388403667958073	0.11388403667958073	0.11394126658167045	0.11399849648376013	0.11400543344158919	0.11400716768104645	0.11401237039941824	0.11401237039941824	0.11401237039941824	0.1140141046388755	0.11403491551236267	0.11474075097146892	0.11474768792929797	0.11475635912658429	0.11476676456332786	0.11480665207084492	0.11485174229673378	0.11549341089592127	0.13968605132474737	0.21500580519315926	0.2973093413559713	0.3654788259420857	0.43229907223044906	0.4984811183985395	0.6070271660286631	0.75038286804498	0.8551604133344701	0.9383570828177727	1.055055790136492	1.1324947846216802	1.1926954389016686	1.2814208637747275	1.4162493103796798	1.591050242235099	1.7340556278810486	1.8083313695961878	1.9563816578233173	2.0411165977052126	2.115581371521194	2.339874029007999	2.49284088609647	2.5346464624532645	2.697654565999292	2.832552382182535	2.873646920361851	2.921008999939718	2.974328192053285	2.9942285898253838	3.005237541900092	3.01669739623369
GB23_42_R1 - illumina_universal_adapter	0	0	0	0	0	0	0	0	0	0	0.000004458684491892774	0.000004458684491892774	0.000004458684491892774	0.000004458684491892774	0.000004458684491892774	0.000017834737967571097	0.00004012816042703497	0.00007802697860812355	0.00012261382352705128	0.0001738886951838182	0.00022516356684058512	0.00032994265240006524	0.00041242831550008163	0.00048376726737036594	0.0005662529304703823	0.0006465092513244523	0.000749058994637986	0.0008961955828704476	0.0010388734866110163	0.0011882394170894242	0.0013844215347327063	0.0015427048341948998	0.0017790151122652168	0.002028701443811212	0.0023474973849815454	0.0026841280641194502	0.0031322258555546737	0.003653891941106128	0.004266961058741385	0.005330357310057812	0.006556495545328325	0.007780404438352892	0.009160367288593704	0.011086518989091382	0.014180846026464968	0.018233790229595502	0.023234204887253244	0.029286869084997683	0.03608636293513416	0.04421677410610064	0.050010834603315305	0.05576030825561103	0.06255757276350156	0.0716666651804385	0.08244776428183523	0.09468016518534306	0.10815653906208897	0.12273643735057835	0.1348885819332321	0.1474174853554508	0.16107889463861025	0.17282084024800987	0.1821372614938198	0.1887784720444941	0.19474419189464665	0.2000054395950801	0.20600682892116778	0.21156903782480402	0.21631976615091578	0.22216287217754127	0.22814196808116946	0.2323242141345649	0.23731125273874695	0.24255020701672098
GB23_42_R1 - polya	0.06922553542112721	0.07147271240504116	0.0740453733568633	0.07702377459744766	0.0786690291749561	0.08055505271502675	0.08233406782729197	0.08429143031923289	0.08642268150635764	0.08755295802505246	0.09250878583779128	0.09544260023345671	0.0967868936077624	0.09917006046867907	0.10192775682691477	0.1034437095541583	0.10426187815842064	0.1046787651584126	0.1053230450674911	0.1057310146984993	0.1060676453776372	0.10644886290169403	0.1069616116182617	0.10806736537225112	0.10976389482141631	0.11069353053797595	0.11204228259677351	0.11309230279461427	0.11351364847909813	0.11379454560208738	0.11422703799780098	0.11461940223308753	0.11524584740419846	0.1154442588640877	0.1158098709924229	0.1159681542918851	0.11610637351113379	0.1162468220726284	0.11644077484802573	0.11668154381058796	0.11693345948437989	0.11710511883731776	0.11740830938276647	0.11765353702982058	0.11781627901377466	0.1181016348212558	0.11857425537739644	0.11869018117418564	0.11881279499771269	0.11896439027043705	0.11907139869824247	0.11929879160732901	0.11949720306721823	0.1196398809709588	0.11974243071427235	0.11985612716881561	0.11999657573031022	0.12024849140410217	0.12066314906184819	0.12077461617414552	0.12082812038804823	0.12092175276237797	0.12113799896023478	0.12129405291745102	0.12134978647359969	0.12145679490140511	0.12150138174632404	0.12154373924899702	0.12157717938268621	0.12167081175701597	0.12172877465541057	0.12178450821155923	0.12178673755380517	0.12182909505647815
GB23_42_R2 - illumina_universal_adapter	0	0	0	0	0	0	0	0	0	0	0.000004458684491892774	0.000004458684491892774	0.000004458684491892774	0.000004458684491892774	0.000017834737967571097	0.00004012816042703497	0.00006465092513244522	0.00010254974331353381	0.0001560539572162471	0.00020732882887301398	0.00026975041175951285	0.00037230015507304663	0.0004614738449109021	0.0005461888502568649	0.0006420505668325595	0.0007223068876866293	0.0008360033422298951	0.0010054333529218205	0.001163716652384014	0.0013130825828624219	0.0014869712780462402	0.0016742360267057365	0.0019372984117274105	0.002302910540062618	0.0026952747753491817	0.0031612073047519768	0.003807716556076429	0.0044297030426954705	0.005223348882252385	0.006424964352817487	0.007740276277925855	0.009004313331377457	0.010466761844718286	0.012493233946283553	0.015663358620019316	0.019892420860579612	0.02505111881769955	0.0312865890796116	0.03824659557145621	0.04659548228252544	0.052556743448186075	0.058613866330422405	0.0657745136244022	0.07522692474721489	0.08646280966678467	0.09942643482696291	0.11401302114219013	0.13107417735041782	0.14533082101324496	0.16089385923219668	0.17696295814097826	0.190778192039108	0.20157266719398043	0.20974766520986582	0.2178647003273566	0.22519031894753644	0.23355258171208132	0.24126610588305586	0.2481034985513734	0.256269579198275	0.26454266827298206	0.27029437126752376	0.27683972010162233	0.2836013151335777
GB23_42_R2 - polyg	0.1142805422117037	0.13140189066057195	0.13239171861777213	0.1324719749386262	0.13262802889584246	0.1328509631204371	0.13298472365519387	0.13324778604021556	0.13394334082095083	0.1342309259706779	0.1344516308530266	0.1345720153343077	0.13469017047334286	0.1348752058797564	0.1348841232487402	0.13489304061772397	0.13491533404018344	0.13543922946798084	0.13544591749471868	0.13547935762840788	0.13549273368188355	0.13550388039311329	0.13551056841985112	0.1355284031578187	0.1355484672380322	0.1355484672380322	0.1356086594786728	0.13566885171931334	0.13567553974605118	0.1356866864572809	0.13569783316851064	0.13570675053749442	0.1357156679064782	0.135724585275462	0.13575579606690524	0.13693734745725683	0.13694180614174872	0.13694849416848656	0.13696409956420819	0.13700422772463522	0.13712461220591632	0.1374991417032353	0.15119622046232992	0.2037016890388592	0.2554558692785046	0.2986672100316834	0.3388488746726211	0.38413573305677595	0.4417753768257198	0.548551953037568	0.6728444712758169	0.739541932590041	0.831934792631043	0.9086665233942717	0.9582693883665787	1.0298870080176066	1.1218785864543381	1.2539314450507264	1.3716919905083524	1.4288121975339907	1.5460399301948355	1.628316035123733	1.706028676475178	2.035364947784346	2.2636986392986667	2.2932886989291132	2.3984378553014203	2.5246699012936427	2.5678812420468216	2.606513513826826	2.6494930029864268	2.667983167574306	2.6786996157505705	2.689326890236997
GB23_47_R2 - polyg	0.12196088963705096	0.13182534236079707	0.13263051777542764	0.13270218260290784	0.1328117876331717	0.13305207558413473	0.13317011177057272	0.13333451931596849	0.13378137059319803	0.13398582613042098	0.1341186168401637	0.134194497245731	0.13428723996364655	0.1344453241419117	0.1344579708761729	0.13446007866521645	0.13446640203234705	0.13469404324904888	0.13470458219426656	0.13472566008470194	0.134729875662789	0.134729875662789	0.13473830681896315	0.13474041460800668	0.13474463018609373	0.13475516913131141	0.13484158848209638	0.13492379225479428	0.13493222341096842	0.13493222341096842	0.13494065456714255	0.13494065456714255	0.13494697793427315	0.13495962466853437	0.1350038882384486	0.13624748377413454	0.1362685616645699	0.13628120839883112	0.13628963955500528	0.13632547196874537	0.1363802744838773	0.13686295817484692	0.1544208409074976	0.2152242314463661	0.27652506019950895	0.33156786328239496	0.3840054391074711	0.43506030531998785	0.5041662769013427	0.6283993631273249	0.7439820831186374	0.8197086200857373	0.9236963925485611	1.0030989136075867	1.0582492139316932	1.1414014916991686	1.2334760404879295	1.3563601417260491	1.4705727988390636	1.5315195190328925	1.639533168568869	1.7081016539441223	1.7808962563516642	2.130156900865496	2.38070346110343	2.405048424556265	2.4960142763081263	2.607596412694809	2.645559801157926	2.6851019236146527	2.733408232914399	2.7516089913053277	2.762238571451878	2.77289976843408
GB23_49_R2 - polyg	0.1352629324837923	0.14421136147825006	0.14482635003462593	0.14486089995352344	0.14496109471832624	0.14511311436147534	0.14518912418304988	0.14525822402084493	0.14555880831525336	0.14564000062466254	0.14571255545434733	0.14575747034891412	0.14582311519481939	0.14588185005694518	0.14588530504883493	0.1458870325447798	0.14589567002450418	0.1460459621717084	0.14605114465954303	0.14605632714737765	0.14605632714737765	0.14605632714737765	0.14605632714737765	0.14605632714737765	0.14606323713115715	0.14606323713115715	0.1461012420419444	0.1461461569365112	0.14614788443245608	0.14615652191218045	0.14616343189595996	0.14616861438379458	0.14617379687162924	0.1461824343513536	0.14624289670942425	0.14847482147020408	0.14849555142154258	0.14849555142154258	0.14850591639721183	0.14856119626744788	0.14864066108091217	0.14916063736031987	0.16791260584194906	0.2314654541579929	0.2889824316426399	0.33762698995440377	0.38810442146368107	0.43378459673403763	0.511207509991491	0.6192813837988798	0.7115417597268732	0.7845388283735543	0.8862019647295081	0.9589019040736704	1.0268270446261956	1.1225838723466182	1.2210632336761653	1.4046597752016439	1.5670478490118793	1.6250260679138082	1.769297891750129	1.8551060703240105	1.9118992270077544	2.1048536140666263	2.2440206873858384	2.292665245697602	2.5302218505572283	2.711235785645117	2.757159537843701	2.801956962686226	2.850273296768463	2.87107580293666	2.882392628871543	2.8933432256661122
GB23_50_R2 - polyg	0.11456985916465605	0.12219726617712953	0.12261219134573619	0.12266270397495786	0.12272764878395716	0.12290805103117744	0.12312814177278618	0.12327607161550681	0.12361161979533654	0.12381547433469545	0.12393814786280524	0.12399948462686014	0.12408788172799808	0.12428632419994039	0.12430797246960681	0.12434224889657867	0.1243602891213007	0.12592978867211713	0.12594602487436696	0.12598030130133883	0.12598932141369984	0.12601096968336628	0.12601818577325508	0.12603622599797712	0.12605065817775474	0.12606148231258796	0.12613183918900386	0.12620039204294758	0.12620760813283638	0.12622023629014179	0.1262274523800306	0.1262274523800306	0.1262274523800306	0.12624008053733604	0.12626353282947467	0.12695266941385613	0.12695627745880056	0.12695988550374496	0.12696349354868935	0.12698874986330022	0.12701761422285546	0.12735316240268515	0.1397792691912181	0.18439996101868242	0.22812766172240634	0.26564952512175255	0.3046633151056105	0.343859311359161	0.3965241393901776	0.48679020780931737	0.5725931246322274	0.6355805692491885	0.7097980537556121	0.7713368683273945	0.8159539521099144	0.9097649246869326	1.0034676559156188	1.1509771614002258	1.2879042710628914	1.3479403349153287	1.4716078794073035	1.569679953063665	1.6290990412306088	1.900065020577943	2.1038022984761673	2.1395941043246713	2.2842063497189207	2.459216373769787	2.5192794979593076	2.5663825247085232	2.620192907009389	2.6421135840691248	2.6522846627674044	2.663837622679391
GB23_52_R2 - polyg	0.154449609822832	0.17036552159617163	0.17135933901351902	0.17142237967058957	0.17158925199812924	0.17182658153063013	0.17197120421449782	0.1721788675554361	0.1727499417430163	0.1729613133578999	0.17313560223333024	0.1732079135752641	0.1732876414650886	0.17343226414895632	0.1734470972447376	0.17345636792960095	0.1734730551623549	0.17373078020155508	0.1737400508864184	0.17375488398219968	0.17376786294100832	0.17377157121495368	0.17377713362587166	0.17378269603678964	0.17378825844770762	0.17378825844770762	0.17382904946110622	0.17387169461147745	0.1738754028854228	0.17388652770725876	0.17389209011817675	0.17389394425514942	0.17390136080304008	0.17390692321395806	0.17392917285763002	0.17483399170028957	0.1748376999742349	0.17484511652212556	0.17485253307001622	0.17487663685066085	0.17494709405562203	0.17526971388886542	0.18990997942501284	0.24265461388635862	0.2891767646674472	0.3271865726070397	0.37028969481053764	0.4135244607390946	0.4735632700508968	0.5661329125480722	0.6588731356467326	0.7309100653086374	0.8322683170562357	0.9083899104689171	0.966554187301357	1.0735675568155776	1.1796482954325485	1.3115219334762354	1.425286215707922	1.4794455566794098	1.603871126503909	1.6833487078371108	1.740932639797107	2.0210278415724505	2.228086733857624	2.2665211391639564	2.4333341343205053	2.6111792444643998	2.6629115201386715	2.707229102059264	2.7618556855478626	2.783439694046633	2.7955212505605056	2.8079958841125827
GB23_56_R2 - polyg	0.10434749260340846	0.11519845875674097	0.11608954641382337	0.11620234231978316	0.11632077802104095	0.11643921372229873	0.11658020860474848	0.11670992389660224	0.11700319325209772	0.11714136823689847	0.1172372447569643	0.11727954322169923	0.11735286056057309	0.1174684763641819	0.11747129626183088	0.11747129626183088	0.11747975595477786	0.11773354674318741	0.1177363666408364	0.11775610592437938	0.11776738551497534	0.11778148500322033	0.11778712479851831	0.1177899446961673	0.1177927645938163	0.11779840438911429	0.1178491625467962	0.1178999207044781	0.1179055604997761	0.1179055604997761	0.11791402019272308	0.11792529978331906	0.11793093957861706	0.11793657937391505	0.11797887783864996	0.12017839800486602	0.12020941687900497	0.12022069646960093	0.12023479595784592	0.12031657298966678	0.12039553012383862	0.12089183211006174	0.1408849064414358	0.2117799532348174	0.27737923224338645	0.3355734600256949	0.39703312928553947	0.4544744443955662	0.5245066025083553	0.6496931387378364	0.7627146365095532	0.842416223660746	0.9400805588360365	1.0276017221678921	1.0834977333662699	1.171283967077131	1.26533319346641	1.4399215166086332	1.594189657292199	1.6341250477972653	1.7420199716431093	1.8197701896211975	1.8625818757282386	2.0269170510187164	2.152817021353393	2.1865740161095113	2.3462507204838494	2.495995745338427	2.5413509791248616	2.580756228871917	2.6244138842736566	2.6446099912357584	2.654524751369624	2.6636894187288576
GB23_57_R2 - polyg	0.0923218228497846	0.1002220058173104	0.10095152721746481	0.10100846547308662	0.10109387285651933	0.10118283888092841	0.10121486664971567	0.1012789221872902	0.10144617831317927	0.10149066132538381	0.10156005482442289	0.10160275851613923	0.10166681405371378	0.10172197298884739	0.10172909027080013	0.10173798687324102	0.10174332483470558	0.10175044211665829	0.10175400075763466	0.10176823532154011	0.1017700146420283	0.10177357328300465	0.10177357328300465	0.10177713192398102	0.10177713192398102	0.10177713192398102	0.10178424920593375	0.10179314580837465	0.10179492512886283	0.10180204241081556	0.10180915969276828	0.10182161493618555	0.10183229085911465	0.10185186338448465	0.10188389115327191	0.10287141402421264	0.10288031062665355	0.10288031062665355	0.10288920722909445	0.10292123499788172	0.1029710559715508	0.1035867008604616	0.1263637824296728	0.19829459248489756	0.2569854787875639	0.31069604704381026	0.3724153368173615	0.4422483280170203	0.582964109504365	0.7066749250861591	0.811558750582505	0.9016617607835273	1.0462457850121787	1.1362420359839098	1.2110606831914534	1.3311238917724755	1.4554325590382986	1.6542769615540442	1.824887106563326	1.902945896379848	2.054165006708928	2.139675590729954	2.177941657148785	2.2659112620844777	2.3205257251487197	2.378969285903529	2.6651053722489704	2.835211969560097	2.877456596590502	2.92124389448416	2.9722979372515512	2.990464799435884	3.0007190234092738	3.010994599228522
GB23_58_R2 - polyg	0.10900758165369488	0.12463640325040072	0.12578343656304672	0.12582285351537134	0.12594898776281008	0.1260751220102488	0.12617366439106031	0.12623278981954722	0.12647717492395977	0.1265441837429116	0.12661316340947965	0.12665060951418802	0.12667820138081526	0.12671761833313985	0.12672353087598853	0.12672747257122102	0.1267333851140697	0.1268516359710435	0.12685557766627598	0.12685951936150844	0.1268634610567409	0.1268693735995896	0.1268752861424383	0.12687725699005453	0.12687922783767075	0.12687922783767075	0.12689696546621682	0.1269166739423791	0.12691864478999534	0.1269206156376116	0.12692652818046027	0.12692652818046027	0.12693244072330895	0.12693835326615766	0.12696594513278486	0.12824108354048586	0.12824896693095078	0.128250937778567	0.12828838388327535	0.12835342185461096	0.12845787677827117	0.12895255952994494	0.151396572183575	0.231259259288457	0.3018609334446731	0.36465608019300116	0.4370315172038245	0.5023434363580785	0.6060376128384166	0.7138587442271409	0.806116091990495	0.8735624391131265	0.9671264588460411	1.0464451920088436	1.1054503987911608	1.2179976227636051	1.345135031639002	1.5320344527813488	1.707794643196762	1.799803664160471	1.951121402439397	2.037176492754474	2.0749004869767376	2.169187807784809	2.237826517715259	2.2890488472610837	2.5189363966086447	2.68312574066917	2.731070550629203	2.79233434877972	2.8676167860244828	2.89164141846633	2.9038823530107356	2.9190815298271033
GB23_59_R2 - polyg	0.0707358771259039	0.08129899183906909	0.0820439585868361	0.08210047330563222	0.08220836504151571	0.08227001746202056	0.08233166988252542	0.08239332230303027	0.0825320402491662	0.08258855496796232	0.08263993198504971	0.08265791394103028	0.08268874015128272	0.08273241061580698	0.08273497946666135	0.08274268601922445	0.08274525487007883	0.08275296142264194	0.08275809912435067	0.0827632368260594	0.0827632368260594	0.0827632368260594	0.0827632368260594	0.0827632368260594	0.0827632368260594	0.0827632368260594	0.08276580567691377	0.08276837452776815	0.08276837452776815	0.08276837452776815	0.08277351222947689	0.08278635648374873	0.08279149418545748	0.08279920073802058	0.08287626626365163	0.08510089110353516	0.08511630420866138	0.08512144191037012	0.0851651123748944	0.08533722538213712	0.08552988919621479	0.08650091481916625	0.1251312939671668	0.26727608714281925	0.45724003897255006	0.6069269782566298	0.7322175409767675	0.85734626609308	1.0232966001361696	1.1416153016375499	1.2365292030047745	1.338494599967242	1.4751471900162536	1.5711168890846239	1.6476069921243144	1.72611107423383	1.8123628105201224	1.9539835581214837	2.112273578916845	2.2203913736755263	2.3608227433313145	2.4554874661656654	2.487672598520054	2.536098005975764	2.580664999448211	2.6604124053712415	2.9985091417181584	3.149403440903791	3.1779947509129185	3.2058231122182974	3.239277256894744	3.251561501680337	3.2597895309668807	3.2733838896882013
GB24_01_R2 - polyg	0.14312768407975068	0.15165818467113482	0.1523378364036455	0.15242497124114687	0.15255567349739893	0.15272122968865154	0.15279093755865264	0.1529042128474044	0.15333117355116113	0.15350544322616388	0.15356643761241484	0.15361436177304058	0.1536971398686669	0.15376684773866797	0.1537799179642932	0.15378427470616826	0.15378427470616826	0.15382784212491896	0.15384091235054415	0.1538496258342943	0.15385398257616936	0.15387140954366962	0.15388012302741977	0.15388012302741977	0.1538888365111699	0.1538888365111699	0.1539062634786702	0.15392369044617046	0.15392369044617046	0.15392369044617046	0.15394983089742087	0.15397597134867128	0.15397597134867128	0.1540151820255469	0.15414152753992388	0.15865946886436993	0.15872481999249594	0.15876838741124663	0.15880324134624718	0.15888166269999843	0.15894701382812443	0.15955260094875895	0.18431196502477332	0.2711026199180131	0.3412374506228659	0.399622148490659	0.45988895884848174	0.518918454513785	0.5988646679212921	0.6865833088339215	0.7786717618472446	0.8587486775110038	0.9830073125298329	1.068617290374929	1.1425511999948417	1.2569940955691412	1.3703783028677992	1.554084680771938	1.6983102638042058	1.7602152091070544	1.8978533984242187	1.9793767523905008	2.0287691350281523	2.185825322882497	2.2915939453835357	2.3434696708899763	2.5863101062644196	2.7656771692609903	2.8096497650060566	2.8517881724217196	2.9022348865931376	2.9212259244265613	2.9303402284292046	2.940591642061241
GB24_02_R2 - polyg	0.12109492451780456	0.12835294238080128	0.12910879991962912	0.12918617116376113	0.12930520384704108	0.12940935744491108	0.12948672868904307	0.12959980973815904	0.129870609092621	0.12993458915988398	0.13001939994672096	0.13005064602608196	0.13011462609334495	0.13018753361185392	0.13019199733747694	0.13019497315455894	0.13020241269726396	0.13026192903890393	0.13026936858160892	0.13029168720972392	0.1302931751182649	0.1302931751182649	0.1302931751182649	0.1302961509353469	0.1302991267524289	0.1302991267524289	0.1303095421122159	0.13031995747200292	0.13031995747200292	0.13032293328908492	0.1303273970147079	0.13033186074033093	0.13033334864887192	0.13033930028303592	0.13035566727698691	0.13068151924746585	0.13068300715600686	0.13068300715600686	0.13069193460725287	0.13073954768056484	0.1308184068332378	0.13136149345070275	0.15324862808880885	0.22458937890412323	0.29302722015594707	0.3621554509707948	0.4427078435634386	0.5342469528228244	0.705646577203289	0.8724857619055895	1.0405703260567067	1.1595821786171117	1.3230810086448677	1.4333171766304562	1.59270491535943	1.7283024844263588	1.8658030885172265	2.065496781713342	2.2230424896685586	2.3058832855972593	2.4761163896815805	2.566591644334151	2.615165906563629	2.744050032293567	2.8302311828968127	2.8869948937359524	3.130979160472007	3.298541468725234	3.3379278957140377	3.3858876517160823	3.4404388425547556	3.462982144859443	3.476751250497854	3.487903125012647
GB24_04_R2 - polyg	0.10239126624646779	0.11266659610585229	0.11348116888745118	0.11355570495897002	0.11365153705092283	0.11374736914287564	0.11379528518885204	0.11392838531656428	0.11423717761285666	0.11433833370991796	0.11442617979420804	0.11448740585295566	0.11456460392702876	0.11470835206495797	0.11472166207772919	0.11474029609560892	0.11475893011348862	0.1147988601518023	0.11480684615946501	0.11483080418245323	0.11483346618500748	0.11483346618500748	0.11483879019011597	0.11484411419522446	0.11485742420799568	0.11486807221821266	0.11493462228206877	0.11499318633826215	0.11499318633826215	0.11499851034337065	0.11500383434847913	0.11500383434847913	0.11500383434847913	0.11501182035614187	0.11507038441233525	0.11669686797297876	0.11671017798574998	0.11672082599596696	0.11673413600873819	0.11679536206748581	0.11686457413389617	0.11743690468305878	0.1394649758194336	0.21835608351702926	0.2916330278277228	0.3562877458652179	0.4265539652870608	0.49212973620832445	0.578602227180409	0.7111326863460352	0.8444936903085858	0.9410445229510407	1.0671702039711541	1.1535335528385147	1.2245105269423409	1.320497015043296	1.4277251399308262	1.5852092110399423	1.7156287021800523	1.7721350303990044	1.9056637405224723	1.9923944457423186	2.0527047756112866	2.2308592965541125	2.3530665098143775	2.3934251305392813	2.5640435222510405	2.7114971677357627	2.75631730474158	2.803040773573683	2.854007474477252	2.8750532666711104	2.8863374954985535	2.897973108663157
GB24_05_R2 - polyg	0.14449042313193458	0.15650078164829953	0.1573922065348687	0.15747577761798456	0.15760710360573804	0.1577304704427186	0.15783393940276683	0.15799710199361205	0.15836720250455372	0.15846470210152225	0.15858209957542307	0.15863781363083365	0.15870148683701718	0.15876516004320068	0.15878505792013303	0.1587890374955195	0.1587890374955195	0.1588009762216789	0.1588009762216789	0.15882684346169096	0.15885072091400976	0.15885669027708949	0.15886066985247593	0.1588646494278624	0.1588646494278624	0.1588646494278624	0.15886862900324888	0.15887260857863536	0.15887260857863536	0.15887857794171506	0.15890046560634064	0.1589084247571136	0.15891638390788654	0.15892832263404594	0.15896413881252414	0.1607648966749016	0.1607708660379813	0.16078479455183395	0.16080867200415278	0.16085841669648362	0.1609141307518942	0.16132004744131412	0.1800061436684816	0.2469246935796595	0.30102304138332586	0.3504274800186514	0.4096176945293056	0.4704037187699339	0.5825202961329392	0.7023612293210817	0.8057903936154239	0.910590521630405	1.0627953516490107	1.1565123622126743	1.2460846450113297	1.3664250149104742	1.5015117014041812	1.665880103591531	1.802415355525913	1.8833300720713042	2.0414067655726456	2.1298667570507828	2.1866572876033956	2.3228323879653026	2.4055319440715253	2.4575270862834424	2.6809484076306127	2.836929854690978	2.881910995284243	2.933667362972972	2.9902270781531697	3.0106840854273162	3.021373224915373	3.034989342100179
GB24_14_R2 - polyg	0.25631496278463906	0.3933244397357067	0.3976348762153582	0.3979642259195675	0.3984553614433884	0.39915450730670987	0.4002176712641574	0.4006452480731309	0.40160440686082816	0.4021157656121005	0.40273979663060233	0.40322515408943704	0.4033407153891596	0.4035227244362226	0.40355739282613945	0.40357183798860474	0.4035805050860839	0.4036787321908481	0.4036787321908481	0.40368162122334117	0.4036902883208204	0.40369606638580646	0.40370762251577874	0.40370762251577874	0.4037134005807649	0.4037134005807649	0.40372206767824403	0.4037422909056955	0.40374806897068166	0.40375384703566775	0.40376251413314695	0.40377407026311923	0.4037885154255845	0.4038145167180221	0.40385207414043195	0.4054294858816449	0.40544682007660326	0.40544682007660326	0.40545837620657554	0.40550171169397153	0.4056201620261871	0.40608818529006346	0.4234397144434059	0.48573014402635906	0.5394603703323635	0.5880683420281656	0.6363267407923068	0.6852727292897972	0.7608758206007893	0.8762464441788076	0.9867894944609158	1.0669948145333588	1.1706821907094263	1.2439827231234464	1.2993799211779486	1.4105730037709963	1.5241755394632595	1.6853402170888352	1.8263596711402759	1.894428165709357	2.057404266708084	2.148816143821122	2.2009227338660247	2.4023085218600375	2.5450180599199204	2.5878392995321153	2.76846450003097	2.926942377437997	2.9750736587724433	3.0275211546515273	3.086006728441115	3.109465672284795	3.1214609351959965	3.1341900123604365
GB24_20_R2 - polyg	0.119530708824268	0.12901196584789126	0.1297672423047479	0.12983590380082577	0.12993143283884717	0.13010159393782278	0.13017921128121515	0.13022100523534952	0.13044490141821216	0.13048371008990833	0.1305538642272053	0.130601628746216	0.13062700364694044	0.13065387118888394	0.13066282703619847	0.13066431967741754	0.13067029024229387	0.1306941725017992	0.13070611363155188	0.13071059155520914	0.1307180547613046	0.1307255179674	0.13072850324983817	0.13073745909715268	0.13074492230324808	0.1307508928681244	0.13076731192153435	0.1307822383337252	0.13078373097494428	0.13078522361616338	0.13078671625738247	0.1307897015398206	0.1307911941810397	0.1307911941810397	0.1308001500283542	0.1311031561958283	0.1311046488370474	0.1311046488370474	0.1311136046843619	0.13115092071483903	0.13119420731019246	0.1314658680120658	0.14477724240385928	0.19190738889644499	0.23222810614756825	0.2714517321026646	0.317125060765424	0.3661433984001513	0.47034169662198577	0.5690425972339328	0.669515262972933	0.7471475327775056	0.8611674102209145	0.9424059012107948	1.0392201033218194	1.171608423607279	1.3093045760678028	1.5133098220449257	1.6833843478298252	1.7635406739358692	1.9510268595413867	2.0525025801796115	2.1051838593659715	2.2489356572523196	2.3493187645181752	2.412632127108072	2.6862735638791335	2.8855546003978545	2.9352729867643323	2.994595026734398	3.0619564323104522	3.0904434899766757	3.105777393220328	3.1197052284356035
GB24_21_R2 - polyg	0.13199249760375503	0.14356373374772716	0.14448322310075692	0.14453496925482354	0.14468622724363364	0.1448772899663411	0.14502854795515122	0.14519572783752027	0.14561765801683263	0.1457370722185248	0.14586643760369133	0.14593012517792717	0.1460375979594501	0.1461590023978372	0.14616696334461665	0.14618686571156536	0.14620278760512428	0.14630229943986778	0.1463082701499524	0.14631822133342673	0.14632419204351135	0.14632817251690108	0.14633215299029084	0.14633613346368057	0.1463401139370703	0.14634210417376517	0.14635603583062926	0.14638190890766256	0.14638190890766256	0.14638389914435745	0.1463998210379164	0.146405791748001	0.146405791748001	0.14640977222139073	0.14642171364155995	0.1469053411584133	0.14691529234188763	0.14691529234188763	0.14693519470883634	0.14695907754917475	0.14701082370324137	0.14734120299458975	0.16488712969656055	0.2290583314492426	0.2813358787133836	0.33197745141434176	0.3856481643648916	0.4505458025112011	0.5552422038448188	0.680591291361099	0.8165264478573908	0.9132519512280557	1.0556772695863175	1.1546437794754056	1.2321475768470194	1.3402273805619154	1.4544669668474333	1.6311880439316888	1.7733466705728378	1.8457017256148238	1.997618482770919	2.085419764801788	2.1314400078972593	2.2879900360790106	2.400894173542271	2.4425100228319954	2.6267183703623505	2.781604560667191	2.825168851681193	2.873941592125668	2.9275924027092692	2.950693080026621	2.9627817777112595	2.972908102014756
GB24_29_R2 - polyg	0.16676174961175	0.1735885478642443	0.17420319164801926	0.17422638575306737	0.17433849059413323	0.17455110322374093	0.17462841690723463	0.17479077564257142	0.175324240058678	0.17550399437280084	0.17565862173978827	0.17569921142362246	0.1757591295283301	0.17586157015895926	0.17587510005357065	0.1758808985798327	0.17588862994818205	0.17595241373706436	0.1759717421579378	0.17600073478924794	0.1760084661575973	0.17601233184177198	0.17601619752594666	0.17601619752594666	0.17601619752594666	0.17601619752594666	0.17604712299934416	0.17608771268317835	0.176091578367353	0.17609351120944036	0.17609930973570243	0.17610124257778975	0.17610124257778975	0.1761070411040518	0.17615729499832267	0.17760692656382968	0.17760885940591703	0.1776127250900917	0.1776262549847031	0.17767650887897402	0.17772869561533228	0.17815005519037297	0.1980467316374783	0.2668887682623618	0.3252683306684595	0.37479354347244054	0.428998166969878	0.48303076752154206	0.552077685407684	0.6597389225147574	0.7738287924043327	0.8597745486601114	0.9856818150716995	1.0707481281777373	1.133091949704975	1.2351228178116191	1.3501288548505948	1.474553631381191	1.5657663823249788	1.6205933809745405	1.749098387151517	1.832991465110538	1.8997170396497816	2.1369424803976953	2.2981821001659073	2.333935813097572	2.4890579876593444	2.651061080052057	2.695483589745453	2.74085125921956	2.7890582737199736	2.8084002244880115	2.8180702334509866	2.827417457785376
GB24_32_R2 - polyg	0.1435598569416084	0.15115644034740713	0.15175002478944863	0.15176299931277193	0.15185706460686593	0.15205492608754645	0.15212628596582464	0.15222035125991865	0.15251227803469317	0.15258850335921761	0.15266310686832665	0.15271013951537366	0.15273122311577403	0.15277014668574396	0.1527717685011594	0.15277825576282103	0.1527863648398981	0.152911244626885	0.15291611007313122	0.15292746278103914	0.15292746278103914	0.15293395004270077	0.15294043730436244	0.15294368093519325	0.1529469245660241	0.1529469245660241	0.1529615209047628	0.1529728736126707	0.1529728736126707	0.1529744954280861	0.15298422632057862	0.1529955790284865	0.153005309920979	0.15301341899805607	0.15302477170596396	0.15341725103649412	0.15342373829815578	0.15342373829815578	0.1534383346368945	0.15352429085391145	0.15362159977883627	0.1541373370809379	0.17210218643747777	0.22970258273131816	0.27805863115729923	0.3259265131432408	0.37422093258343614	0.4322559754086075	0.5296768055971055	0.6315770899629769	0.7482034583008065	0.8323594602066342	0.9636227126685744	1.0499519472310568	1.1246024889871435	1.2370624135227748	1.3550721904099525	1.5175845822960878	1.6568482502022648	1.7286184477805764	1.8914470936727175	1.9863330263669237	2.0368444674799897	2.1669497437353247	2.253776875630339	2.2935421678008723	2.4694491332029114	2.629326075038999	2.672466365089009	2.7181788543878653	2.773442214668094	2.797926761994598	2.8114154008045955	2.8225167273231038
GB24_33_R1 - polya	0.07291947936576934	0.0750823452791608	0.07863939305310078	0.08072689778484096	0.08239991601749917	0.08473611264868855	0.08683115349859387	0.08904677223914123	0.09021487055473591	0.09110790055730347	0.09634927074114934	0.09849329635912799	0.09970661138371344	0.10275497118150734	0.10536246806664129	0.1058673879837048	0.10645143714150215	0.1069940376493913	0.10739345191214303	0.10779663423397734	0.10824126520571983	0.10859169470039823	0.10914936744461763	0.10980124166590113	0.11090151491800967	0.11165135867543982	0.1126235179187412	0.1133469852625934	0.11362205357562052	0.1139159621840605	0.11428523197415172	0.11490319366369214	0.11550231505781974	0.11582260007983763	0.1160449155657089	0.11616172539726835	0.11632375193781858	0.11647070624203856	0.11665157307800161	0.11682490379579953	0.1170660595770836	0.11725823059029433	0.11743909742625738	0.11756721143506454	0.11776315050735786	0.1180683632930455	0.11829067877891675	0.11844893726038441	0.11860719574185208	0.1187503819869895	0.1188747279367141	0.11905182671359457	0.11932689502662172	0.11949645768533707	0.11965094810772217	0.11977152599836421	0.12005036237047391	0.12029151815175798	0.12057789064203281	0.12084165477781225	0.12097353684570197	0.12110165085450914	0.12122222874515118	0.12132773439946296	0.12140686364019679	0.12152744153083882	0.12163294718515058	0.12179120566661826	0.1218590307301044	0.12192685579359054	0.12194946414808593	0.12201728921157207	0.12209265039322334	0.12218685187028742
GB24_33_R2 - polyg	0.11292119458626372	0.11772923797561478	0.11840748861047622	0.11842256084680647	0.11852053038295313	0.11868632498258591	0.11876922228240232	0.11894255300020024	0.1192364616086402	0.11931559084937403	0.11938718397194273	0.11942109650368579	0.11951906603983245	0.11961703557597911	0.11963210781230936	0.11963587587139192	0.11963587587139192	0.11965094810772217	0.119669788403135	0.11969616481671294	0.11969616481671294	0.11969616481671294	0.11969616481671294	0.11969616481671294	0.11969616481671294	0.11969616481671294	0.11971123705304319	0.119730077348456	0.1197413815257037	0.11974891764386883	0.1197639898801991	0.11978283017561189	0.11978659823469447	0.11982051076643754	0.11997876924790521	0.12461348191945834	0.12463232221487115	0.12466246668753167	0.12471145145560499	0.12486217381890753	0.12499782394587983	0.12631664462477704	0.17688399751277956	0.3184311369492784	0.42737326114435503	0.5188692717871626	0.6159457779312466	0.7039789422771783	0.7927506462032924	0.8950120016449838	0.9895526040265028	1.0774877988362879	1.1923570799682368	1.2664295854132706	1.3502048429959055	1.427031799630293	1.5484575035659027	1.6981850992706469	1.7718205098621034	1.8345360852322905	1.948712043493048	2.03408495812669	2.0971848755232987	2.209574773778921	2.2699842969905792	2.3432730461464395	2.6818105463602775	2.8616411660756214	2.9008817333614383	2.9372623438035887	2.974347581294179	2.9940997470049773	3.008086782319453	3.017729245511733
GB24_37_R2 - polyg	0.09508794806904156	0.10124695471822283	0.10184332512423076	0.10189215077150626	0.10196887678865348	0.1020351401670988	0.10210489109177809	0.10218510465515927	0.10245713326140851	0.10251467777426893	0.10261407284193691	0.10265941094297845	0.10269079885908412	0.10271521168272188	0.10272567432142377	0.10273962450635962	0.10274136827947661	0.10275357469129548	0.10275531846441247	0.10276054978376341	0.10276403732999738	0.10276752487623135	0.10276752487623135	0.10276752487623135	0.10276752487623135	0.10276752487623135	0.1027727561955823	0.10277798751493325	0.10278496260740116	0.10278496260740116	0.10278670638051815	0.10278845015363514	0.10278845015363514	0.1027919376998691	0.10281111920415589	0.10360802351861678	0.10361151106485075	0.10361325483796774	0.10362546124978661	0.10367254312394512	0.10372660009057158	0.10419916260527376	0.126364262695235	0.20410689956965422	0.26729426223662267	0.3269121213331285	0.3926209799272533	0.45989749055354506	0.5554091754900133	0.6785910522467558	0.8173082037026929	0.9144503165035396	1.063841103208525	1.1631332882626109	1.242734787279733	1.3368148344871589	1.4548804809186755	1.6633084502722117	1.8226544377020488	1.8907365715083864	2.054780283715374	2.152930297377836	2.200245837134032	2.3056516907362576	2.376298914797676	2.423729543579593	2.6400602926992924	2.788216488037455	2.8240981074655984	2.8700709419217185	2.9222725339516984	2.942829875227802	2.9549665361219986	2.9645764697696877
GB24_39_R2 - polyg	0.10978416483630013	0.11652588766927965	0.11733287693607022	0.1173749076270489	0.11742534445622331	0.1175178119763764	0.11760187335833375	0.11767752860209536	0.1178288390896186	0.11789608819518448	0.11794652502435889	0.11798435264623969	0.11798855571533756	0.11800116492263116	0.11800536799172903	0.1180095710608269	0.1180221802681205	0.11807261709729491	0.11807682016639279	0.11809783551188212	0.11812305392646932	0.11813146006466506	0.11813146006466506	0.11813146006466506	0.1181398662028608	0.11814827234105653	0.11815247541015439	0.11816088154835014	0.118165084617448	0.11816928768654586	0.11818189689383947	0.11818189689383947	0.11818189689383947	0.11818189689383947	0.11819450610113308	0.11912758744085966	0.11913179050995754	0.11913179050995754	0.11913179050995754	0.11913599357905541	0.11914439971725113	0.11939658386312318	0.13171157631987507	0.174994781889715	0.20491222772833614	0.23527940196042912	0.26592397875298135	0.29743438777969433	0.34712307065468434	0.40063234333963593	0.4575755234775454	0.5047507710320106	0.5779976562005482	0.6310950281139089	0.6803886224936995	0.7489616948254083	0.8397311750629557	1.0244812803288212	1.167629407663994	1.232070863072499	1.3822717403538933	1.472902519311211	1.521288250765862	1.6259278590263726	1.696926102227551	1.7433111727916173	1.9621313561647968	2.1349489482618162	2.176475270948748	2.2359024649234973	2.306396339832931	2.33665423426848	2.350478128531366	2.36259137367142
